latitude,longitude,elevation,utc_offset_seconds,timezone,timezone_abbreviation
10.800003,106.600006,6.0,0,GMT,GMT

time,pm10 (μg/m³),pm2_5 (μg/m³),uv_index (),ozone (μg/m³),carbon_monoxide (μg/m³),carbon_dioxide (ppm)
2024-01-01T00:00,52.3,35.9,0.35,16.0,664.0,NaN
2024-01-01T01:00,55.4,37.7,1.65,39.0,605.0,NaN
2024-01-01T02:00,55.3,37.3,3.90,71.0,522.0,NaN
2024-01-01T03:00,56.3,37.8,6.00,99.0,450.0,NaN
2024-01-01T04:00,56.8,37.8,7.15,117.0,401.0,NaN
2024-01-01T05:00,52.7,34.8,7.65,131.0,363.0,NaN
2024-01-01T06:00,49.5,32.4,6.45,139.0,338.0,NaN
2024-01-01T07:00,48.3,31.4,4.40,141.0,307.0,NaN
2024-01-01T08:00,48.0,31.1,2.30,138.0,290.0,NaN
2024-01-01T09:00,49.9,32.1,0.80,126.0,342.0,NaN
2024-01-01T10:00,55.2,35.7,0.10,99.0,535.0,NaN
2024-01-01T11:00,60.5,39.5,0.00,64.0,798.0,NaN
2024-01-01T12:00,91.0,61.2,0.00,42.0,1317.0,NaN
2024-01-01T13:00,89.4,60.1,0.00,38.0,1216.0,NaN
2024-01-01T14:00,76.8,51.9,0.00,31.0,1073.0,NaN
2024-01-01T15:00,67.5,45.4,0.00,26.0,942.0,NaN
2024-01-01T16:00,58.3,38.9,0.00,23.0,827.0,NaN
2024-01-01T17:00,49.8,33.1,0.00,22.0,724.0,NaN
2024-01-01T18:00,46.8,31.1,0.00,19.0,671.0,NaN
2024-01-01T19:00,48.8,32.7,0.00,14.0,699.0,NaN
2024-01-01T20:00,55.3,37.6,0.00,9.0,777.0,NaN
2024-01-01T21:00,61.7,42.1,0.00,5.0,852.0,NaN
2024-01-01T22:00,64.5,44.4,0.00,3.0,922.0,NaN
2024-01-01T23:00,66.8,46.0,0.00,2.0,988.0,NaN
2024-01-02T00:00,73.6,50.5,0.30,13.0,1015.0,NaN
2024-01-02T01:00,74.0,50.2,1.45,35.0,884.0,NaN
2024-01-02T02:00,78.0,51.8,3.25,65.0,702.0,NaN
2024-01-02T03:00,87.3,58.1,5.00,93.0,558.0,NaN
2024-01-02T04:00,79.9,53.3,6.15,115.0,491.0,NaN
2024-01-02T05:00,73.3,49.0,5.55,134.0,462.0,NaN
2024-01-02T06:00,72.4,48.2,5.10,146.0,440.0,NaN
2024-01-02T07:00,68.0,45.1,4.00,150.0,401.0,NaN
2024-01-02T08:00,64.0,42.3,2.15,147.0,369.0,NaN
2024-01-02T09:00,60.1,39.6,0.65,135.0,384.0,NaN
2024-01-02T10:00,62.2,40.7,0.10,107.0,492.0,NaN
2024-01-02T11:00,63.6,41.7,0.00,70.0,647.0,NaN
2024-01-02T12:00,74.3,49.4,0.00,64.0,723.0,NaN
2024-01-02T13:00,63.1,41.3,0.00,57.0,662.0,NaN
2024-01-02T14:00,50.9,32.7,0.00,47.0,577.0,NaN
2024-01-02T15:00,42.5,27.2,0.00,38.0,520.0,NaN
2024-01-02T16:00,38.2,24.4,0.00,33.0,514.0,NaN
2024-01-02T17:00,36.6,23.6,0.00,29.0,535.0,NaN
2024-01-02T18:00,37.6,24.4,0.00,26.0,556.0,NaN
2024-01-02T19:00,39.5,26.1,0.00,22.0,566.0,NaN
2024-01-02T20:00,40.7,27.5,0.00,18.0,576.0,NaN
2024-01-02T21:00,41.9,28.5,0.00,16.0,599.0,NaN
2024-01-02T22:00,43.2,29.6,0.00,13.0,659.0,NaN
2024-01-02T23:00,45.1,31.0,0.00,11.0,731.0,NaN
2024-01-03T00:00,57.7,39.7,0.30,17.0,794.0,NaN
2024-01-03T01:00,58.7,39.8,1.50,39.0,703.0,NaN
2024-01-03T02:00,54.8,36.7,3.55,71.0,577.0,NaN
2024-01-03T03:00,56.7,37.6,5.80,97.0,476.0,NaN
2024-01-03T04:00,53.2,34.9,6.90,114.0,425.0,NaN
2024-01-03T05:00,51.8,34.0,7.30,126.0,399.0,NaN
2024-01-03T06:00,47.6,31.0,6.30,132.0,382.0,NaN
2024-01-03T07:00,45.3,29.3,4.45,130.0,361.0,NaN
2024-01-03T08:00,44.5,28.6,2.60,122.0,350.0,NaN
2024-01-03T09:00,45.4,28.9,0.80,110.0,370.0,NaN
2024-01-03T10:00,47.7,30.3,0.10,92.0,449.0,NaN
2024-01-03T11:00,49.0,31.4,0.00,71.0,559.0,NaN
2024-01-03T12:00,57.6,37.3,0.00,54.0,652.0,NaN
2024-01-03T13:00,49.2,31.7,0.00,50.0,627.0,NaN
2024-01-03T14:00,40.7,26.1,0.00,43.0,594.0,NaN
2024-01-03T15:00,39.5,25.6,0.00,37.0,572.0,NaN
2024-01-03T16:00,40.9,27.0,0.00,31.0,579.0,NaN
2024-01-03T17:00,39.7,26.4,0.00,25.0,598.0,NaN
2024-01-03T18:00,37.7,25.1,0.00,20.0,601.0,NaN
2024-01-03T19:00,35.3,23.5,0.00,18.0,564.0,NaN
2024-01-03T20:00,32.5,21.8,0.00,18.0,511.0,NaN
2024-01-03T21:00,30.0,20.3,0.00,18.0,490.0,NaN
2024-01-03T22:00,29.2,19.7,0.00,15.0,540.0,NaN
2024-01-03T23:00,30.5,20.7,0.00,13.0,622.0,NaN
2024-01-04T00:00,44.5,30.6,0.35,20.0,755.0,NaN
2024-01-04T01:00,40.5,27.5,1.60,42.0,670.0,NaN
2024-01-04T02:00,41.8,28.3,3.85,73.0,552.0,NaN
2024-01-04T03:00,45.3,30.5,6.45,101.0,460.0,NaN
2024-01-04T04:00,50.3,33.5,8.35,124.0,419.0,NaN
2024-01-04T05:00,52.7,34.8,8.35,143.0,404.0,NaN
2024-01-04T06:00,51.9,34.2,7.15,156.0,395.0,NaN
2024-01-04T07:00,51.9,34.2,4.85,161.0,379.0,NaN
2024-01-04T08:00,51.3,33.8,2.55,159.0,369.0,NaN
2024-01-04T09:00,51.7,33.5,0.90,149.0,388.0,NaN
2024-01-04T10:00,57.6,36.9,0.15,123.0,470.0,NaN
2024-01-04T11:00,53.6,34.1,0.00,89.0,580.0,NaN
2024-01-04T12:00,63.8,41.4,0.00,63.0,742.0,NaN
2024-01-04T13:00,51.6,32.8,0.00,63.0,649.0,NaN
2024-01-04T14:00,39.8,25.0,0.00,62.0,520.0,NaN
2024-01-04T15:00,32.6,20.4,0.00,60.0,423.0,NaN
2024-01-04T16:00,28.5,17.8,0.00,57.0,387.0,NaN
2024-01-04T17:00,25.6,15.9,0.00,52.0,382.0,NaN
2024-01-04T18:00,25.0,15.6,0.00,47.0,390.0,NaN
2024-01-04T19:00,26.1,16.4,0.00,40.0,405.0,NaN
2024-01-04T20:00,28.6,18.3,0.00,32.0,431.0,NaN
2024-01-04T21:00,30.4,19.8,0.00,26.0,467.0,NaN
2024-01-04T22:00,31.5,20.7,0.00,21.0,527.0,NaN
2024-01-04T23:00,32.7,21.7,0.00,18.0,596.0,NaN
2024-01-05T00:00,43.1,28.4,0.30,22.0,653.0,NaN
2024-01-05T01:00,39.8,25.9,1.50,46.0,596.0,NaN
2024-01-05T02:00,39.7,25.6,3.70,79.0,516.0,NaN
2024-01-05T03:00,44.4,28.8,6.10,107.0,450.0,NaN
2024-01-05T04:00,47.4,30.9,7.50,127.0,412.0,NaN
2024-01-05T05:00,48.1,31.3,6.85,143.0,389.0,NaN
2024-01-05T06:00,47.3,31.0,5.95,151.0,374.0,NaN
2024-01-05T07:00,46.2,30.3,4.40,152.0,358.0,NaN
2024-01-05T08:00,46.1,29.9,2.65,145.0,350.0,NaN
2024-01-05T09:00,46.0,29.6,0.95,132.0,377.0,NaN
2024-01-05T10:00,47.8,30.9,0.15,107.0,477.0,NaN
2024-01-05T11:00,46.1,29.9,0.00,75.0,611.0,NaN
2024-01-05T12:00,46.1,30.4,0.00,46.0,729.0,NaN
2024-01-05T13:00,48.4,32.0,0.00,41.0,709.0,NaN
2024-01-05T14:00,44.4,29.2,0.00,34.0,682.0,NaN
2024-01-05T15:00,41.1,27.0,0.00,28.0,659.0,NaN
2024-01-05T16:00,39.6,26.0,0.00,25.0,647.0,NaN
2024-01-05T17:00,38.1,25.0,0.00,23.0,639.0,NaN
2024-01-05T18:00,37.6,24.7,0.00,21.0,629.0,NaN
2024-01-05T19:00,36.6,24.1,0.00,20.0,600.0,NaN
2024-01-05T20:00,36.2,23.9,0.00,19.0,568.0,NaN
2024-01-05T21:00,37.0,24.6,0.00,18.0,578.0,NaN
2024-01-05T22:00,40.4,27.1,0.00,13.0,683.0,NaN
2024-01-05T23:00,45.1,30.7,0.00,8.0,831.0,NaN
2024-01-06T00:00,60.3,41.3,0.35,16.0,870.0,NaN
2024-01-06T01:00,60.8,41.6,1.60,46.0,772.0,NaN
2024-01-06T02:00,60.3,40.7,3.95,87.0,635.0,NaN
2024-01-06T03:00,66.1,44.7,6.55,123.0,524.0,NaN
2024-01-06T04:00,65.4,44.2,8.00,148.0,466.0,NaN
2024-01-06T05:00,59.8,39.9,7.60,167.0,434.0,NaN
2024-01-06T06:00,54.9,36.2,6.45,177.0,412.0,NaN
2024-01-06T07:00,53.0,34.5,5.00,177.0,374.0,NaN
2024-01-06T08:00,52.3,33.4,2.25,167.0,347.0,NaN
2024-01-06T09:00,58.8,36.6,0.90,149.0,395.0,NaN
2024-01-06T10:00,55.2,33.9,0.15,116.0,586.0,NaN
2024-01-06T11:00,60.8,38.3,0.00,74.0,853.0,NaN
2024-01-06T12:00,75.9,49.2,0.00,55.0,944.0,NaN
2024-01-06T13:00,78.2,51.0,0.00,48.0,912.0,NaN
2024-01-06T14:00,72.2,47.0,0.00,39.0,865.0,NaN
2024-01-06T15:00,61.7,40.2,0.00,32.0,805.0,NaN
2024-01-06T16:00,51.3,33.3,0.00,29.0,719.0,NaN
2024-01-06T17:00,42.7,27.8,0.00,28.0,621.0,NaN
2024-01-06T18:00,38.4,25.1,0.00,27.0,549.0,NaN
2024-01-06T19:00,36.8,24.3,0.00,24.0,514.0,NaN
2024-01-06T20:00,36.6,24.4,0.00,20.0,506.0,NaN
2024-01-06T21:00,35.4,24.0,0.00,18.0,538.0,NaN
2024-01-06T22:00,34.9,23.7,0.00,15.0,656.0,NaN
2024-01-06T23:00,36.3,24.9,0.00,12.0,815.0,NaN
2024-01-07T00:00,33.6,23.2,0.35,21.0,608.0,NaN
2024-01-07T01:00,34.8,23.8,1.60,45.0,555.0,NaN
2024-01-07T02:00,35.3,24.0,3.95,80.0,482.0,NaN
2024-01-07T03:00,39.0,26.4,6.45,109.0,421.0,NaN
2024-01-07T04:00,44.2,29.3,7.65,129.0,385.0,NaN
2024-01-07T05:00,43.5,28.0,8.30,144.0,360.0,NaN
2024-01-07T06:00,42.3,26.9,7.00,152.0,344.0,NaN
2024-01-07T07:00,42.8,27.0,4.95,154.0,323.0,NaN
2024-01-07T08:00,43.7,27.3,2.70,150.0,310.0,NaN
2024-01-07T09:00,45.8,28.3,1.00,138.0,338.0,NaN
2024-01-07T10:00,50.1,31.0,0.15,112.0,458.0,NaN
2024-01-07T11:00,52.5,32.9,0.00,78.0,620.0,NaN
2024-01-07T12:00,61.0,39.1,0.00,42.0,894.0,NaN
2024-01-07T13:00,49.8,31.8,0.00,45.0,754.0,NaN
2024-01-07T14:00,39.7,24.9,0.00,49.0,561.0,NaN
2024-01-07T15:00,32.1,19.8,0.00,51.0,408.0,NaN
2024-01-07T16:00,26.8,16.2,0.00,50.0,335.0,NaN
2024-01-07T17:00,22.7,13.5,0.00,48.0,303.0,NaN
2024-01-07T18:00,21.1,12.5,0.00,45.0,287.0,NaN
2024-01-07T19:00,20.8,12.4,0.00,42.0,273.0,NaN
2024-01-07T20:00,21.4,12.9,0.00,37.0,275.0,NaN
2024-01-07T21:00,22.3,13.6,0.00,33.0,307.0,NaN
2024-01-07T22:00,23.5,14.6,0.00,26.0,403.0,NaN
2024-01-07T23:00,26.4,16.8,0.00,18.0,530.0,NaN
2024-01-08T00:00,33.9,21.7,0.30,22.0,515.0,NaN
2024-01-08T01:00,32.0,20.4,1.25,35.0,486.0,NaN
2024-01-08T02:00,35.3,22.6,2.90,55.0,445.0,NaN
2024-01-08T03:00,40.9,26.4,4.15,74.0,410.0,NaN
2024-01-08T04:00,46.1,29.9,5.10,95.0,389.0,NaN
2024-01-08T05:00,51.3,33.5,5.65,115.0,375.0,NaN
2024-01-08T06:00,51.6,33.8,5.20,127.0,362.0,NaN
2024-01-08T07:00,48.7,31.8,3.85,125.0,328.0,NaN
2024-01-08T08:00,45.4,29.3,2.30,114.0,296.0,NaN
2024-01-08T09:00,41.0,26.0,0.85,98.0,329.0,NaN
2024-01-08T10:00,40.7,26.0,0.15,76.0,500.0,NaN
2024-01-08T11:00,48.7,31.7,0.00,50.0,736.0,NaN
2024-01-08T12:00,71.5,46.9,0.00,24.0,1206.0,NaN
2024-01-08T13:00,73.1,48.2,0.00,24.0,1109.0,NaN
2024-01-08T14:00,64.5,42.3,0.00,24.0,970.0,NaN
2024-01-08T15:00,53.9,35.2,0.00,25.0,837.0,NaN
2024-01-08T16:00,47.0,30.5,0.00,26.0,718.0,NaN
2024-01-08T17:00,40.3,25.8,0.00,28.0,605.0,NaN
2024-01-08T18:00,34.8,22.2,0.00,29.0,513.0,NaN
2024-01-08T19:00,30.7,19.4,0.00,29.0,445.0,NaN
2024-01-08T20:00,28.6,18.0,0.00,28.0,398.0,NaN
2024-01-08T21:00,27.6,17.5,0.00,27.0,385.0,NaN
2024-01-08T22:00,27.6,17.5,0.00,23.0,434.0,NaN
2024-01-08T23:00,29.0,18.7,0.00,20.0,516.0,NaN
2024-01-09T00:00,42.8,27.8,0.30,21.0,587.0,NaN
2024-01-09T01:00,37.1,23.6,1.45,37.0,520.0,NaN
2024-01-09T02:00,37.0,23.4,3.60,60.0,428.0,NaN
2024-01-09T03:00,40.7,25.9,6.15,83.0,357.0,NaN
2024-01-09T04:00,47.3,30.3,7.85,108.0,330.0,NaN
2024-01-09T05:00,49.0,31.5,8.45,133.0,325.0,NaN
2024-01-09T06:00,48.8,31.4,7.25,150.0,325.0,NaN
2024-01-09T07:00,50.6,32.7,5.25,157.0,316.0,NaN
2024-01-09T08:00,50.5,32.6,2.75,156.0,313.0,NaN
2024-01-09T09:00,54.6,34.7,1.00,146.0,341.0,NaN
2024-01-09T10:00,53.9,34.2,0.15,120.0,439.0,NaN
2024-01-09T11:00,53.1,34.1,0.00,84.0,567.0,NaN
2024-01-09T12:00,47.6,29.9,0.00,51.0,587.0,NaN
2024-01-09T13:00,40.3,25.1,0.00,49.0,535.0,NaN
2024-01-09T14:00,34.6,21.5,0.00,45.0,462.0,NaN
2024-01-09T15:00,31.3,19.4,0.00,42.0,402.0,NaN
2024-01-09T16:00,29.2,18.1,0.00,39.0,368.0,NaN
2024-01-09T17:00,26.5,16.4,0.00,37.0,346.0,NaN
2024-01-09T18:00,25.1,15.5,0.00,35.0,327.0,NaN
2024-01-09T19:00,24.4,15.1,0.00,33.0,303.0,NaN
2024-01-09T20:00,23.6,14.6,0.00,32.0,283.0,NaN
2024-01-09T21:00,22.9,14.2,0.00,30.0,282.0,NaN
2024-01-09T22:00,22.5,14.1,0.00,26.0,318.0,NaN
2024-01-09T23:00,23.2,14.7,0.00,22.0,372.0,NaN
2024-01-10T00:00,27.4,17.5,0.30,29.0,379.0,NaN
2024-01-10T01:00,28.3,18.0,1.50,41.0,367.0,NaN
2024-01-10T02:00,29.7,19.0,3.70,58.0,350.0,NaN
2024-01-10T03:00,34.1,21.9,6.05,77.0,336.0,NaN
2024-01-10T04:00,46.8,29.9,6.80,99.0,327.0,NaN
2024-01-10T05:00,51.1,32.7,6.80,123.0,321.0,NaN
2024-01-10T06:00,52.7,34.1,6.00,140.0,321.0,NaN
2024-01-10T07:00,54.2,35.2,4.30,150.0,317.0,NaN
2024-01-10T08:00,58.4,38.1,2.40,155.0,319.0,NaN
2024-01-10T09:00,60.3,39.5,0.90,147.0,360.0,NaN
2024-01-10T10:00,67.8,44.9,0.15,119.0,492.0,NaN
2024-01-10T11:00,65.9,43.8,0.00,79.0,663.0,NaN
2024-01-10T12:00,49.0,31.4,0.00,49.0,532.0,NaN
2024-01-10T13:00,39.9,25.5,0.00,47.0,479.0,NaN
2024-01-10T14:00,31.4,20.1,0.00,44.0,404.0,NaN
2024-01-10T15:00,25.2,16.1,0.00,41.0,341.0,NaN
2024-01-10T16:00,20.8,13.2,0.00,39.0,299.0,NaN
2024-01-10T17:00,17.3,10.9,0.00,37.0,269.0,NaN
2024-01-10T18:00,15.6,9.9,0.00,35.0,253.0,NaN
2024-01-10T19:00,15.4,9.8,0.00,31.0,241.0,NaN
2024-01-10T20:00,16.4,10.6,0.00,27.0,243.0,NaN
2024-01-10T21:00,18.4,12.1,0.00,23.0,298.0,NaN
2024-01-10T22:00,21.5,14.4,0.00,16.0,470.0,NaN
2024-01-10T23:00,26.9,18.3,0.00,9.0,695.0,NaN
2024-01-11T00:00,21.7,14.9,0.20,15.0,501.0,NaN
2024-01-11T01:00,26.9,18.3,1.15,32.0,468.0,NaN
2024-01-11T02:00,25.7,17.3,3.20,55.0,422.0,NaN
2024-01-11T03:00,30.3,20.3,5.55,80.0,387.0,NaN
2024-01-11T04:00,38.5,25.7,7.70,106.0,374.0,NaN
2024-01-11T05:00,48.2,32.0,7.10,132.0,372.0,NaN
2024-01-11T06:00,54.2,36.1,6.50,152.0,373.0,NaN
2024-01-11T07:00,56.1,37.5,4.75,164.0,368.0,NaN
2024-01-11T08:00,56.6,37.8,2.55,169.0,366.0,NaN
2024-01-11T09:00,57.6,38.5,0.95,162.0,389.0,NaN
2024-01-11T10:00,68.7,46.0,0.15,136.0,470.0,NaN
2024-01-11T11:00,65.9,43.2,0.00,98.0,575.0,NaN
2024-01-11T12:00,52.3,33.5,0.00,76.0,575.0,NaN
2024-01-11T13:00,38.1,23.8,0.00,73.0,518.0,NaN
2024-01-11T14:00,29.9,18.5,0.00,69.0,439.0,NaN
2024-01-11T15:00,25.8,15.9,0.00,65.0,379.0,NaN
2024-01-11T16:00,24.0,14.8,0.00,62.0,355.0,NaN
2024-01-11T17:00,22.3,13.7,0.00,60.0,349.0,NaN
2024-01-11T18:00,21.1,13.1,0.00,57.0,349.0,NaN
2024-01-11T19:00,20.5,12.8,0.00,53.0,346.0,NaN
2024-01-11T20:00,20.8,13.2,0.00,47.0,349.0,NaN
2024-01-11T21:00,21.8,14.0,0.00,42.0,376.0,NaN
2024-01-11T22:00,23.3,15.3,0.00,32.0,454.0,NaN
2024-01-11T23:00,25.6,17.3,0.00,22.0,555.0,NaN
2024-01-12T00:00,39.0,25.8,0.30,30.0,602.0,NaN
2024-01-12T01:00,39.8,26.3,1.45,50.0,557.0,NaN
2024-01-12T02:00,40.6,26.7,3.60,79.0,495.0,NaN
2024-01-12T03:00,44.0,28.9,6.00,106.0,445.0,NaN
2024-01-12T04:00,52.4,34.3,7.70,129.0,421.0,NaN
2024-01-12T05:00,55.2,36.1,7.05,151.0,411.0,NaN
2024-01-12T06:00,57.5,37.7,6.55,164.0,404.0,NaN
2024-01-12T07:00,57.4,37.7,4.65,168.0,391.0,NaN
2024-01-12T08:00,56.3,37.0,2.60,164.0,382.0,NaN
2024-01-12T09:00,56.8,36.7,0.95,152.0,400.0,NaN
2024-01-12T10:00,58.0,36.9,0.15,128.0,475.0,NaN
2024-01-12T11:00,55.5,35.2,0.00,97.0,577.0,NaN
2024-01-12T12:00,50.4,31.5,0.00,79.0,621.0,NaN
2024-01-12T13:00,41.6,25.6,0.00,75.0,584.0,NaN
2024-01-12T14:00,34.6,21.2,0.00,70.0,532.0,NaN
2024-01-12T15:00,31.0,19.0,0.00,65.0,494.0,NaN
2024-01-12T16:00,29.6,18.4,0.00,60.0,480.0,NaN
2024-01-12T17:00,28.3,17.5,0.00,54.0,480.0,NaN
2024-01-12T18:00,28.3,17.6,0.00,49.0,484.0,NaN
2024-01-12T19:00,29.1,18.3,0.00,43.0,483.0,NaN
2024-01-12T20:00,30.0,19.2,0.00,38.0,488.0,NaN
2024-01-12T21:00,31.0,19.9,0.00,33.0,518.0,NaN
2024-01-12T22:00,32.1,20.9,0.00,26.0,610.0,NaN
2024-01-12T23:00,35.7,23.5,0.00,19.0,727.0,NaN
2024-01-13T00:00,48.1,32.2,0.30,21.0,771.0,NaN
2024-01-13T01:00,48.3,31.9,1.45,44.0,694.0,NaN
2024-01-13T02:00,47.1,30.9,3.60,76.0,588.0,NaN
2024-01-13T03:00,49.2,32.1,6.05,106.0,507.0,NaN
2024-01-13T04:00,57.9,38.2,7.80,132.0,475.0,NaN
2024-01-13T05:00,61.9,41.0,6.20,156.0,468.0,NaN
2024-01-13T06:00,68.7,45.5,4.85,171.0,463.0,NaN
2024-01-13T07:00,71.9,47.7,4.05,174.0,445.0,NaN
2024-01-13T08:00,70.5,45.8,2.25,169.0,429.0,NaN
2024-01-13T09:00,66.8,41.8,0.90,155.0,443.0,NaN
2024-01-13T10:00,59.0,36.2,0.15,128.0,520.0,NaN
2024-01-13T11:00,54.9,34.3,0.00,93.0,627.0,NaN
2024-01-13T12:00,56.5,36.4,0.00,65.0,821.0,NaN
2024-01-13T13:00,44.2,28.2,0.00,63.0,729.0,NaN
2024-01-13T14:00,36.8,23.3,0.00,60.0,602.0,NaN
2024-01-13T15:00,31.5,20.0,0.00,56.0,507.0,NaN
2024-01-13T16:00,28.1,17.9,0.00,51.0,474.0,NaN
2024-01-13T17:00,25.5,16.2,0.00,46.0,474.0,NaN
2024-01-13T18:00,26.8,17.2,0.00,40.0,484.0,NaN
2024-01-13T19:00,30.0,19.6,0.00,34.0,495.0,NaN
2024-01-13T20:00,32.5,21.4,0.00,27.0,518.0,NaN
2024-01-13T21:00,34.3,23.1,0.00,22.0,560.0,NaN
2024-01-13T22:00,35.7,24.2,0.00,16.0,652.0,NaN
2024-01-13T23:00,37.3,25.4,0.00,11.0,764.0,NaN
2024-01-14T00:00,46.3,31.7,0.30,18.0,763.0,NaN
2024-01-14T01:00,46.7,31.4,1.50,42.0,701.0,NaN
2024-01-14T02:00,47.5,31.9,3.70,77.0,614.0,NaN
2024-01-14T03:00,51.8,34.6,6.10,111.0,545.0,NaN
2024-01-14T04:00,62.2,41.6,7.85,144.0,510.0,NaN
2024-01-14T05:00,65.2,43.7,8.50,175.0,492.0,NaN
2024-01-14T06:00,64.5,43.2,7.50,198.0,480.0,NaN
2024-01-14T07:00,64.0,42.8,5.25,211.0,453.0,NaN
2024-01-14T08:00,64.7,43.2,2.75,214.0,432.0,NaN
2024-01-14T09:00,65.4,43.7,1.00,202.0,465.0,NaN
2024-01-14T10:00,84.5,56.7,0.15,161.0,618.0,NaN
2024-01-14T11:00,81.0,53.6,0.00,104.0,826.0,NaN
2024-01-14T12:00,104.1,70.3,0.00,41.0,1678.0,NaN
2024-01-14T13:00,84.8,56.5,0.00,42.0,1400.0,NaN
2024-01-14T14:00,69.2,45.2,0.00,44.0,1016.0,NaN
2024-01-14T15:00,56.9,36.8,0.00,43.0,732.0,NaN
2024-01-14T16:00,50.5,32.6,0.00,39.0,647.0,NaN
2024-01-14T17:00,47.6,30.9,0.00,33.0,662.0,NaN
2024-01-14T18:00,47.4,30.9,0.00,27.0,682.0,NaN
2024-01-14T19:00,49.8,32.8,0.00,21.0,672.0,NaN
2024-01-14T20:00,49.5,33.2,0.00,15.0,668.0,NaN
2024-01-14T21:00,48.0,32.4,0.00,11.0,682.0,NaN
2024-01-14T22:00,46.9,31.8,0.00,7.0,737.0,NaN
2024-01-14T23:00,47.0,32.0,0.00,5.0,810.0,NaN
2024-01-15T00:00,53.7,36.3,0.30,21.0,769.0,NaN
2024-01-15T01:00,54.6,36.9,1.55,49.0,689.0,NaN
2024-01-15T02:00,53.4,36.0,3.90,87.0,578.0,NaN
2024-01-15T03:00,51.2,34.3,6.50,120.0,485.0,NaN
2024-01-15T04:00,51.9,34.6,8.40,142.0,429.0,NaN
2024-01-15T05:00,49.8,32.8,9.30,158.0,391.0,NaN
2024-01-15T06:00,48.2,31.7,8.25,166.0,364.0,NaN
2024-01-15T07:00,46.3,30.4,5.40,167.0,324.0,NaN
2024-01-15T08:00,45.5,29.3,2.95,161.0,296.0,NaN
2024-01-15T09:00,45.2,29.4,1.00,146.0,345.0,NaN
2024-01-15T10:00,59.6,39.7,0.15,117.0,553.0,NaN
2024-01-15T11:00,71.9,48.2,0.00,81.0,839.0,NaN
2024-01-15T12:00,59.5,39.9,0.00,42.0,1088.0,NaN
2024-01-15T13:00,51.1,34.0,0.00,39.0,988.0,NaN
2024-01-15T14:00,44.2,29.3,0.00,34.0,852.0,NaN
2024-01-15T15:00,43.9,29.3,0.00,29.0,768.0,NaN
2024-01-15T16:00,47.1,31.8,0.00,23.0,793.0,NaN
2024-01-15T17:00,47.5,32.2,0.00,17.0,869.0,NaN
2024-01-15T18:00,46.0,31.4,0.00,12.0,911.0,NaN
2024-01-15T19:00,43.3,29.6,0.00,10.0,864.0,NaN
2024-01-15T20:00,40.6,27.9,0.00,9.0,784.0,NaN
2024-01-15T21:00,38.5,26.6,0.00,10.0,749.0,NaN
2024-01-15T22:00,37.1,25.7,0.00,10.0,829.0,NaN
2024-01-15T23:00,37.8,26.2,0.00,11.0,954.0,NaN
2024-01-16T00:00,48.7,33.4,0.30,23.0,818.0,NaN
2024-01-16T01:00,44.5,30.3,1.60,45.0,705.0,NaN
2024-01-16T02:00,40.3,27.2,3.95,75.0,549.0,NaN
2024-01-16T03:00,41.3,27.8,6.70,101.0,426.0,NaN
2024-01-16T04:00,45.6,30.7,8.85,119.0,372.0,NaN
2024-01-16T05:00,50.1,32.8,9.90,134.0,351.0,NaN
2024-01-16T06:00,48.9,30.9,8.20,142.0,340.0,NaN
2024-01-16T07:00,47.0,29.5,5.90,144.0,315.0,NaN
2024-01-16T08:00,47.3,29.3,3.05,141.0,298.0,NaN
2024-01-16T09:00,49.4,30.4,1.10,130.0,333.0,NaN
2024-01-16T10:00,56.7,35.5,0.15,106.0,479.0,NaN
2024-01-16T11:00,61.7,39.5,0.00,75.0,677.0,NaN
2024-01-16T12:00,75.9,50.1,0.00,43.0,1251.0,NaN
2024-01-16T13:00,55.8,36.2,0.00,45.0,1034.0,NaN
2024-01-16T14:00,39.5,25.4,0.00,47.0,735.0,NaN
2024-01-16T15:00,32.5,21.0,0.00,48.0,517.0,NaN
2024-01-16T16:00,31.7,20.6,0.00,45.0,460.0,NaN
2024-01-16T17:00,30.6,20.0,0.00,40.0,484.0,NaN
2024-01-16T18:00,29.0,19.1,0.00,36.0,504.0,NaN
2024-01-16T19:00,27.5,18.1,0.00,33.0,478.0,NaN
2024-01-16T20:00,26.9,17.6,0.00,31.0,448.0,NaN
2024-01-16T21:00,27.2,17.9,0.00,30.0,459.0,NaN
2024-01-16T22:00,28.6,18.9,0.00,26.0,565.0,NaN
2024-01-16T23:00,30.9,20.5,0.00,22.0,713.0,NaN
2024-01-17T00:00,39.6,26.3,0.30,26.0,619.0,NaN
2024-01-17T01:00,35.4,23.3,1.60,44.0,539.0,NaN
2024-01-17T02:00,30.4,19.7,4.15,70.0,428.0,NaN
2024-01-17T03:00,30.9,20.1,7.15,93.0,341.0,NaN
2024-01-17T04:00,32.9,21.5,9.40,111.0,304.0,NaN
2024-01-17T05:00,35.6,23.2,10.05,127.0,292.0,NaN
2024-01-17T06:00,37.0,23.5,8.80,135.0,285.0,NaN
2024-01-17T07:00,34.6,21.2,4.70,133.0,263.0,NaN
2024-01-17T08:00,31.8,19.3,2.65,124.0,247.0,NaN
2024-01-17T09:00,30.0,18.3,1.15,111.0,282.0,NaN
2024-01-17T10:00,31.5,19.9,0.20,91.0,428.0,NaN
2024-01-17T11:00,36.4,23.7,0.00,67.0,625.0,NaN
2024-01-17T12:00,42.1,27.8,0.00,48.0,777.0,NaN
2024-01-17T13:00,37.7,24.9,0.00,48.0,681.0,NaN
2024-01-17T14:00,30.6,20.0,0.00,49.0,547.0,NaN
2024-01-17T15:00,26.0,16.9,0.00,49.0,436.0,NaN
2024-01-17T16:00,21.9,14.2,0.00,48.0,370.0,NaN
2024-01-17T17:00,18.5,11.9,0.00,47.0,328.0,NaN
2024-01-17T18:00,17.3,11.1,0.00,44.0,307.0,NaN
2024-01-17T19:00,17.8,11.4,0.00,40.0,302.0,NaN
2024-01-17T20:00,19.4,12.6,0.00,35.0,317.0,NaN
2024-01-17T21:00,21.5,14.1,0.00,30.0,367.0,NaN
2024-01-17T22:00,24.1,15.9,0.00,22.0,490.0,NaN
2024-01-17T23:00,28.2,18.7,0.00,14.0,647.0,NaN
2024-01-18T00:00,37.0,25.1,0.30,19.0,708.0,NaN
2024-01-18T01:00,36.3,24.3,1.60,40.0,624.0,NaN
2024-01-18T02:00,34.1,22.6,4.05,69.0,506.0,NaN
2024-01-18T03:00,36.1,23.9,6.90,96.0,413.0,NaN
2024-01-18T04:00,39.0,25.6,8.55,117.0,367.0,NaN
2024-01-18T05:00,40.9,26.2,8.45,135.0,344.0,NaN
2024-01-18T06:00,38.4,24.9,6.55,147.0,332.0,NaN
2024-01-18T07:00,39.3,25.6,5.00,154.0,314.0,NaN
2024-01-18T08:00,41.3,26.7,3.05,155.0,306.0,NaN
2024-01-18T09:00,43.4,28.0,1.15,146.0,342.0,NaN
2024-01-18T10:00,52.0,34.0,0.20,119.0,476.0,NaN
2024-01-18T11:00,52.2,34.0,0.00,83.0,653.0,NaN
2024-01-18T12:00,43.9,28.2,0.00,68.0,599.0,NaN
2024-01-18T13:00,31.9,20.1,0.00,65.0,519.0,NaN
2024-01-18T14:00,25.4,15.9,0.00,60.0,407.0,NaN
2024-01-18T15:00,21.5,13.4,0.00,57.0,317.0,NaN
2024-01-18T16:00,18.6,11.6,0.00,56.0,271.0,NaN
2024-01-18T17:00,16.1,9.9,0.00,55.0,248.0,NaN
2024-01-18T18:00,15.2,9.3,0.00,54.0,234.0,NaN
2024-01-18T19:00,15.0,9.2,0.00,52.0,218.0,NaN
2024-01-18T20:00,15.1,9.4,0.00,50.0,211.0,NaN
2024-01-18T21:00,15.5,9.7,0.00,46.0,235.0,NaN
2024-01-18T22:00,16.6,10.5,0.00,37.0,325.0,NaN
2024-01-18T23:00,19.4,12.5,0.00,26.0,445.0,NaN
2024-01-19T00:00,27.2,17.9,0.30,31.0,461.0,NaN
2024-01-19T01:00,25.4,16.5,1.50,43.0,422.0,NaN
2024-01-19T02:00,25.0,16.2,3.80,62.0,367.0,NaN
2024-01-19T03:00,28.2,18.5,6.65,81.0,326.0,NaN
2024-01-19T04:00,32.9,21.8,8.55,103.0,309.0,NaN
2024-01-19T05:00,39.5,25.9,8.95,126.0,304.0,NaN
2024-01-19T06:00,40.4,26.5,7.10,144.0,308.0,NaN
2024-01-19T07:00,43.7,28.9,4.90,159.0,307.0,NaN
2024-01-19T08:00,47.3,31.5,2.75,169.0,315.0,NaN
2024-01-19T09:00,50.9,34.0,1.10,166.0,361.0,NaN
2024-01-19T10:00,59.8,40.3,0.20,139.0,501.0,NaN
2024-01-19T11:00,61.5,41.0,0.00,98.0,680.0,NaN
2024-01-19T12:00,64.0,42.7,0.00,62.0,944.0,NaN
2024-01-19T13:00,48.4,31.7,0.00,60.0,787.0,NaN
2024-01-19T14:00,33.1,21.2,0.00,57.0,569.0,NaN
2024-01-19T15:00,26.5,16.8,0.00,55.0,395.0,NaN
2024-01-19T16:00,22.5,14.0,0.00,55.0,310.0,NaN
2024-01-19T17:00,19.2,11.6,0.00,55.0,268.0,NaN
2024-01-19T18:00,18.2,10.8,0.00,55.0,242.0,NaN
2024-01-19T19:00,16.6,10.3,0.00,53.0,218.0,NaN
2024-01-19T20:00,16.1,10.2,0.00,50.0,208.0,NaN
2024-01-19T21:00,16.0,10.4,0.00,47.0,222.0,NaN
2024-01-19T22:00,16.2,10.6,0.00,40.0,279.0,NaN
2024-01-19T23:00,17.3,11.5,0.00,33.0,359.0,NaN
2024-01-20T00:00,22.6,15.0,0.30,37.0,346.0,NaN
2024-01-20T01:00,22.9,14.7,1.40,45.0,338.0,NaN
2024-01-20T02:00,25.4,16.3,3.55,57.0,327.0,NaN
2024-01-20T03:00,29.9,19.4,6.25,73.0,320.0,NaN
2024-01-20T04:00,38.3,25.2,8.05,95.0,318.0,NaN
2024-01-20T05:00,51.6,34.2,6.90,121.0,321.0,NaN
2024-01-20T06:00,50.3,33.6,5.65,140.0,327.0,NaN
2024-01-20T07:00,55.3,37.3,4.60,151.0,334.0,NaN
2024-01-20T08:00,57.7,38.8,2.50,156.0,346.0,NaN
2024-01-20T09:00,60.3,40.4,0.90,150.0,373.0,NaN
2024-01-20T10:00,62.2,40.6,0.15,126.0,439.0,NaN
2024-01-20T11:00,56.3,36.4,0.00,92.0,521.0,NaN
2024-01-20T12:00,56.2,36.3,0.00,57.0,679.0,NaN
2024-01-20T13:00,44.0,27.9,0.00,58.0,581.0,NaN
2024-01-20T14:00,35.3,22.0,0.00,59.0,445.0,NaN
2024-01-20T15:00,29.6,18.2,0.00,60.0,337.0,NaN
2024-01-20T16:00,25.6,15.6,0.00,59.0,286.0,NaN
2024-01-20T17:00,22.6,13.6,0.00,57.0,262.0,NaN
2024-01-20T18:00,21.3,12.7,0.00,55.0,246.0,NaN
2024-01-20T19:00,20.7,12.3,0.00,53.0,229.0,NaN
2024-01-20T20:00,20.2,12.0,0.00,50.0,220.0,NaN
2024-01-20T21:00,20.0,12.0,0.00,48.0,224.0,NaN
2024-01-20T22:00,18.3,11.6,0.00,44.0,252.0,NaN
2024-01-20T23:00,18.5,12.0,0.00,39.0,293.0,NaN
2024-01-21T00:00,30.9,19.0,0.25,40.0,337.0,NaN
2024-01-21T01:00,30.2,18.6,1.35,49.0,332.0,NaN
2024-01-21T02:00,31.5,19.7,3.40,62.0,326.0,NaN
2024-01-21T03:00,36.1,22.9,5.85,79.0,322.0,NaN
2024-01-21T04:00,44.8,29.0,7.05,105.0,324.0,NaN
2024-01-21T05:00,55.9,36.8,6.65,134.0,330.0,NaN
2024-01-21T06:00,60.3,39.8,5.90,153.0,332.0,NaN
2024-01-21T07:00,59.4,39.2,4.40,154.0,321.0,NaN
2024-01-21T08:00,56.7,37.3,2.55,144.0,308.0,NaN
2024-01-21T09:00,53.4,34.9,1.05,129.0,315.0,NaN
2024-01-21T10:00,46.0,29.6,0.20,107.0,370.0,NaN
2024-01-21T11:00,42.7,27.6,0.00,79.0,446.0,NaN
2024-01-21T12:00,41.3,26.9,0.00,61.0,606.0,NaN
2024-01-21T13:00,31.2,20.0,0.00,59.0,525.0,NaN
2024-01-21T14:00,24.7,15.7,0.00,57.0,411.0,NaN
2024-01-21T15:00,20.8,13.1,0.00,55.0,320.0,NaN
2024-01-21T16:00,18.9,11.8,0.00,54.0,274.0,NaN
2024-01-21T17:00,17.3,10.7,0.00,53.0,249.0,NaN
2024-01-21T18:00,16.7,10.2,0.00,52.0,231.0,NaN
2024-01-21T19:00,16.2,9.9,0.00,51.0,211.0,NaN
2024-01-21T20:00,15.7,9.7,0.00,50.0,198.0,NaN
2024-01-21T21:00,15.4,9.5,0.00,48.0,199.0,NaN
2024-01-21T22:00,15.1,9.4,0.00,44.0,227.0,NaN
2024-01-21T23:00,15.4,9.7,0.00,40.0,269.0,NaN
2024-01-22T00:00,19.0,12.2,0.30,42.0,291.0,NaN
2024-01-22T01:00,20.0,12.9,1.70,52.0,285.0,NaN
2024-01-22T02:00,19.9,13.0,4.35,67.0,277.0,NaN
2024-01-22T03:00,21.1,13.9,7.45,82.0,267.0,NaN
2024-01-22T04:00,20.8,13.8,9.85,96.0,252.0,NaN
2024-01-22T05:00,21.7,14.5,10.60,109.0,235.0,NaN
2024-01-22T06:00,25.6,17.1,9.20,119.0,226.0,NaN
2024-01-22T07:00,28.9,19.4,6.70,126.0,217.0,NaN
2024-01-22T08:00,30.6,20.6,3.70,129.0,216.0,NaN
2024-01-22T09:00,30.4,20.4,1.40,123.0,258.0,NaN
2024-01-22T10:00,32.2,21.7,0.25,100.0,396.0,NaN
2024-01-22T11:00,34.2,23.0,0.00,68.0,576.0,NaN
2024-01-22T12:00,37.4,24.9,0.00,54.0,659.0,NaN
2024-01-22T13:00,32.0,21.1,0.00,52.0,569.0,NaN
2024-01-22T14:00,24.4,15.9,0.00,49.0,444.0,NaN
2024-01-22T15:00,20.1,13.1,0.00,47.0,342.0,NaN
2024-01-22T16:00,17.5,11.2,0.00,46.0,285.0,NaN
2024-01-22T17:00,15.3,9.7,0.00,46.0,252.0,NaN
2024-01-22T18:00,14.5,9.1,0.00,45.0,231.0,NaN
2024-01-22T19:00,14.4,9.1,0.00,42.0,215.0,NaN
2024-01-22T20:00,14.9,9.5,0.00,39.0,212.0,NaN
2024-01-22T21:00,15.4,9.8,0.00,35.0,236.0,NaN
2024-01-22T22:00,16.5,10.7,0.00,27.0,317.0,NaN
2024-01-22T23:00,19.7,12.9,0.00,19.0,427.0,NaN
2024-01-23T00:00,27.9,18.2,0.30,29.0,403.0,NaN
2024-01-23T01:00,31.8,20.8,1.55,46.0,382.0,NaN
2024-01-23T02:00,30.6,20.0,3.95,69.0,352.0,NaN
2024-01-23T03:00,31.7,20.6,6.95,90.0,323.0,NaN
2024-01-23T04:00,33.4,21.8,9.40,106.0,296.0,NaN
2024-01-23T05:00,34.5,21.9,10.25,118.0,270.0,NaN
2024-01-23T06:00,33.8,21.2,9.25,125.0,254.0,NaN
2024-01-23T07:00,32.9,20.4,6.55,124.0,244.0,NaN
2024-01-23T08:00,31.0,19.1,3.30,117.0,243.0,NaN
2024-01-23T09:00,30.9,19.0,1.30,108.0,268.0,NaN
2024-01-23T10:00,34.5,21.9,0.25,95.0,342.0,NaN
2024-01-23T11:00,35.5,22.8,0.00,80.0,442.0,NaN
2024-01-23T12:00,27.2,17.3,0.00,67.0,477.0,NaN
2024-01-23T13:00,24.6,15.6,0.00,63.0,467.0,NaN
2024-01-23T14:00,22.9,14.6,0.00,58.0,454.0,NaN
2024-01-23T15:00,23.4,15.1,0.00,52.0,455.0,NaN
2024-01-23T16:00,25.8,16.9,0.00,44.0,485.0,NaN
2024-01-23T17:00,27.0,17.9,0.00,35.0,528.0,NaN
2024-01-23T18:00,26.3,17.6,0.00,28.0,550.0,NaN
2024-01-23T19:00,24.4,16.4,0.00,24.0,522.0,NaN
2024-01-23T20:00,22.9,15.4,0.00,22.0,473.0,NaN
2024-01-23T21:00,21.2,14.3,0.00,21.0,458.0,NaN
2024-01-23T22:00,19.7,13.3,0.00,20.0,526.0,NaN
2024-01-23T23:00,19.9,13.4,0.00,21.0,628.0,NaN
2024-01-24T00:00,24.9,16.9,0.35,31.0,574.0,NaN
2024-01-24T01:00,24.4,16.6,1.75,46.0,524.0,NaN
2024-01-24T02:00,19.2,13.0,4.40,68.0,454.0,NaN
2024-01-24T03:00,16.8,11.4,7.60,87.0,399.0,NaN
2024-01-24T04:00,18.3,12.5,10.00,101.0,373.0,NaN
2024-01-24T05:00,21.4,14.6,10.70,112.0,361.0,NaN
2024-01-24T06:00,23.3,15.7,7.90,118.0,353.0,NaN
2024-01-24T07:00,23.7,15.5,5.85,119.0,331.0,NaN
2024-01-24T08:00,23.4,15.1,3.45,115.0,313.0,NaN
2024-01-24T09:00,22.8,14.5,1.40,106.0,339.0,NaN
2024-01-24T10:00,23.4,15.0,0.25,89.0,456.0,NaN
2024-01-24T11:00,32.9,21.8,0.00,66.0,617.0,NaN
2024-01-24T12:00,29.0,18.5,0.00,61.0,622.0,NaN
2024-01-24T13:00,25.9,16.5,0.00,59.0,611.0,NaN
2024-01-24T14:00,23.9,15.4,0.00,55.0,595.0,NaN
2024-01-24T15:00,25.8,17.0,0.00,51.0,578.0,NaN
2024-01-24T16:00,26.3,17.5,0.00,47.0,559.0,NaN
2024-01-24T17:00,22.2,14.8,0.00,42.0,539.0,NaN
2024-01-24T18:00,20.0,13.4,0.00,38.0,519.0,NaN
2024-01-24T19:00,18.9,12.6,0.00,35.0,492.0,NaN
2024-01-24T20:00,18.5,12.4,0.00,32.0,464.0,NaN
2024-01-24T21:00,18.2,12.2,0.00,30.0,461.0,NaN
2024-01-24T22:00,18.7,12.6,0.00,26.0,511.0,NaN
2024-01-24T23:00,20.9,14.2,0.00,22.0,585.0,NaN
2024-01-25T00:00,24.4,16.6,0.35,28.0,602.0,NaN
2024-01-25T01:00,21.2,14.3,1.80,44.0,550.0,NaN
2024-01-25T02:00,19.4,13.0,4.50,65.0,478.0,NaN
2024-01-25T03:00,20.1,13.5,7.75,86.0,420.0,NaN
2024-01-25T04:00,23.1,15.7,10.25,104.0,391.0,NaN
2024-01-25T05:00,26.8,18.3,11.05,120.0,377.0,NaN
2024-01-25T06:00,27.9,18.7,9.80,131.0,368.0,NaN
2024-01-25T07:00,28.8,18.9,7.05,135.0,351.0,NaN
2024-01-25T08:00,27.9,18.3,3.25,132.0,341.0,NaN
2024-01-25T09:00,30.0,20.1,1.20,124.0,370.0,NaN
2024-01-25T10:00,34.6,22.9,0.25,105.0,480.0,NaN
2024-01-25T11:00,39.3,26.1,0.00,80.0,629.0,NaN
2024-01-25T12:00,38.3,25.5,0.00,53.0,864.0,NaN
2024-01-25T13:00,36.8,24.4,0.00,52.0,842.0,NaN
2024-01-25T14:00,34.6,23.0,0.00,50.0,810.0,NaN
2024-01-25T15:00,35.2,23.5,0.00,48.0,773.0,NaN
2024-01-25T16:00,33.9,22.8,0.00,47.0,727.0,NaN
2024-01-25T17:00,28.6,19.2,0.00,46.0,675.0,NaN
2024-01-25T18:00,26.2,17.5,0.00,45.0,633.0,NaN
2024-01-25T19:00,25.2,16.8,0.00,43.0,600.0,NaN
2024-01-25T20:00,25.0,16.5,0.00,41.0,576.0,NaN
2024-01-25T21:00,24.9,16.5,0.00,39.0,577.0,NaN
2024-01-25T22:00,24.9,16.5,0.00,36.0,632.0,NaN
2024-01-25T23:00,26.0,17.3,0.00,33.0,711.0,NaN
2024-01-26T00:00,34.9,22.9,0.35,38.0,664.0,NaN
2024-01-26T01:00,33.3,21.7,1.80,54.0,592.0,NaN
2024-01-26T02:00,29.5,19.0,4.55,76.0,492.0,NaN
2024-01-26T03:00,28.5,18.5,7.80,96.0,412.0,NaN
2024-01-26T04:00,29.6,19.3,10.30,112.0,374.0,NaN
2024-01-26T05:00,31.4,20.3,11.10,126.0,356.0,NaN
2024-01-26T06:00,33.1,20.7,9.85,136.0,346.0,NaN
2024-01-26T07:00,33.8,21.4,7.05,145.0,325.0,NaN
2024-01-26T08:00,34.5,22.2,3.90,150.0,311.0,NaN
2024-01-26T09:00,34.8,22.6,1.45,146.0,349.0,NaN
2024-01-26T10:00,42.4,27.9,0.25,125.0,496.0,NaN
2024-01-26T11:00,54.1,35.7,0.00,95.0,696.0,NaN
2024-01-26T12:00,51.9,34.0,0.00,65.0,862.0,NaN
2024-01-26T13:00,43.7,28.3,0.00,63.0,790.0,NaN
2024-01-26T14:00,35.9,23.3,0.00,59.0,690.0,NaN
2024-01-26T15:00,33.9,22.1,0.00,56.0,616.0,NaN
2024-01-26T16:00,33.5,22.0,0.00,54.0,592.0,NaN
2024-01-26T17:00,32.2,21.2,0.00,51.0,594.0,NaN
2024-01-26T18:00,32.1,21.2,0.00,48.0,600.0,NaN
2024-01-26T19:00,32.7,21.5,0.00,43.0,595.0,NaN
2024-01-26T20:00,33.1,21.9,0.00,38.0,595.0,NaN
2024-01-26T21:00,32.6,21.8,0.00,33.0,618.0,NaN
2024-01-26T22:00,32.6,21.9,0.00,25.0,703.0,NaN
2024-01-26T23:00,34.2,23.2,0.00,18.0,812.0,NaN
2024-01-27T00:00,40.0,27.0,0.30,26.0,703.0,NaN
2024-01-27T01:00,40.4,27.2,1.70,50.0,634.0,NaN
2024-01-27T02:00,39.5,26.5,4.35,84.0,539.0,NaN
2024-01-27T03:00,40.5,27.1,7.40,116.0,463.0,NaN
2024-01-27T04:00,42.0,27.9,9.80,144.0,428.0,NaN
2024-01-27T05:00,43.0,28.4,10.45,170.0,413.0,NaN
2024-01-27T06:00,42.3,27.9,9.20,186.0,402.0,NaN
2024-01-27T07:00,42.3,28.0,6.60,191.0,375.0,NaN
2024-01-27T08:00,41.2,27.4,3.25,187.0,352.0,NaN
2024-01-27T09:00,39.6,26.4,1.20,173.0,379.0,NaN
2024-01-27T10:00,52.9,35.6,0.25,144.0,513.0,NaN
2024-01-27T11:00,58.7,39.0,0.00,106.0,698.0,NaN
2024-01-27T12:00,41.7,27.1,0.00,76.0,696.0,NaN
2024-01-27T13:00,32.6,20.8,0.00,73.0,635.0,NaN
2024-01-27T14:00,28.5,18.2,0.00,68.0,552.0,NaN
2024-01-27T15:00,26.2,16.8,0.00,63.0,487.0,NaN
2024-01-27T16:00,24.3,15.6,0.00,59.0,459.0,NaN
2024-01-27T17:00,22.3,14.3,0.00,55.0,450.0,NaN
2024-01-27T18:00,21.8,14.0,0.00,51.0,450.0,NaN
2024-01-27T19:00,22.6,14.6,0.00,46.0,452.0,NaN
2024-01-27T20:00,23.8,15.5,0.00,42.0,462.0,NaN
2024-01-27T21:00,24.9,16.3,0.00,38.0,489.0,NaN
2024-01-27T22:00,26.0,17.1,0.00,33.0,555.0,NaN
2024-01-27T23:00,27.4,18.1,0.00,30.0,637.0,NaN
2024-01-28T00:00,38.0,24.8,0.30,44.0,607.0,NaN
2024-01-28T01:00,38.8,25.2,1.65,60.0,562.0,NaN
2024-01-28T02:00,35.5,22.9,4.20,83.0,500.0,NaN
2024-01-28T03:00,33.6,21.7,7.35,104.0,447.0,NaN
2024-01-28T04:00,33.9,21.8,9.90,123.0,415.0,NaN
2024-01-28T05:00,35.7,22.8,10.80,141.0,392.0,NaN
2024-01-28T06:00,37.0,23.4,9.65,153.0,377.0,NaN
2024-01-28T07:00,37.4,23.8,6.85,158.0,356.0,NaN
2024-01-28T08:00,36.8,23.5,3.50,157.0,343.0,NaN
2024-01-28T09:00,36.6,23.4,1.40,148.0,369.0,NaN
2024-01-28T10:00,38.9,25.1,0.25,124.0,482.0,NaN
2024-01-28T11:00,43.3,28.1,0.00,93.0,635.0,NaN
2024-01-28T12:00,33.6,21.8,0.00,67.0,692.0,NaN
2024-01-28T13:00,29.5,18.9,0.00,66.0,627.0,NaN
2024-01-28T14:00,25.5,16.2,0.00,64.0,537.0,NaN
2024-01-28T15:00,23.6,15.0,0.00,61.0,472.0,NaN
2024-01-28T16:00,22.7,14.5,0.00,57.0,454.0,NaN
2024-01-28T17:00,21.7,13.9,0.00,51.0,461.0,NaN
2024-01-28T18:00,21.8,14.1,0.00,46.0,470.0,NaN
2024-01-28T19:00,22.4,14.5,0.00,41.0,467.0,NaN
2024-01-28T20:00,22.9,14.9,0.00,37.0,467.0,NaN
2024-01-28T21:00,23.4,15.3,0.00,33.0,491.0,NaN
2024-01-28T22:00,24.6,16.1,0.00,29.0,577.0,NaN
2024-01-28T23:00,26.7,17.7,0.00,25.0,688.0,NaN
2024-01-29T00:00,32.7,21.8,0.35,29.0,692.0,NaN
2024-01-29T01:00,31.7,21.1,1.75,48.0,613.0,NaN
2024-01-29T02:00,26.8,17.6,4.40,75.0,504.0,NaN
2024-01-29T03:00,24.4,16.0,7.60,98.0,414.0,NaN
2024-01-29T04:00,23.2,15.2,10.05,112.0,362.0,NaN
2024-01-29T05:00,22.8,14.8,10.95,122.0,329.0,NaN
2024-01-29T06:00,22.7,14.4,9.80,126.0,311.0,NaN
2024-01-29T07:00,21.8,13.6,5.90,124.0,301.0,NaN
2024-01-29T08:00,19.4,12.2,2.20,116.0,307.0,NaN
2024-01-29T09:00,20.1,12.8,1.25,106.0,342.0,NaN
2024-01-29T10:00,22.8,14.8,0.25,92.0,444.0,NaN
2024-01-29T11:00,28.6,18.8,0.00,74.0,576.0,NaN
2024-01-29T12:00,36.7,24.1,0.00,62.0,679.0,NaN
2024-01-29T13:00,31.0,20.1,0.00,62.0,598.0,NaN
2024-01-29T14:00,24.9,16.0,0.00,61.0,484.0,NaN
2024-01-29T15:00,21.2,13.6,0.00,60.0,393.0,NaN
2024-01-29T16:00,18.7,11.9,0.00,59.0,346.0,NaN
2024-01-29T17:00,16.3,10.3,0.00,57.0,320.0,NaN
2024-01-29T18:00,15.1,9.5,0.00,55.0,304.0,NaN
2024-01-29T19:00,14.7,9.3,0.00,53.0,288.0,NaN
2024-01-29T20:00,14.8,9.3,0.00,50.0,280.0,NaN
2024-01-29T21:00,15.4,9.8,0.00,47.0,299.0,NaN
2024-01-29T22:00,16.6,10.6,0.00,40.0,371.0,NaN
2024-01-29T23:00,18.7,12.1,0.00,33.0,469.0,NaN
2024-01-30T00:00,20.4,13.3,0.30,45.0,422.0,NaN
2024-01-30T01:00,24.2,15.8,1.70,57.0,411.0,NaN
2024-01-30T02:00,23.9,15.5,4.35,75.0,395.0,NaN
2024-01-30T03:00,25.0,16.2,7.55,91.0,374.0,NaN
2024-01-30T04:00,25.4,16.3,10.10,104.0,341.0,NaN
2024-01-30T05:00,25.4,15.8,11.00,116.0,302.0,NaN
2024-01-30T06:00,25.4,15.3,9.80,123.0,277.0,NaN
2024-01-30T07:00,25.8,15.4,6.95,124.0,270.0,NaN
2024-01-30T08:00,24.3,14.3,3.25,120.0,276.0,NaN
2024-01-30T09:00,22.9,13.9,1.40,112.0,297.0,NaN
2024-01-30T10:00,24.6,15.5,0.25,99.0,346.0,NaN
2024-01-30T11:00,26.8,17.2,0.00,83.0,410.0,NaN
2024-01-30T12:00,24.6,15.5,0.00,70.0,429.0,NaN
2024-01-30T13:00,23.6,14.9,0.00,66.0,422.0,NaN
2024-01-30T14:00,22.2,14.0,0.00,60.0,412.0,NaN
2024-01-30T15:00,21.6,13.7,0.00,55.0,396.0,NaN
2024-01-30T16:00,20.6,13.0,0.00,54.0,370.0,NaN
2024-01-30T17:00,18.5,11.5,0.00,54.0,339.0,NaN
2024-01-30T18:00,17.3,10.7,0.00,54.0,313.0,NaN
2024-01-30T19:00,16.4,10.0,0.00,54.0,286.0,NaN
2024-01-30T20:00,15.6,9.5,0.00,53.0,264.0,NaN
2024-01-30T21:00,15.0,9.2,0.00,51.0,272.0,NaN
2024-01-30T22:00,15.5,9.5,0.00,43.0,340.0,NaN
2024-01-30T23:00,17.5,11.1,0.00,34.0,438.0,NaN
2024-01-31T00:00,17.0,11.0,0.30,47.0,361.0,NaN
2024-01-31T01:00,19.4,12.5,1.45,55.0,354.0,NaN
2024-01-31T02:00,19.7,12.7,3.60,67.0,344.0,NaN
2024-01-31T03:00,21.7,14.0,6.90,80.0,335.0,NaN
2024-01-31T04:00,25.1,16.4,9.45,96.0,327.0,NaN
2024-01-31T05:00,29.2,18.7,9.70,114.0,321.0,NaN
2024-01-31T06:00,33.1,20.8,4.70,127.0,320.0,NaN
2024-01-31T07:00,38.1,24.3,4.50,133.0,319.0,NaN
2024-01-31T08:00,39.7,25.3,2.60,135.0,324.0,NaN
2024-01-31T09:00,38.5,24.4,1.10,129.0,356.0,NaN
2024-01-31T10:00,35.7,22.8,0.20,110.0,454.0,NaN
2024-01-31T11:00,36.8,23.9,0.00,84.0,580.0,NaN
2024-01-31T12:00,37.3,23.6,0.00,63.0,580.0,NaN
2024-01-31T13:00,29.2,18.5,0.00,62.0,514.0,NaN
2024-01-31T14:00,22.8,14.3,0.00,62.0,422.0,NaN
2024-01-31T15:00,18.6,11.7,0.00,61.0,347.0,NaN
2024-01-31T16:00,16.1,10.0,0.00,61.0,306.0,NaN
2024-01-31T17:00,13.6,8.4,0.00,60.0,282.0,NaN
2024-01-31T18:00,12.3,7.5,0.00,59.0,265.0,NaN
2024-01-31T19:00,11.9,7.2,0.00,57.0,248.0,NaN
2024-01-31T20:00,11.8,7.2,0.00,54.0,238.0,NaN
2024-01-31T21:00,12.2,7.4,0.00,51.0,252.0,NaN
2024-01-31T22:00,12.9,7.9,0.00,44.0,314.0,NaN
2024-01-31T23:00,14.7,9.2,0.00,36.0,400.0,NaN
2024-02-01T00:00,15.8,10.2,0.15,42.0,360.0,NaN
2024-02-01T01:00,17.0,10.9,0.90,49.0,355.0,NaN
2024-02-01T02:00,17.5,11.2,3.50,59.0,347.0,NaN
2024-02-01T03:00,19.5,12.6,6.50,73.0,338.0,NaN
2024-02-01T04:00,23.9,15.6,9.10,93.0,325.0,NaN
2024-02-01T05:00,31.4,20.2,9.35,117.0,311.0,NaN
2024-02-01T06:00,36.2,23.0,6.75,133.0,303.0,NaN
2024-02-01T07:00,39.5,25.3,4.40,139.0,301.0,NaN
2024-02-01T08:00,43.2,27.7,2.85,139.0,305.0,NaN
2024-02-01T09:00,42.8,27.5,1.20,131.0,325.0,NaN
2024-02-01T10:00,40.6,26.0,0.25,112.0,381.0,NaN
2024-02-01T11:00,37.1,24.0,0.00,85.0,453.0,NaN
2024-02-01T12:00,43.4,27.4,0.00,67.0,555.0,NaN
2024-02-01T13:00,35.2,21.9,0.00,64.0,516.0,NaN
2024-02-01T14:00,28.7,17.8,0.00,60.0,461.0,NaN
2024-02-01T15:00,24.1,14.9,0.00,57.0,410.0,NaN
2024-02-01T16:00,20.4,12.5,0.00,55.0,368.0,NaN
2024-02-01T17:00,16.4,10.0,0.00,55.0,331.0,NaN
2024-02-01T18:00,13.9,8.4,0.00,53.0,304.0,NaN
2024-02-01T19:00,12.8,7.7,0.00,50.0,284.0,NaN
2024-02-01T20:00,12.8,7.8,0.00,47.0,274.0,NaN
2024-02-01T21:00,13.4,8.4,0.00,43.0,294.0,NaN
2024-02-01T22:00,14.6,9.2,0.00,36.0,378.0,NaN
2024-02-01T23:00,16.4,10.7,0.00,28.0,491.0,NaN
2024-02-02T00:00,22.6,15.1,0.30,33.0,462.0,NaN
2024-02-02T01:00,20.4,13.1,1.45,44.0,423.0,NaN
2024-02-02T02:00,20.4,12.9,3.40,59.0,369.0,NaN
2024-02-02T03:00,22.4,14.2,6.00,76.0,328.0,NaN
2024-02-02T04:00,27.5,17.6,8.20,95.0,314.0,NaN
2024-02-02T05:00,36.7,23.5,6.40,115.0,314.0,NaN
2024-02-02T06:00,43.1,27.6,6.50,129.0,315.0,NaN
2024-02-02T07:00,43.4,27.9,4.85,135.0,310.0,NaN
2024-02-02T08:00,42.3,27.2,2.85,134.0,307.0,NaN
2024-02-02T09:00,41.3,26.7,1.15,127.0,314.0,NaN
2024-02-02T10:00,37.6,24.3,0.25,108.0,345.0,NaN
2024-02-02T11:00,33.1,21.4,0.00,83.0,385.0,NaN
2024-02-02T12:00,38.6,24.9,0.00,64.0,539.0,NaN
2024-02-02T13:00,27.1,17.2,0.00,62.0,473.0,NaN
2024-02-02T14:00,19.8,12.3,0.00,59.0,381.0,NaN
2024-02-02T15:00,16.0,9.6,0.00,56.0,307.0,NaN
2024-02-02T16:00,14.6,8.6,0.00,55.0,268.0,NaN
2024-02-02T17:00,13.2,7.5,0.00,54.0,247.0,NaN
2024-02-02T18:00,12.5,7.1,0.00,53.0,233.0,NaN
2024-02-02T19:00,12.2,7.0,0.00,50.0,220.0,NaN
2024-02-02T20:00,12.1,7.0,0.00,47.0,213.0,NaN
2024-02-02T21:00,12.2,7.2,0.00,44.0,223.0,NaN
2024-02-02T22:00,12.7,7.7,0.00,40.0,264.0,NaN
2024-02-02T23:00,13.4,8.7,0.00,35.0,321.0,NaN
2024-02-03T00:00,17.9,11.5,0.30,36.0,341.0,NaN
2024-02-03T01:00,16.9,10.7,1.55,46.0,327.0,NaN
2024-02-03T02:00,18.6,11.9,4.00,59.0,307.0,NaN
2024-02-03T03:00,22.1,14.4,6.95,76.0,294.0,NaN
2024-02-03T04:00,28.4,18.8,8.55,98.0,294.0,NaN
2024-02-03T05:00,34.2,22.8,8.85,123.0,301.0,NaN
2024-02-03T06:00,36.4,24.3,8.25,139.0,304.0,NaN
2024-02-03T07:00,35.5,23.7,6.40,142.0,293.0,NaN
2024-02-03T08:00,32.8,21.9,3.60,136.0,279.0,NaN
2024-02-03T09:00,30.5,20.4,1.45,125.0,286.0,NaN
2024-02-03T10:00,26.8,17.6,0.25,105.0,339.0,NaN
2024-02-03T11:00,28.2,18.4,0.00,78.0,412.0,NaN
2024-02-03T12:00,28.0,17.9,0.00,58.0,455.0,NaN
2024-02-03T13:00,23.5,14.6,0.00,57.0,421.0,NaN
2024-02-03T14:00,20.7,12.7,0.00,56.0,372.0,NaN
2024-02-03T15:00,19.5,11.9,0.00,55.0,328.0,NaN
2024-02-03T16:00,18.5,11.1,0.00,56.0,293.0,NaN
2024-02-03T17:00,16.9,10.0,0.00,57.0,263.0,NaN
2024-02-03T18:00,16.5,9.7,0.00,57.0,241.0,NaN
2024-02-03T19:00,16.8,9.9,0.00,55.0,223.0,NaN
2024-02-03T20:00,17.6,10.3,0.00,52.0,213.0,NaN
2024-02-03T21:00,18.3,10.9,0.00,48.0,223.0,NaN
2024-02-03T22:00,19.5,11.7,0.00,42.0,272.0,NaN
2024-02-03T23:00,21.9,13.5,0.00,35.0,341.0,NaN
2024-02-04T00:00,32.1,19.7,0.20,33.0,373.0,NaN
2024-02-04T01:00,30.0,18.3,1.35,42.0,356.0,NaN
2024-02-04T02:00,29.1,17.9,3.90,54.0,332.0,NaN
2024-02-04T03:00,30.4,19.0,7.50,69.0,311.0,NaN
2024-02-04T04:00,33.3,21.2,10.00,88.0,295.0,NaN
2024-02-04T05:00,36.8,23.4,10.80,109.0,282.0,NaN
2024-02-04T06:00,37.0,23.5,8.40,123.0,274.0,NaN
2024-02-04T07:00,38.5,24.8,5.15,128.0,272.0,NaN
2024-02-04T08:00,39.7,25.3,2.95,126.0,275.0,NaN
2024-02-04T09:00,38.6,24.3,1.15,118.0,288.0,NaN
2024-02-04T10:00,34.8,21.5,0.25,102.0,320.0,NaN
2024-02-04T11:00,32.2,19.9,0.00,80.0,363.0,NaN
2024-02-04T12:00,44.8,28.3,0.00,65.0,519.0,NaN
2024-02-04T13:00,39.1,24.4,0.00,63.0,474.0,NaN
2024-02-04T14:00,34.6,21.4,0.00,60.0,411.0,NaN
2024-02-04T15:00,30.7,18.9,0.00,57.0,358.0,NaN
2024-02-04T16:00,27.8,17.0,0.00,55.0,327.0,NaN
2024-02-04T17:00,25.1,15.3,0.00,53.0,306.0,NaN
2024-02-04T18:00,23.5,14.4,0.00,51.0,290.0,NaN
2024-02-04T19:00,21.2,13.5,0.00,48.0,276.0,NaN
2024-02-04T20:00,20.0,13.0,0.00,45.0,268.0,NaN
2024-02-04T21:00,19.0,12.5,0.00,43.0,271.0,NaN
2024-02-04T22:00,18.3,12.1,0.00,40.0,297.0,NaN
2024-02-04T23:00,18.5,12.4,0.00,38.0,334.0,NaN
2024-02-05T00:00,27.1,17.6,0.30,40.0,356.0,NaN
2024-02-05T01:00,24.6,15.7,1.45,47.0,327.0,NaN
2024-02-05T02:00,23.7,15.0,3.55,57.0,288.0,NaN
2024-02-05T03:00,25.0,15.9,6.15,70.0,261.0,NaN
2024-02-05T04:00,29.9,19.2,7.95,90.0,258.0,NaN
2024-02-05T05:00,33.8,21.9,8.30,113.0,268.0,NaN
2024-02-05T06:00,36.6,23.9,8.25,129.0,278.0,NaN
2024-02-05T07:00,37.0,24.2,6.15,136.0,280.0,NaN
2024-02-05T08:00,37.7,24.6,3.55,136.0,282.0,NaN
2024-02-05T09:00,38.5,25.2,1.45,129.0,293.0,NaN
2024-02-05T10:00,38.4,25.1,0.30,111.0,324.0,NaN
2024-02-05T11:00,34.8,22.6,0.00,86.0,364.0,NaN
2024-02-05T12:00,36.6,23.3,0.00,66.0,470.0,NaN
2024-02-05T13:00,28.6,17.8,0.00,62.0,425.0,NaN
2024-02-05T14:00,23.1,14.2,0.00,56.0,361.0,NaN
2024-02-05T15:00,19.9,12.2,0.00,51.0,308.0,NaN
2024-02-05T16:00,18.1,11.1,0.00,49.0,276.0,NaN
2024-02-05T17:00,16.4,10.1,0.00,48.0,254.0,NaN
2024-02-05T18:00,15.9,9.7,0.00,47.0,236.0,NaN
2024-02-05T19:00,15.9,9.8,0.00,45.0,217.0,NaN
2024-02-05T20:00,16.2,10.0,0.00,44.0,202.0,NaN
2024-02-05T21:00,16.1,10.1,0.00,42.0,202.0,NaN
2024-02-05T22:00,15.3,10.0,0.00,39.0,229.0,NaN
2024-02-05T23:00,16.1,10.7,0.00,35.0,271.0,NaN
2024-02-06T00:00,16.5,10.9,0.35,40.0,260.0,NaN
2024-02-06T01:00,17.9,11.7,1.85,47.0,250.0,NaN
2024-02-06T02:00,18.5,12.1,4.80,57.0,237.0,NaN
2024-02-06T03:00,19.2,12.7,8.30,68.0,225.0,NaN
2024-02-06T04:00,20.2,13.4,11.05,80.0,217.0,NaN
2024-02-06T05:00,20.8,13.8,12.05,93.0,210.0,NaN
2024-02-06T06:00,21.3,14.2,10.85,103.0,207.0,NaN
2024-02-06T07:00,22.8,15.0,8.00,108.0,205.0,NaN
2024-02-06T08:00,23.6,15.5,4.55,110.0,207.0,NaN
2024-02-06T09:00,25.1,16.4,1.70,106.0,220.0,NaN
2024-02-06T10:00,24.6,15.8,0.30,92.0,259.0,NaN
2024-02-06T11:00,26.3,16.9,0.00,72.0,311.0,NaN
2024-02-06T12:00,30.9,19.4,0.00,56.0,370.0,NaN
2024-02-06T13:00,27.9,17.4,0.00,54.0,341.0,NaN
2024-02-06T14:00,25.2,15.6,0.00,51.0,302.0,NaN
2024-02-06T15:00,24.3,15.0,0.00,48.0,269.0,NaN
2024-02-06T16:00,24.0,14.9,0.00,45.0,252.0,NaN
2024-02-06T17:00,23.3,14.4,0.00,42.0,242.0,NaN
2024-02-06T18:00,22.9,14.2,0.00,40.0,232.0,NaN
2024-02-06T19:00,22.5,14.0,0.00,38.0,214.0,NaN
2024-02-06T20:00,22.2,13.9,0.00,37.0,196.0,NaN
2024-02-06T21:00,21.9,13.8,0.00,36.0,192.0,NaN
2024-02-06T22:00,21.8,13.8,0.00,33.0,219.0,NaN
2024-02-06T23:00,20.9,13.8,0.00,30.0,260.0,NaN
2024-02-07T00:00,32.5,21.1,0.30,32.0,284.0,NaN
2024-02-07T01:00,33.1,21.2,1.35,39.0,263.0,NaN
2024-02-07T02:00,32.4,20.4,3.25,49.0,234.0,NaN
2024-02-07T03:00,33.6,21.0,6.00,61.0,213.0,NaN
2024-02-07T04:00,36.2,22.2,8.20,76.0,208.0,NaN
2024-02-07T05:00,38.1,23.0,8.65,93.0,210.0,NaN
2024-02-07T06:00,39.2,23.8,8.05,105.0,215.0,NaN
2024-02-07T07:00,39.9,24.2,6.10,112.0,213.0,NaN
2024-02-07T08:00,40.4,24.6,3.75,114.0,214.0,NaN
2024-02-07T09:00,40.9,24.9,1.45,109.0,234.0,NaN
2024-02-07T10:00,41.4,25.1,0.25,92.0,299.0,NaN
2024-02-07T11:00,42.8,26.5,0.00,69.0,384.0,NaN
2024-02-07T12:00,65.7,41.7,0.00,53.0,698.0,NaN
2024-02-07T13:00,59.1,37.5,0.00,50.0,607.0,NaN
2024-02-07T14:00,48.7,30.6,0.00,46.0,480.0,NaN
2024-02-07T15:00,41.3,25.8,0.00,43.0,373.0,NaN
2024-02-07T16:00,35.2,21.8,0.00,41.0,306.0,NaN
2024-02-07T17:00,30.0,18.5,0.00,40.0,259.0,NaN
2024-02-07T18:00,27.4,16.7,0.00,39.0,225.0,NaN
2024-02-07T19:00,25.5,15.7,0.00,38.0,201.0,NaN
2024-02-07T20:00,23.1,14.8,0.00,37.0,190.0,NaN
2024-02-07T21:00,22.0,14.2,0.00,36.0,191.0,NaN
2024-02-07T22:00,21.5,13.9,0.00,34.0,212.0,NaN
2024-02-07T23:00,21.7,14.1,0.00,33.0,244.0,NaN
2024-02-08T00:00,19.6,13.1,0.25,32.0,272.0,NaN
2024-02-08T01:00,21.5,13.3,0.80,37.0,255.0,NaN
2024-02-08T02:00,22.4,13.6,1.45,44.0,232.0,NaN
2024-02-08T03:00,24.8,15.0,2.80,54.0,214.0,NaN
2024-02-08T04:00,26.2,15.7,6.15,70.0,205.0,NaN
2024-02-08T05:00,28.5,16.8,8.75,89.0,200.0,NaN
2024-02-08T06:00,29.4,17.3,8.65,102.0,199.0,NaN
2024-02-08T07:00,29.5,17.5,5.65,108.0,197.0,NaN
2024-02-08T08:00,30.3,18.1,2.90,108.0,198.0,NaN
2024-02-08T09:00,30.5,18.3,1.40,103.0,219.0,NaN
2024-02-08T10:00,29.2,17.6,0.25,88.0,281.0,NaN
2024-02-08T11:00,30.9,19.3,0.00,67.0,363.0,NaN
2024-02-08T12:00,47.1,28.8,0.00,47.0,493.0,NaN
2024-02-08T13:00,39.5,24.0,0.00,45.0,454.0,NaN
2024-02-08T14:00,33.6,20.5,0.00,42.0,400.0,NaN
2024-02-08T15:00,30.4,18.7,0.00,40.0,355.0,NaN
2024-02-08T16:00,28.3,17.5,0.00,38.0,329.0,NaN
2024-02-08T17:00,25.8,15.9,0.00,36.0,311.0,NaN
2024-02-08T18:00,24.3,15.0,0.00,35.0,295.0,NaN
2024-02-08T19:00,23.6,14.6,0.00,35.0,274.0,NaN
2024-02-08T20:00,23.6,14.5,0.00,35.0,255.0,NaN
2024-02-08T21:00,23.4,14.5,0.00,35.0,252.0,NaN
2024-02-08T22:00,23.2,14.4,0.00,32.0,284.0,NaN
2024-02-08T23:00,22.3,14.5,0.00,29.0,332.0,NaN
2024-02-09T00:00,23.3,15.4,0.30,33.0,316.0,NaN
2024-02-09T01:00,24.1,15.3,1.50,43.0,294.0,NaN
2024-02-09T02:00,24.6,15.4,3.90,58.0,263.0,NaN
2024-02-09T03:00,26.7,16.6,6.95,72.0,236.0,NaN
2024-02-09T04:00,28.9,17.8,9.55,85.0,218.0,NaN
2024-02-09T05:00,28.5,17.6,10.00,97.0,204.0,NaN
2024-02-09T06:00,28.1,17.4,8.50,104.0,197.0,NaN
2024-02-09T07:00,28.8,18.0,6.00,105.0,186.0,NaN
2024-02-09T08:00,30.3,19.0,3.35,102.0,182.0,NaN
2024-02-09T09:00,31.9,19.9,1.20,95.0,216.0,NaN
2024-02-09T10:00,31.9,20.1,0.30,81.0,332.0,NaN
2024-02-09T11:00,36.4,23.3,0.00,62.0,487.0,NaN
2024-02-09T12:00,39.3,25.6,0.00,44.0,654.0,NaN
2024-02-09T13:00,38.3,25.0,0.00,44.0,577.0,NaN
2024-02-09T14:00,29.7,19.1,0.00,44.0,469.0,NaN
2024-02-09T15:00,24.8,15.8,0.00,43.0,381.0,NaN
2024-02-09T16:00,22.9,14.4,0.00,41.0,332.0,NaN
2024-02-09T17:00,21.1,13.2,0.00,39.0,302.0,NaN
2024-02-09T18:00,20.6,12.9,0.00,36.0,288.0,NaN
2024-02-09T19:00,21.0,13.3,0.00,33.0,286.0,NaN
2024-02-09T20:00,22.1,14.2,0.00,29.0,300.0,NaN
2024-02-09T21:00,23.2,15.1,0.00,26.0,334.0,NaN
2024-02-09T22:00,24.7,16.2,0.00,23.0,413.0,NaN
2024-02-09T23:00,27.0,17.9,0.00,21.0,513.0,NaN
2024-02-10T00:00,40.4,26.7,0.35,31.0,492.0,NaN
2024-02-10T01:00,40.3,26.5,1.75,46.0,443.0,NaN
2024-02-10T02:00,36.0,23.6,4.50,69.0,375.0,NaN
2024-02-10T03:00,34.2,22.5,7.85,90.0,323.0,NaN
2024-02-10T04:00,34.5,22.6,10.45,111.0,302.0,NaN
2024-02-10T05:00,33.6,22.2,11.40,131.0,297.0,NaN
2024-02-10T06:00,33.4,22.0,10.00,144.0,295.0,NaN
2024-02-10T07:00,32.1,20.8,6.65,147.0,276.0,NaN
2024-02-10T08:00,31.1,19.6,3.30,143.0,260.0,NaN
2024-02-10T09:00,31.3,19.3,1.35,132.0,299.0,NaN
2024-02-10T10:00,34.6,21.3,0.30,109.0,450.0,NaN
2024-02-10T11:00,46.6,30.2,0.00,80.0,655.0,NaN
2024-02-10T12:00,35.9,23.0,0.00,66.0,608.0,NaN
2024-02-10T13:00,29.4,18.9,0.00,63.0,596.0,NaN
2024-02-10T14:00,27.4,18.0,0.00,58.0,577.0,NaN
2024-02-10T15:00,27.4,18.2,0.00,54.0,548.0,NaN
2024-02-10T16:00,23.6,15.7,0.00,51.0,497.0,NaN
2024-02-10T17:00,19.5,13.0,0.00,47.0,436.0,NaN
2024-02-10T18:00,16.8,11.2,0.00,44.0,394.0,NaN
2024-02-10T19:00,15.7,10.5,0.00,40.0,378.0,NaN
2024-02-10T20:00,16.1,10.8,0.00,36.0,381.0,NaN
2024-02-10T21:00,17.4,11.8,0.00,33.0,412.0,NaN
2024-02-10T22:00,19.0,13.0,0.00,29.0,500.0,NaN
2024-02-10T23:00,21.0,14.4,0.00,25.0,617.0,NaN
2024-02-11T00:00,31.5,21.3,0.35,31.0,662.0,NaN
2024-02-11T01:00,29.0,19.7,1.85,51.0,615.0,NaN
2024-02-11T02:00,23.1,15.4,4.65,80.0,549.0,NaN
2024-02-11T03:00,21.2,14.3,8.00,103.0,498.0,NaN
2024-02-11T04:00,21.9,14.8,10.50,117.0,475.0,NaN
2024-02-11T05:00,21.9,14.6,9.55,125.0,466.0,NaN
2024-02-11T06:00,19.6,13.0,8.00,129.0,461.0,NaN
2024-02-11T07:00,18.7,12.5,5.65,129.0,437.0,NaN
2024-02-11T08:00,17.8,12.0,3.20,125.0,417.0,NaN
2024-02-11T09:00,18.4,12.4,1.45,116.0,461.0,NaN
2024-02-11T10:00,21.7,14.7,0.30,97.0,642.0,NaN
2024-02-11T11:00,40.3,27.5,0.00,73.0,886.0,NaN
2024-02-11T12:00,35.0,23.9,0.00,51.0,906.0,NaN
2024-02-11T13:00,33.8,22.9,0.00,50.0,863.0,NaN
2024-02-11T14:00,31.5,21.4,0.00,47.0,802.0,NaN
2024-02-11T15:00,29.6,20.1,0.00,45.0,739.0,NaN
2024-02-11T16:00,25.6,17.4,0.00,42.0,674.0,NaN
2024-02-11T17:00,22.0,15.0,0.00,39.0,607.0,NaN
2024-02-11T18:00,20.4,13.8,0.00,37.0,555.0,NaN
2024-02-11T19:00,19.4,13.1,0.00,35.0,523.0,NaN
2024-02-11T20:00,19.1,12.9,0.00,35.0,506.0,NaN
2024-02-11T21:00,19.2,13.0,0.00,34.0,511.0,NaN
2024-02-11T22:00,19.3,13.1,0.00,32.0,560.0,NaN
2024-02-11T23:00,20.0,13.6,0.00,29.0,631.0,NaN
2024-02-12T00:00,28.2,19.2,0.35,37.0,636.0,NaN
2024-02-12T01:00,28.0,19.0,1.90,56.0,598.0,NaN
2024-02-12T02:00,24.1,16.2,4.80,82.0,544.0,NaN
2024-02-12T03:00,25.7,17.3,8.15,106.0,496.0,NaN
2024-02-12T04:00,26.8,18.0,10.80,126.0,462.0,NaN
2024-02-12T05:00,26.9,17.9,11.70,144.0,433.0,NaN
2024-02-12T06:00,26.4,17.5,10.45,155.0,410.0,NaN
2024-02-12T07:00,26.1,17.2,7.70,159.0,370.0,NaN
2024-02-12T08:00,26.4,16.8,4.40,156.0,335.0,NaN
2024-02-12T09:00,26.0,16.2,1.70,144.0,371.0,NaN
2024-02-12T10:00,25.6,15.9,0.30,115.0,553.0,NaN
2024-02-12T11:00,35.5,23.2,0.00,77.0,807.0,NaN
2024-02-12T12:00,34.2,22.7,0.00,54.0,814.0,NaN
2024-02-12T13:00,30.7,20.3,0.00,54.0,757.0,NaN
2024-02-12T14:00,29.2,19.3,0.00,53.0,679.0,NaN
2024-02-12T15:00,29.2,19.5,0.00,51.0,625.0,NaN
2024-02-12T16:00,30.6,20.6,0.00,46.0,623.0,NaN
2024-02-12T17:00,30.7,20.8,0.00,39.0,646.0,NaN
2024-02-12T18:00,28.9,19.6,0.00,33.0,655.0,NaN
2024-02-12T19:00,27.9,18.9,0.00,29.0,622.0,NaN
2024-02-12T20:00,27.0,18.3,0.00,27.0,575.0,NaN
2024-02-12T21:00,25.1,17.0,0.00,26.0,564.0,NaN
2024-02-12T22:00,23.2,15.7,0.00,23.0,637.0,NaN
2024-02-12T23:00,25.1,16.9,0.00,22.0,746.0,NaN
2024-02-13T00:00,35.4,23.7,0.35,33.0,665.0,NaN
2024-02-13T01:00,32.8,21.5,1.85,52.0,591.0,NaN
2024-02-13T02:00,30.4,19.7,4.70,79.0,489.0,NaN
2024-02-13T03:00,29.5,19.0,8.15,102.0,404.0,NaN
2024-02-13T04:00,28.6,18.1,11.00,117.0,357.0,NaN
2024-02-13T05:00,26.5,16.5,12.05,128.0,328.0,NaN
2024-02-13T06:00,23.6,14.8,9.55,132.0,306.0,NaN
2024-02-13T07:00,17.4,11.0,3.90,127.0,280.0,NaN
2024-02-13T08:00,15.2,9.7,4.05,116.0,262.0,NaN
2024-02-13T09:00,14.4,9.1,1.70,103.0,277.0,NaN
2024-02-13T10:00,15.8,10.1,0.35,90.0,363.0,NaN
2024-02-13T11:00,21.1,13.9,0.00,75.0,482.0,NaN
2024-02-13T12:00,17.7,11.7,0.00,66.0,447.0,NaN
2024-02-13T13:00,16.9,11.0,0.00,65.0,421.0,NaN
2024-02-13T14:00,15.1,9.8,0.00,63.0,383.0,NaN
2024-02-13T15:00,13.9,9.1,0.00,61.0,351.0,NaN
2024-02-13T16:00,12.8,8.3,0.00,60.0,328.0,NaN
2024-02-13T17:00,11.6,7.4,0.00,59.0,309.0,NaN
2024-02-13T18:00,11.4,7.2,0.00,58.0,297.0,NaN
2024-02-13T19:00,11.6,7.4,0.00,56.0,288.0,NaN
2024-02-13T20:00,12.0,7.6,0.00,54.0,285.0,NaN
2024-02-13T21:00,12.3,7.9,0.00,52.0,298.0,NaN
2024-02-13T22:00,12.8,8.2,0.00,47.0,345.0,NaN
2024-02-13T23:00,14.0,9.1,0.00,41.0,408.0,NaN
2024-02-14T00:00,20.7,13.6,0.35,45.0,436.0,NaN
2024-02-14T01:00,20.5,13.3,1.90,58.0,407.0,NaN
2024-02-14T02:00,19.7,12.8,4.80,76.0,367.0,NaN
2024-02-14T03:00,19.8,12.9,8.25,91.0,331.0,NaN
2024-02-14T04:00,19.3,12.4,11.00,101.0,302.0,NaN
2024-02-14T05:00,18.3,11.4,11.95,109.0,277.0,NaN
2024-02-14T06:00,17.6,10.9,9.15,112.0,261.0,NaN
2024-02-14T07:00,17.1,10.6,5.60,110.0,246.0,NaN
2024-02-14T08:00,16.5,10.3,3.15,105.0,239.0,NaN
2024-02-14T09:00,16.3,10.2,1.40,97.0,266.0,NaN
2024-02-14T10:00,18.7,12.1,0.35,86.0,369.0,NaN
2024-02-14T11:00,23.8,15.7,0.00,72.0,506.0,NaN
2024-02-14T12:00,21.9,14.0,0.00,63.0,446.0,NaN
2024-02-14T13:00,18.5,11.7,0.00,62.0,411.0,NaN
2024-02-14T14:00,16.4,10.4,0.00,60.0,363.0,NaN
2024-02-14T15:00,15.7,10.0,0.00,58.0,322.0,NaN
2024-02-14T16:00,14.9,9.6,0.00,56.0,298.0,NaN
2024-02-14T17:00,13.0,8.4,0.00,55.0,281.0,NaN
2024-02-14T18:00,11.6,7.4,0.00,53.0,267.0,NaN
2024-02-14T19:00,10.8,7.0,0.00,52.0,251.0,NaN
2024-02-14T20:00,10.7,6.8,0.00,51.0,238.0,NaN
2024-02-14T21:00,10.6,6.8,0.00,50.0,239.0,NaN
2024-02-14T22:00,10.5,6.7,0.00,46.0,270.0,NaN
2024-02-14T23:00,11.0,7.0,0.00,42.0,315.0,NaN
2024-02-15T00:00,13.4,8.8,0.35,48.0,312.0,NaN
2024-02-15T01:00,15.8,10.3,1.70,58.0,304.0,NaN
2024-02-15T02:00,16.4,10.6,4.35,73.0,292.0,NaN
2024-02-15T03:00,17.1,11.0,7.60,86.0,280.0,NaN
2024-02-15T04:00,17.2,11.0,10.30,98.0,265.0,NaN
2024-02-15T05:00,17.4,10.9,11.15,109.0,249.0,NaN
2024-02-15T06:00,18.9,11.8,9.15,115.0,241.0,NaN
2024-02-15T07:00,20.2,12.6,5.85,115.0,241.0,NaN
2024-02-15T08:00,20.1,12.4,2.40,111.0,248.0,NaN
2024-02-15T09:00,19.6,12.3,1.55,104.0,273.0,NaN
2024-02-15T10:00,19.7,12.6,0.35,91.0,338.0,NaN
2024-02-15T11:00,23.1,15.1,0.00,75.0,421.0,NaN
2024-02-15T12:00,19.0,12.3,0.00,67.0,392.0,NaN
2024-02-15T13:00,16.2,10.4,0.00,65.0,366.0,NaN
2024-02-15T14:00,14.3,9.1,0.00,61.0,329.0,NaN
2024-02-15T15:00,13.9,8.8,0.00,58.0,298.0,NaN
2024-02-15T16:00,13.5,8.5,0.00,55.0,278.0,NaN
2024-02-15T17:00,12.4,7.8,0.00,53.0,263.0,NaN
2024-02-15T18:00,12.1,7.5,0.00,51.0,252.0,NaN
2024-02-15T19:00,12.1,7.5,0.00,49.0,242.0,NaN
2024-02-15T20:00,12.1,7.6,0.00,47.0,236.0,NaN
2024-02-15T21:00,12.3,7.7,0.00,45.0,243.0,NaN
2024-02-15T22:00,12.6,7.9,0.00,41.0,278.0,NaN
2024-02-15T23:00,13.2,8.5,0.00,37.0,327.0,NaN
2024-02-16T00:00,20.0,13.0,0.35,38.0,391.0,NaN
2024-02-16T01:00,21.9,14.4,1.70,52.0,366.0,NaN
2024-02-16T02:00,21.1,13.9,4.40,72.0,331.0,NaN
2024-02-16T03:00,19.6,12.9,7.85,88.0,297.0,NaN
2024-02-16T04:00,17.8,11.6,10.85,97.0,266.0,NaN
2024-02-16T05:00,16.9,10.7,12.05,103.0,238.0,NaN
2024-02-16T06:00,17.2,10.7,11.05,106.0,219.0,NaN
2024-02-16T07:00,18.1,11.2,8.15,108.0,205.0,NaN
2024-02-16T08:00,18.7,11.5,4.50,109.0,201.0,NaN
2024-02-16T09:00,19.1,11.7,1.85,105.0,232.0,NaN
2024-02-16T10:00,20.1,12.6,0.35,94.0,340.0,NaN
2024-02-16T11:00,26.7,17.4,0.00,78.0,484.0,NaN
2024-02-16T12:00,19.7,12.8,0.00,69.0,378.0,NaN
2024-02-16T13:00,18.5,11.9,0.00,67.0,357.0,NaN
2024-02-16T14:00,17.2,11.0,0.00,63.0,327.0,NaN
2024-02-16T15:00,16.4,10.5,0.00,60.0,300.0,NaN
2024-02-16T16:00,15.3,9.7,0.00,57.0,278.0,NaN
2024-02-16T17:00,13.6,8.7,0.00,55.0,259.0,NaN
2024-02-16T18:00,12.8,8.2,0.00,52.0,245.0,NaN
2024-02-16T19:00,12.5,8.0,0.00,50.0,235.0,NaN
2024-02-16T20:00,12.5,8.0,0.00,47.0,230.0,NaN
2024-02-16T21:00,12.6,8.1,0.00,45.0,241.0,NaN
2024-02-16T22:00,13.0,8.4,0.00,40.0,284.0,NaN
2024-02-16T23:00,14.0,9.1,0.00,35.0,342.0,NaN
2024-02-17T00:00,21.5,14.0,0.40,40.0,337.0,NaN
2024-02-17T01:00,20.8,13.5,1.90,51.0,314.0,NaN
2024-02-17T02:00,19.4,12.7,4.75,67.0,283.0,NaN
2024-02-17T03:00,18.4,12.1,8.10,81.0,254.0,NaN
2024-02-17T04:00,18.5,12.1,10.80,92.0,231.0,NaN
2024-02-17T05:00,17.9,11.4,11.85,102.0,212.0,NaN
2024-02-17T06:00,18.8,11.7,10.70,109.0,201.0,NaN
2024-02-17T07:00,20.7,12.8,7.90,113.0,196.0,NaN
2024-02-17T08:00,21.8,13.3,4.55,114.0,199.0,NaN
2024-02-17T09:00,23.3,14.3,1.80,110.0,219.0,NaN
2024-02-17T10:00,24.2,15.0,0.35,97.0,274.0,NaN
2024-02-17T11:00,26.3,16.8,0.00,80.0,345.0,NaN
2024-02-17T12:00,20.7,12.9,0.00,64.0,339.0,NaN
2024-02-17T13:00,19.7,12.2,0.00,61.0,326.0,NaN
2024-02-17T14:00,18.4,11.4,0.00,57.0,307.0,NaN
2024-02-17T15:00,17.5,10.9,0.00,53.0,285.0,NaN
2024-02-17T16:00,16.2,10.1,0.00,51.0,259.0,NaN
2024-02-17T17:00,14.5,8.9,0.00,49.0,231.0,NaN
2024-02-17T18:00,13.4,8.3,0.00,47.0,210.0,NaN
2024-02-17T19:00,13.1,8.1,0.00,45.0,196.0,NaN
2024-02-17T20:00,13.2,8.2,0.00,43.0,189.0,NaN
2024-02-17T21:00,13.6,8.5,0.00,41.0,197.0,NaN
2024-02-17T22:00,14.1,8.9,0.00,36.0,236.0,NaN
2024-02-17T23:00,15.3,9.8,0.00,31.0,290.0,NaN
2024-02-18T00:00,16.8,11.0,0.40,33.0,328.0,NaN
2024-02-18T01:00,16.0,10.4,2.05,43.0,306.0,NaN
2024-02-18T02:00,16.1,10.6,5.05,57.0,276.0,NaN
2024-02-18T03:00,17.2,11.3,8.60,71.0,250.0,NaN
2024-02-18T04:00,18.7,12.2,11.45,83.0,232.0,NaN
2024-02-18T05:00,19.1,12.3,12.50,95.0,218.0,NaN
2024-02-18T06:00,19.0,12.0,11.25,103.0,211.0,NaN
2024-02-18T07:00,19.3,12.2,6.70,107.0,208.0,NaN
2024-02-18T08:00,20.5,12.9,3.75,108.0,212.0,NaN
2024-02-18T09:00,20.7,12.9,1.70,103.0,227.0,NaN
2024-02-18T10:00,21.8,13.6,0.35,90.0,268.0,NaN
2024-02-18T11:00,23.5,14.8,0.00,72.0,320.0,NaN
2024-02-18T12:00,28.1,17.1,0.00,54.0,367.0,NaN
2024-02-18T13:00,24.4,14.8,0.00,54.0,339.0,NaN
2024-02-18T14:00,21.4,12.8,0.00,55.0,300.0,NaN
2024-02-18T15:00,19.8,11.8,0.00,55.0,266.0,NaN
2024-02-18T16:00,18.9,11.2,0.00,55.0,242.0,NaN
2024-02-18T17:00,17.6,10.3,0.00,56.0,223.0,NaN
2024-02-18T18:00,17.1,10.0,0.00,56.0,208.0,NaN
2024-02-18T19:00,16.8,9.8,0.00,56.0,195.0,NaN
2024-02-18T20:00,16.7,9.8,0.00,55.0,186.0,NaN
2024-02-18T21:00,16.8,9.9,0.00,54.0,188.0,NaN
2024-02-18T22:00,17.1,10.0,0.00,50.0,211.0,NaN
2024-02-18T23:00,17.8,10.6,0.00,46.0,245.0,NaN
2024-02-19T00:00,25.3,15.1,0.35,44.0,274.0,NaN
2024-02-19T01:00,24.9,14.9,1.70,51.0,264.0,NaN
2024-02-19T02:00,24.4,14.7,4.40,61.0,250.0,NaN
2024-02-19T03:00,25.1,15.1,7.60,72.0,238.0,NaN
2024-02-19T04:00,26.1,15.4,10.15,86.0,230.0,NaN
2024-02-19T05:00,27.3,15.9,10.95,101.0,225.0,NaN
2024-02-19T06:00,28.3,16.8,9.35,111.0,221.0,NaN
2024-02-19T07:00,29.0,17.4,6.75,113.0,216.0,NaN
2024-02-19T08:00,28.5,16.9,3.55,110.0,212.0,NaN
2024-02-19T09:00,28.0,16.5,1.60,102.0,219.0,NaN
2024-02-19T10:00,25.2,14.9,0.30,87.0,248.0,NaN
2024-02-19T11:00,22.3,13.4,0.00,68.0,287.0,NaN
2024-02-19T12:00,20.9,12.8,0.00,54.0,330.0,NaN
2024-02-19T13:00,20.3,12.5,0.00,51.0,325.0,NaN
2024-02-19T14:00,19.8,12.4,0.00,47.0,316.0,NaN
2024-02-19T15:00,19.4,12.2,0.00,44.0,302.0,NaN
2024-02-19T16:00,18.3,11.5,0.00,43.0,277.0,NaN
2024-02-19T17:00,16.4,10.2,0.00,43.0,247.0,NaN
2024-02-19T18:00,15.2,9.4,0.00,43.0,221.0,NaN
2024-02-19T19:00,14.2,8.8,0.00,42.0,202.0,NaN
2024-02-19T20:00,13.4,8.4,0.00,41.0,188.0,NaN
2024-02-19T21:00,12.6,7.9,0.00,40.0,185.0,NaN
2024-02-19T22:00,12.1,7.7,0.00,38.0,201.0,NaN
2024-02-19T23:00,12.1,7.8,0.00,36.0,228.0,NaN
2024-02-20T00:00,15.1,9.6,0.35,40.0,236.0,NaN
2024-02-20T01:00,15.4,9.8,1.75,47.0,230.0,NaN
2024-02-20T02:00,15.7,10.0,4.30,56.0,220.0,NaN
2024-02-20T03:00,17.2,11.0,7.50,66.0,211.0,NaN
2024-02-20T04:00,19.4,12.3,10.25,76.0,201.0,NaN
2024-02-20T05:00,20.2,12.6,11.00,86.0,190.0,NaN
2024-02-20T06:00,20.7,12.8,10.10,93.0,183.0,NaN
2024-02-20T07:00,21.5,13.2,7.45,95.0,177.0,NaN
2024-02-20T08:00,21.3,13.0,4.45,94.0,175.0,NaN
2024-02-20T09:00,20.2,12.3,1.80,89.0,189.0,NaN
2024-02-20T10:00,19.6,12.1,0.35,77.0,237.0,NaN
2024-02-20T11:00,20.4,12.8,0.00,61.0,301.0,NaN
2024-02-20T12:00,27.1,17.1,0.00,48.0,419.0,NaN
2024-02-20T13:00,24.8,15.7,0.00,44.0,403.0,NaN
2024-02-20T14:00,22.3,14.2,0.00,39.0,380.0,NaN
2024-02-20T15:00,20.3,13.0,0.00,35.0,353.0,NaN
2024-02-20T16:00,18.2,11.6,0.00,34.0,320.0,NaN
2024-02-20T17:00,15.7,10.0,0.00,35.0,282.0,NaN
2024-02-20T18:00,13.9,9.0,0.00,36.0,251.0,NaN
2024-02-20T19:00,12.6,8.3,0.00,36.0,228.0,NaN
2024-02-20T20:00,11.8,7.8,0.00,37.0,211.0,NaN
2024-02-20T21:00,11.1,7.4,0.00,37.0,205.0,NaN
2024-02-20T22:00,10.7,7.1,0.00,35.0,219.0,NaN
2024-02-20T23:00,10.6,7.1,0.00,33.0,244.0,NaN
2024-02-21T00:00,19.0,12.4,0.35,33.0,302.0,NaN
2024-02-21T01:00,17.6,11.2,1.80,41.0,281.0,NaN
2024-02-21T02:00,17.1,10.9,4.25,52.0,252.0,NaN
2024-02-21T03:00,18.7,11.8,6.80,63.0,228.0,NaN
2024-02-21T04:00,19.6,12.1,8.80,75.0,215.0,NaN
2024-02-21T05:00,23.2,14.0,9.40,87.0,208.0,NaN
2024-02-21T06:00,23.9,14.4,9.10,95.0,202.0,NaN
2024-02-21T07:00,22.1,13.2,6.80,97.0,193.0,NaN
2024-02-21T08:00,20.4,12.1,4.30,95.0,185.0,NaN
2024-02-21T09:00,20.0,11.8,1.75,89.0,191.0,NaN
2024-02-21T10:00,18.6,11.1,0.35,77.0,223.0,NaN
2024-02-21T11:00,17.6,10.8,0.00,61.0,267.0,NaN
2024-02-21T12:00,24.7,15.1,0.00,48.0,355.0,NaN
2024-02-21T13:00,21.6,13.4,0.00,45.0,340.0,NaN
2024-02-21T14:00,19.0,11.9,0.00,42.0,319.0,NaN
2024-02-21T15:00,17.5,11.1,0.00,39.0,296.0,NaN
2024-02-21T16:00,16.0,10.2,0.00,37.0,273.0,NaN
2024-02-21T17:00,13.4,8.7,0.00,37.0,249.0,NaN
2024-02-21T18:00,11.7,7.7,0.00,36.0,228.0,NaN
2024-02-21T19:00,10.6,7.0,0.00,36.0,208.0,NaN
2024-02-21T20:00,9.7,6.4,0.00,36.0,191.0,NaN
2024-02-21T21:00,9.1,6.0,0.00,36.0,187.0,NaN
2024-02-21T22:00,8.9,5.9,0.00,35.0,207.0,NaN
2024-02-21T23:00,9.4,6.3,0.00,34.0,239.0,NaN
2024-02-22T00:00,15.4,10.0,0.45,33.0,261.0,NaN
2024-02-22T01:00,14.4,9.2,2.10,42.0,248.0,NaN
2024-02-22T02:00,14.0,9.0,5.15,55.0,229.0,NaN
2024-02-22T03:00,15.1,9.8,8.80,68.0,211.0,NaN
2024-02-22T04:00,16.8,11.0,11.65,80.0,196.0,NaN
2024-02-22T05:00,17.5,11.3,12.70,91.0,182.0,NaN
2024-02-22T06:00,17.5,11.2,11.50,98.0,173.0,NaN
2024-02-22T07:00,17.6,11.2,8.60,100.0,166.0,NaN
2024-02-22T08:00,17.6,11.0,5.00,98.0,163.0,NaN
2024-02-22T09:00,17.5,10.9,2.00,92.0,175.0,NaN
2024-02-22T10:00,18.0,11.1,0.40,79.0,217.0,NaN
2024-02-22T11:00,19.3,12.1,0.00,62.0,275.0,NaN
2024-02-22T12:00,20.5,12.9,0.00,51.0,324.0,NaN
2024-02-22T13:00,19.1,11.9,0.00,48.0,310.0,NaN
2024-02-22T14:00,18.0,11.1,0.00,43.0,291.0,NaN
2024-02-22T15:00,17.7,11.0,0.00,39.0,270.0,NaN
2024-02-22T16:00,17.2,10.7,0.00,37.0,249.0,NaN
2024-02-22T17:00,15.9,9.9,0.00,36.0,227.0,NaN
2024-02-22T18:00,14.6,9.3,0.00,35.0,209.0,NaN
2024-02-22T19:00,14.0,9.1,0.00,34.0,192.0,NaN
2024-02-22T20:00,13.8,9.0,0.00,32.0,179.0,NaN
2024-02-22T21:00,14.1,9.3,0.00,31.0,183.0,NaN
2024-02-22T22:00,14.9,9.8,0.00,29.0,223.0,NaN
2024-02-22T23:00,16.6,11.1,0.00,27.0,280.0,NaN
2024-02-23T00:00,20.3,13.4,0.40,30.0,301.0,NaN
2024-02-23T01:00,18.3,11.9,1.95,39.0,277.0,NaN
2024-02-23T02:00,17.1,11.2,4.95,52.0,243.0,NaN
2024-02-23T03:00,17.3,11.5,7.30,64.0,215.0,NaN
2024-02-23T04:00,17.8,11.7,9.35,76.0,200.0,NaN
2024-02-23T05:00,18.1,11.8,10.05,87.0,192.0,NaN
2024-02-23T06:00,17.9,11.6,10.10,95.0,187.0,NaN
2024-02-23T07:00,18.3,11.7,7.85,98.0,181.0,NaN
2024-02-23T08:00,17.9,11.3,4.65,96.0,178.0,NaN
2024-02-23T09:00,17.2,10.8,1.90,91.0,187.0,NaN
2024-02-23T10:00,17.4,10.9,0.40,80.0,221.0,NaN
2024-02-23T11:00,19.4,12.3,0.00,64.0,268.0,NaN
2024-02-23T12:00,19.2,12.0,0.00,53.0,300.0,NaN
2024-02-23T13:00,17.8,11.1,0.00,51.0,290.0,NaN
2024-02-23T14:00,17.3,10.8,0.00,47.0,275.0,NaN
2024-02-23T15:00,18.2,11.4,0.00,45.0,259.0,NaN
2024-02-23T16:00,18.8,11.8,0.00,45.0,240.0,NaN
2024-02-23T17:00,18.5,11.6,0.00,45.0,220.0,NaN
2024-02-23T18:00,18.4,11.5,0.00,45.0,204.0,NaN
2024-02-23T19:00,18.3,11.5,0.00,43.0,192.0,NaN
2024-02-23T20:00,18.2,11.4,0.00,41.0,184.0,NaN
2024-02-23T21:00,18.2,11.5,0.00,39.0,192.0,NaN
2024-02-23T22:00,18.4,11.7,0.00,35.0,229.0,NaN
2024-02-23T23:00,19.4,12.5,0.00,30.0,282.0,NaN
2024-02-24T00:00,20.7,13.4,0.45,33.0,298.0,NaN
2024-02-24T01:00,19.5,12.5,2.15,44.0,283.0,NaN
2024-02-24T02:00,19.7,12.7,5.25,60.0,262.0,NaN
2024-02-24T03:00,21.4,13.9,8.10,74.0,243.0,NaN
2024-02-24T04:00,21.5,14.0,10.40,86.0,229.0,NaN
2024-02-24T05:00,21.4,13.8,10.85,97.0,219.0,NaN
2024-02-24T06:00,21.4,13.5,9.75,105.0,211.0,NaN
2024-02-24T07:00,22.3,13.9,7.55,108.0,199.0,NaN
2024-02-24T08:00,23.1,14.1,4.50,108.0,191.0,NaN
2024-02-24T09:00,23.5,14.3,1.90,103.0,210.0,NaN
2024-02-24T10:00,22.4,13.6,0.40,91.0,290.0,NaN
2024-02-24T11:00,25.7,16.1,0.00,75.0,397.0,NaN
2024-02-24T12:00,30.0,19.0,0.00,56.0,476.0,NaN
2024-02-24T13:00,29.7,18.7,0.00,55.0,425.0,NaN
2024-02-24T14:00,25.3,15.6,0.00,54.0,354.0,NaN
2024-02-24T15:00,23.5,14.3,0.00,53.0,295.0,NaN
2024-02-24T16:00,22.9,13.8,0.00,53.0,261.0,NaN
2024-02-24T17:00,21.7,12.9,0.00,53.0,239.0,NaN
2024-02-24T18:00,20.9,12.4,0.00,53.0,223.0,NaN
2024-02-24T19:00,20.4,12.0,0.00,52.0,206.0,NaN
2024-02-24T20:00,20.0,11.8,0.00,50.0,196.0,NaN
2024-02-24T21:00,19.7,11.7,0.00,48.0,205.0,NaN
2024-02-24T22:00,19.9,11.9,0.00,42.0,256.0,NaN
2024-02-24T23:00,21.2,12.9,0.00,36.0,327.0,NaN
2024-02-25T00:00,30.4,19.0,0.40,35.0,393.0,NaN
2024-02-25T01:00,29.3,18.1,1.70,53.0,363.0,NaN
2024-02-25T02:00,30.4,18.9,4.10,77.0,321.0,NaN
2024-02-25T03:00,31.5,19.8,7.30,99.0,287.0,NaN
2024-02-25T04:00,31.7,19.9,9.70,115.0,268.0,NaN
2024-02-25T05:00,32.2,20.5,10.15,129.0,256.0,NaN
2024-02-25T06:00,30.9,19.6,9.55,136.0,247.0,NaN
2024-02-25T07:00,29.3,18.2,6.75,135.0,230.0,NaN
2024-02-25T08:00,28.2,17.2,3.00,127.0,217.0,NaN
2024-02-25T09:00,26.8,16.2,1.35,116.0,236.0,NaN
2024-02-25T10:00,25.0,15.4,0.35,98.0,328.0,NaN
2024-02-25T11:00,28.8,18.5,0.00,76.0,452.0,NaN
2024-02-25T12:00,24.0,15.6,0.00,64.0,441.0,NaN
2024-02-25T13:00,21.1,13.6,0.00,62.0,394.0,NaN
2024-02-25T14:00,17.6,11.1,0.00,60.0,329.0,NaN
2024-02-25T15:00,16.2,10.2,0.00,57.0,275.0,NaN
2024-02-25T16:00,15.6,9.8,0.00,55.0,243.0,NaN
2024-02-25T17:00,14.2,8.8,0.00,53.0,223.0,NaN
2024-02-25T18:00,13.4,8.3,0.00,51.0,212.0,NaN
2024-02-25T19:00,13.1,8.1,0.00,48.0,204.0,NaN
2024-02-25T20:00,13.4,8.4,0.00,45.0,205.0,NaN
2024-02-25T21:00,14.3,9.0,0.00,42.0,228.0,NaN
2024-02-25T22:00,15.5,10.0,0.00,36.0,298.0,NaN
2024-02-25T23:00,17.6,11.4,0.00,29.0,391.0,NaN
2024-02-26T00:00,25.8,16.6,0.40,39.0,386.0,NaN
2024-02-26T01:00,27.1,17.3,1.95,52.0,349.0,NaN
2024-02-26T02:00,24.7,15.6,4.90,70.0,297.0,NaN
2024-02-26T03:00,22.5,14.0,8.55,85.0,252.0,NaN
2024-02-26T04:00,20.4,12.2,11.60,93.0,221.0,NaN
2024-02-26T05:00,19.3,10.9,12.75,97.0,198.0,NaN
2024-02-26T06:00,19.5,11.0,11.65,99.0,183.0,NaN
2024-02-26T07:00,19.7,11.4,8.65,100.0,168.0,NaN
2024-02-26T08:00,20.1,11.8,5.00,100.0,161.0,NaN
2024-02-26T09:00,19.7,11.8,2.00,95.0,194.0,NaN
2024-02-26T10:00,21.2,13.1,0.40,84.0,303.0,NaN
2024-02-26T11:00,27.4,17.7,0.00,69.0,451.0,NaN
2024-02-26T12:00,26.7,17.5,0.00,54.0,506.0,NaN
2024-02-26T13:00,23.8,15.5,0.00,51.0,469.0,NaN
2024-02-26T14:00,21.0,13.7,0.00,46.0,417.0,NaN
2024-02-26T15:00,20.0,13.3,0.00,41.0,376.0,NaN
2024-02-26T16:00,19.1,12.8,0.00,37.0,356.0,NaN
2024-02-26T17:00,17.2,11.5,0.00,34.0,347.0,NaN
2024-02-26T18:00,17.2,11.6,0.00,31.0,345.0,NaN
2024-02-26T19:00,17.9,12.1,0.00,28.0,346.0,NaN
2024-02-26T20:00,18.7,12.6,0.00,26.0,354.0,NaN
2024-02-26T21:00,19.0,12.9,0.00,25.0,379.0,NaN
2024-02-26T22:00,19.2,13.0,0.00,26.0,448.0,NaN
2024-02-26T23:00,20.3,13.9,0.00,29.0,533.0,NaN
2024-02-27T00:00,27.5,18.8,0.45,37.0,521.0,NaN
2024-02-27T01:00,22.6,15.3,2.15,51.0,440.0,NaN
2024-02-27T02:00,18.3,12.3,5.15,70.0,328.0,NaN
2024-02-27T03:00,17.8,11.9,8.65,86.0,242.0,NaN
2024-02-27T04:00,16.8,11.1,10.30,96.0,208.0,NaN
2024-02-27T05:00,17.1,11.2,11.50,102.0,200.0,NaN
2024-02-27T06:00,17.6,11.3,10.00,104.0,199.0,NaN
2024-02-27T07:00,17.9,11.3,4.95,101.0,197.0,NaN
2024-02-27T08:00,18.6,11.6,2.65,95.0,202.0,NaN
2024-02-27T09:00,20.6,12.9,1.30,86.0,217.0,NaN
2024-02-27T10:00,22.2,13.9,0.30,75.0,251.0,NaN
2024-02-27T11:00,22.1,13.9,0.00,62.0,296.0,NaN
2024-02-27T12:00,27.5,17.4,0.00,49.0,370.0,NaN
2024-02-27T13:00,25.1,15.9,0.00,47.0,362.0,NaN
2024-02-27T14:00,23.2,14.9,0.00,45.0,350.0,NaN
2024-02-27T15:00,22.2,14.4,0.00,42.0,331.0,NaN
2024-02-27T16:00,18.9,12.3,0.00,40.0,299.0,NaN
2024-02-27T17:00,15.0,9.7,0.00,38.0,260.0,NaN
2024-02-27T18:00,12.4,8.0,0.00,36.0,230.0,NaN
2024-02-27T19:00,10.8,7.0,0.00,35.0,210.0,NaN
2024-02-27T20:00,9.9,6.4,0.00,33.0,199.0,NaN
2024-02-27T21:00,9.6,6.2,0.00,32.0,208.0,NaN
2024-02-27T22:00,10.0,6.5,0.00,29.0,259.0,NaN
2024-02-27T23:00,11.5,7.6,0.00,25.0,329.0,NaN
2024-02-28T00:00,22.4,14.7,0.45,30.0,383.0,NaN
2024-02-28T01:00,20.2,13.1,2.05,42.0,342.0,NaN
2024-02-28T02:00,18.9,12.1,4.95,58.0,286.0,NaN
2024-02-28T03:00,19.6,12.5,8.40,73.0,241.0,NaN
2024-02-28T04:00,20.0,12.6,10.95,85.0,219.0,NaN
2024-02-28T05:00,20.4,12.6,11.45,96.0,208.0,NaN
2024-02-28T06:00,20.0,12.3,9.45,103.0,203.0,NaN
2024-02-28T07:00,19.6,12.0,6.25,104.0,200.0,NaN
2024-02-28T08:00,18.7,11.4,3.05,101.0,203.0,NaN
2024-02-28T09:00,19.0,11.6,1.65,95.0,212.0,NaN
2024-02-28T10:00,19.7,12.0,0.40,86.0,237.0,NaN
2024-02-28T11:00,20.6,12.7,0.00,74.0,269.0,NaN
2024-02-28T12:00,18.2,11.3,0.00,65.0,295.0,NaN
2024-02-28T13:00,16.0,9.8,0.00,63.0,273.0,NaN
2024-02-28T14:00,14.2,8.8,0.00,61.0,242.0,NaN
2024-02-28T15:00,13.3,8.3,0.00,59.0,216.0,NaN
2024-02-28T16:00,12.3,7.7,0.00,58.0,199.0,NaN
2024-02-28T17:00,11.0,6.8,0.00,58.0,187.0,NaN
2024-02-28T18:00,10.4,6.4,0.00,58.0,178.0,NaN
2024-02-28T19:00,10.3,6.3,0.00,57.0,170.0,NaN
2024-02-28T20:00,10.5,6.4,0.00,56.0,165.0,NaN
2024-02-28T21:00,10.9,6.6,0.00,55.0,173.0,NaN
2024-02-28T22:00,11.4,6.9,0.00,52.0,207.0,NaN
2024-02-28T23:00,12.3,7.5,0.00,48.0,254.0,NaN
2024-02-29T00:00,17.8,11.1,0.50,52.0,271.0,NaN
2024-02-29T01:00,19.0,11.8,2.25,62.0,259.0,NaN
2024-02-29T02:00,19.0,11.9,5.55,75.0,242.0,NaN
2024-02-29T03:00,19.4,12.3,9.35,87.0,226.0,NaN
2024-02-29T04:00,19.5,12.3,12.35,97.0,213.0,NaN
2024-02-29T05:00,19.3,11.9,13.40,105.0,201.0,NaN
2024-02-29T06:00,19.1,11.6,12.10,110.0,194.0,NaN
2024-02-29T07:00,19.1,11.6,7.85,111.0,191.0,NaN
2024-02-29T08:00,18.7,11.4,4.25,109.0,194.0,NaN
2024-02-29T09:00,19.4,11.8,2.10,103.0,211.0,NaN
2024-02-29T10:00,20.1,12.3,0.40,91.0,261.0,NaN
2024-02-29T11:00,23.2,14.5,0.00,76.0,326.0,NaN
2024-02-29T12:00,26.5,16.6,0.00,65.0,402.0,NaN
2024-02-29T13:00,22.2,13.5,0.00,64.0,359.0,NaN
2024-02-29T14:00,19.6,11.8,0.00,63.0,299.0,NaN
2024-02-29T15:00,18.7,11.3,0.00,62.0,252.0,NaN
2024-02-29T16:00,18.3,11.1,0.00,61.0,232.0,NaN
2024-02-29T17:00,17.2,10.4,0.00,60.0,224.0,NaN
2024-02-29T18:00,16.8,10.1,0.00,59.0,219.0,NaN
2024-02-29T19:00,16.8,10.0,0.00,58.0,209.0,NaN
2024-02-29T20:00,16.7,10.0,0.00,57.0,200.0,NaN
2024-02-29T21:00,16.7,10.1,0.00,55.0,208.0,NaN
2024-02-29T22:00,17.1,10.3,0.00,50.0,249.0,NaN
2024-02-29T23:00,18.3,11.2,0.00,44.0,305.0,NaN
2024-03-01T00:00,22.1,13.7,0.50,47.0,316.0,NaN
2024-03-01T01:00,22.0,13.4,2.25,59.0,299.0,NaN
2024-03-01T02:00,22.5,13.9,5.45,75.0,276.0,NaN
2024-03-01T03:00,24.3,15.1,9.30,91.0,258.0,NaN
2024-03-01T04:00,26.0,16.1,11.85,106.0,251.0,NaN
2024-03-01T05:00,27.2,16.8,11.60,121.0,250.0,NaN
2024-03-01T06:00,27.6,17.2,11.00,130.0,249.0,NaN
2024-03-01T07:00,28.1,16.9,8.50,133.0,239.0,NaN
2024-03-01T08:00,28.2,16.6,4.60,130.0,230.0,NaN
2024-03-01T09:00,28.0,16.4,1.90,122.0,245.0,NaN
2024-03-01T10:00,26.1,15.4,0.40,105.0,314.0,NaN
2024-03-01T11:00,28.4,17.8,0.00,83.0,407.0,NaN
2024-03-01T12:00,30.3,18.5,0.00,64.0,491.0,NaN
2024-03-01T13:00,23.2,14.2,0.00,63.0,434.0,NaN
2024-03-01T14:00,17.9,11.0,0.00,62.0,355.0,NaN
2024-03-01T15:00,15.5,9.6,0.00,60.0,294.0,NaN
2024-03-01T16:00,14.3,8.9,0.00,57.0,270.0,NaN
2024-03-01T17:00,13.0,8.1,0.00,53.0,264.0,NaN
2024-03-01T18:00,12.8,8.0,0.00,50.0,263.0,NaN
2024-03-01T19:00,13.3,8.4,0.00,47.0,258.0,NaN
2024-03-01T20:00,14.1,8.9,0.00,45.0,258.0,NaN
2024-03-01T21:00,15.3,9.7,0.00,42.0,280.0,NaN
2024-03-01T22:00,16.7,10.7,0.00,37.0,350.0,NaN
2024-03-01T23:00,19.3,12.6,0.00,32.0,442.0,NaN
2024-03-02T00:00,35.3,22.8,0.45,31.0,512.0,NaN
2024-03-02T01:00,31.7,20.1,2.05,46.0,452.0,NaN
2024-03-02T02:00,29.7,18.8,5.05,67.0,368.0,NaN
2024-03-02T03:00,29.1,18.5,8.75,87.0,303.0,NaN
2024-03-02T04:00,30.3,18.9,11.65,104.0,276.0,NaN
2024-03-02T05:00,33.2,20.1,11.00,120.0,267.0,NaN
2024-03-02T06:00,34.3,20.8,9.25,129.0,263.0,NaN
2024-03-02T07:00,33.4,20.3,5.80,130.0,254.0,NaN
2024-03-02T08:00,33.1,19.8,3.00,124.0,249.0,NaN
2024-03-02T09:00,33.5,20.0,1.75,115.0,264.0,NaN
2024-03-02T10:00,29.9,18.0,0.35,99.0,322.0,NaN
2024-03-02T11:00,32.0,20.1,0.00,79.0,400.0,NaN
2024-03-02T12:00,33.1,20.0,0.00,57.0,452.0,NaN
2024-03-02T13:00,27.5,16.8,0.00,57.0,417.0,NaN
2024-03-02T14:00,22.9,14.0,0.00,57.0,370.0,NaN
2024-03-02T15:00,20.7,12.8,0.00,56.0,339.0,NaN
2024-03-02T16:00,20.4,12.9,0.00,53.0,339.0,NaN
2024-03-02T17:00,19.7,12.5,0.00,49.0,355.0,NaN
2024-03-02T18:00,19.7,12.5,0.00,46.0,369.0,NaN
2024-03-02T19:00,19.4,12.3,0.00,46.0,368.0,NaN
2024-03-02T20:00,18.7,11.9,0.00,46.0,366.0,NaN
2024-03-02T21:00,18.0,11.5,0.00,47.0,382.0,NaN
2024-03-02T22:00,18.2,11.7,0.00,45.0,444.0,NaN
2024-03-02T23:00,20.0,13.0,0.00,44.0,525.0,NaN
2024-03-03T00:00,30.6,20.0,0.50,43.0,609.0,NaN
2024-03-03T01:00,24.0,15.3,2.30,57.0,543.0,NaN
2024-03-03T02:00,22.6,14.4,5.50,77.0,451.0,NaN
2024-03-03T03:00,24.7,15.8,8.90,95.0,379.0,NaN
2024-03-03T04:00,27.5,17.5,11.65,110.0,347.0,NaN
2024-03-03T05:00,28.1,17.2,10.45,124.0,334.0,NaN
2024-03-03T06:00,29.3,17.5,6.00,132.0,330.0,NaN
2024-03-03T07:00,31.1,18.6,4.80,134.0,331.0,NaN
2024-03-03T08:00,31.3,18.6,3.45,131.0,339.0,NaN
2024-03-03T09:00,29.9,17.7,1.75,124.0,351.0,NaN
2024-03-03T10:00,27.8,16.4,0.40,111.0,371.0,NaN
2024-03-03T11:00,26.1,15.5,0.00,94.0,395.0,NaN
2024-03-03T12:00,27.9,16.9,0.00,77.0,435.0,NaN
2024-03-03T13:00,23.6,14.0,0.00,75.0,401.0,NaN
2024-03-03T14:00,19.9,11.6,0.00,73.0,354.0,NaN
2024-03-03T15:00,18.4,10.7,0.00,71.0,313.0,NaN
2024-03-03T16:00,17.5,10.1,0.00,69.0,287.0,NaN
2024-03-03T17:00,16.1,9.2,0.00,68.0,269.0,NaN
2024-03-03T18:00,15.1,8.5,0.00,66.0,254.0,NaN
2024-03-03T19:00,14.2,8.0,0.00,65.0,241.0,NaN
2024-03-03T20:00,13.4,7.6,0.00,63.0,232.0,NaN
2024-03-03T21:00,12.8,7.3,0.00,62.0,232.0,NaN
2024-03-03T22:00,12.5,7.1,0.00,59.0,248.0,NaN
2024-03-03T23:00,12.8,7.5,0.00,55.0,272.0,NaN
2024-03-04T00:00,19.2,11.3,0.50,55.0,297.0,NaN
2024-03-04T01:00,20.1,11.9,2.15,63.0,291.0,NaN
2024-03-04T02:00,21.4,12.8,5.10,76.0,283.0,NaN
2024-03-04T03:00,24.2,14.7,8.55,88.0,278.0,NaN
2024-03-04T04:00,27.5,16.3,10.65,101.0,281.0,NaN
2024-03-04T05:00,31.8,18.5,5.60,114.0,288.0,NaN
2024-03-04T06:00,37.1,21.5,5.90,123.0,292.0,NaN
2024-03-04T07:00,40.2,22.9,6.20,127.0,285.0,NaN
2024-03-04T08:00,41.9,23.3,4.15,128.0,275.0,NaN
2024-03-04T09:00,40.9,22.5,1.60,122.0,278.0,NaN
2024-03-04T10:00,38.8,21.8,0.30,105.0,310.0,NaN
2024-03-04T11:00,35.9,20.8,0.00,81.0,356.0,NaN
2024-03-04T12:00,44.2,26.3,0.00,58.0,471.0,NaN
2024-03-04T13:00,38.1,22.7,0.00,56.0,442.0,NaN
2024-03-04T14:00,32.7,19.6,0.00,54.0,400.0,NaN
2024-03-04T15:00,29.6,17.8,0.00,53.0,361.0,NaN
2024-03-04T16:00,27.3,16.5,0.00,53.0,328.0,NaN
2024-03-04T17:00,24.9,14.8,0.00,55.0,299.0,NaN
2024-03-04T18:00,23.6,14.1,0.00,55.0,275.0,NaN
2024-03-04T19:00,23.2,13.8,0.00,53.0,257.0,NaN
2024-03-04T20:00,23.0,13.7,0.00,51.0,246.0,NaN
2024-03-04T21:00,21.3,13.4,0.00,48.0,246.0,NaN
2024-03-04T22:00,21.0,13.4,0.00,45.0,266.0,NaN
2024-03-04T23:00,21.5,13.9,0.00,41.0,297.0,NaN
2024-03-05T00:00,24.0,15.4,0.45,41.0,314.0,NaN
2024-03-05T01:00,23.8,14.9,2.00,50.0,303.0,NaN
2024-03-05T02:00,26.4,16.4,4.60,62.0,289.0,NaN
2024-03-05T03:00,30.4,18.7,4.30,74.0,281.0,NaN
2024-03-05T04:00,35.0,21.8,4.35,85.0,284.0,NaN
2024-03-05T05:00,38.9,24.2,6.40,97.0,293.0,NaN
2024-03-05T06:00,40.4,25.3,5.80,107.0,303.0,NaN
2024-03-05T07:00,42.5,26.9,5.55,120.0,304.0,NaN
2024-03-05T08:00,43.8,27.6,3.50,132.0,306.0,NaN
2024-03-05T09:00,44.0,28.1,1.65,133.0,327.0,NaN
2024-03-05T10:00,43.0,27.5,0.35,113.0,396.0,NaN
2024-03-05T11:00,47.3,30.6,0.00,82.0,485.0,NaN
2024-03-05T12:00,70.3,45.1,0.00,69.0,658.0,NaN
2024-03-05T13:00,57.0,35.4,0.00,62.0,580.0,NaN
2024-03-05T14:00,47.8,29.6,0.00,51.0,472.0,NaN
2024-03-05T15:00,42.4,26.1,0.00,43.0,385.0,NaN
2024-03-05T16:00,38.2,23.5,0.00,39.0,341.0,NaN
2024-03-05T17:00,34.3,21.0,0.00,37.0,318.0,NaN
2024-03-05T18:00,29.9,19.0,0.00,36.0,301.0,NaN
2024-03-05T19:00,28.2,18.2,0.00,34.0,283.0,NaN
2024-03-05T20:00,27.4,17.8,0.00,33.0,270.0,NaN
2024-03-05T21:00,27.0,17.6,0.00,33.0,267.0,NaN
2024-03-05T22:00,27.2,17.8,0.00,33.0,280.0,NaN
2024-03-05T23:00,28.3,18.5,0.00,34.0,303.0,NaN
2024-03-06T00:00,31.0,20.1,0.40,33.0,353.0,NaN
2024-03-06T01:00,36.2,22.9,1.35,45.0,340.0,NaN
2024-03-06T02:00,41.0,26.0,3.00,62.0,322.0,NaN
2024-03-06T03:00,51.3,33.3,4.70,80.0,311.0,NaN
2024-03-06T04:00,54.4,35.6,6.80,100.0,313.0,NaN
2024-03-06T05:00,55.1,36.1,8.25,122.0,321.0,NaN
2024-03-06T06:00,54.2,35.6,8.25,140.0,330.0,NaN
2024-03-06T07:00,55.6,36.7,6.15,156.0,330.0,NaN
2024-03-06T08:00,55.3,36.6,3.70,168.0,331.0,NaN
2024-03-06T09:00,55.3,36.6,1.55,167.0,350.0,NaN
2024-03-06T10:00,54.9,36.2,0.35,142.0,414.0,NaN
2024-03-06T11:00,59.3,39.1,0.00,104.0,497.0,NaN
2024-03-06T12:00,68.2,44.0,0.00,64.0,682.0,NaN
2024-03-06T13:00,59.3,37.5,0.00,61.0,604.0,NaN
2024-03-06T14:00,53.1,33.2,0.00,56.0,495.0,NaN
2024-03-06T15:00,46.2,29.5,0.00,53.0,406.0,NaN
2024-03-06T16:00,42.0,26.9,0.00,53.0,356.0,NaN
2024-03-06T17:00,38.5,24.8,0.00,55.0,324.0,NaN
2024-03-06T18:00,36.9,23.7,0.00,56.0,302.0,NaN
2024-03-06T19:00,36.6,23.4,0.00,56.0,285.0,NaN
2024-03-06T20:00,37.0,23.8,0.00,55.0,276.0,NaN
2024-03-06T21:00,38.8,24.9,0.00,54.0,278.0,NaN
2024-03-06T22:00,40.3,25.8,0.00,52.0,297.0,NaN
2024-03-06T23:00,42.4,27.2,0.00,50.0,326.0,NaN
2024-03-07T00:00,48.8,31.3,0.30,56.0,357.0,NaN
2024-03-07T01:00,51.9,33.1,1.40,69.0,358.0,NaN
2024-03-07T02:00,52.5,33.4,3.50,88.0,359.0,NaN
2024-03-07T03:00,58.8,38.0,5.70,107.0,359.0,NaN
2024-03-07T04:00,57.7,37.4,7.55,128.0,357.0,NaN
2024-03-07T05:00,59.1,38.3,8.30,149.0,353.0,NaN
2024-03-07T06:00,56.0,36.2,8.05,163.0,349.0,NaN
2024-03-07T07:00,54.7,35.4,6.05,166.0,343.0,NaN
2024-03-07T08:00,52.0,33.5,3.55,161.0,336.0,NaN
2024-03-07T09:00,48.8,31.2,1.50,150.0,334.0,NaN
2024-03-07T10:00,48.4,30.7,0.30,129.0,345.0,NaN
2024-03-07T11:00,46.7,29.3,0.00,102.0,361.0,NaN
2024-03-07T12:00,59.0,36.4,0.00,84.0,367.0,NaN
2024-03-07T13:00,50.2,30.5,0.00,77.0,339.0,NaN
2024-03-07T14:00,41.0,24.6,0.00,66.0,299.0,NaN
2024-03-07T15:00,33.9,20.3,0.00,58.0,262.0,NaN
2024-03-07T16:00,27.9,16.5,0.00,53.0,230.0,NaN
2024-03-07T17:00,23.3,13.5,0.00,51.0,202.0,NaN
2024-03-07T18:00,21.4,12.3,0.00,49.0,180.0,NaN
2024-03-07T19:00,21.4,12.2,0.00,48.0,168.0,NaN
2024-03-07T20:00,21.8,12.5,0.00,49.0,164.0,NaN
2024-03-07T21:00,22.2,12.7,0.00,49.0,165.0,NaN
2024-03-07T22:00,22.1,12.7,0.00,47.0,175.0,NaN
2024-03-07T23:00,21.8,12.6,0.00,45.0,192.0,NaN
2024-03-08T00:00,21.4,12.7,0.45,46.0,217.0,NaN
2024-03-08T01:00,21.5,12.8,2.15,53.0,218.0,NaN
2024-03-08T02:00,21.4,12.9,5.25,63.0,219.0,NaN
2024-03-08T03:00,22.3,13.7,8.95,74.0,218.0,NaN
2024-03-08T04:00,23.3,14.5,11.85,86.0,212.0,NaN
2024-03-08T05:00,23.2,14.7,12.90,98.0,204.0,NaN
2024-03-08T06:00,22.9,14.6,11.70,106.0,198.0,NaN
2024-03-08T07:00,22.9,14.3,8.65,107.0,189.0,NaN
2024-03-08T08:00,22.3,13.7,4.95,104.0,182.0,NaN
2024-03-08T09:00,21.3,12.9,2.00,97.0,194.0,NaN
2024-03-08T10:00,22.2,13.5,0.40,85.0,245.0,NaN
2024-03-08T11:00,26.1,16.3,0.00,70.0,316.0,NaN
2024-03-08T12:00,27.5,16.8,0.00,58.0,348.0,NaN
2024-03-08T13:00,23.9,14.4,0.00,56.0,327.0,NaN
2024-03-08T14:00,21.2,12.9,0.00,52.0,297.0,NaN
2024-03-08T15:00,19.8,12.1,0.00,49.0,271.0,NaN
2024-03-08T16:00,18.6,11.5,0.00,47.0,254.0,NaN
2024-03-08T17:00,17.1,10.5,0.00,45.0,240.0,NaN
2024-03-08T18:00,16.6,10.2,0.00,44.0,231.0,NaN
2024-03-08T19:00,16.8,10.4,0.00,43.0,222.0,NaN
2024-03-08T20:00,17.5,10.8,0.00,42.0,217.0,NaN
2024-03-08T21:00,18.2,11.3,0.00,41.0,225.0,NaN
2024-03-08T22:00,18.9,11.8,0.00,38.0,262.0,NaN
2024-03-08T23:00,20.2,12.7,0.00,35.0,314.0,NaN
2024-03-09T00:00,26.3,17.0,0.50,34.0,381.0,NaN
2024-03-09T01:00,27.0,17.1,2.10,50.0,355.0,NaN
2024-03-09T02:00,30.7,19.4,4.90,74.0,319.0,NaN
2024-03-09T03:00,36.4,23.1,7.95,95.0,292.0,NaN
2024-03-09T04:00,39.1,24.9,9.80,113.0,283.0,NaN
2024-03-09T05:00,41.2,26.3,10.05,130.0,283.0,NaN
2024-03-09T06:00,42.6,27.1,9.00,139.0,283.0,NaN
2024-03-09T07:00,44.2,28.1,6.20,139.0,272.0,NaN
2024-03-09T08:00,46.4,29.0,3.40,132.0,262.0,NaN
2024-03-09T09:00,47.5,29.6,1.45,121.0,279.0,NaN
2024-03-09T10:00,48.5,30.3,0.35,104.0,357.0,NaN
2024-03-09T11:00,52.5,33.1,0.00,83.0,463.0,NaN
2024-03-09T12:00,53.6,33.6,0.00,61.0,484.0,NaN
2024-03-09T13:00,46.6,28.9,0.00,60.0,436.0,NaN
2024-03-09T14:00,41.1,25.3,0.00,58.0,369.0,NaN
2024-03-09T15:00,37.6,23.1,0.00,57.0,314.0,NaN
2024-03-09T16:00,34.5,21.1,0.00,57.0,284.0,NaN
2024-03-09T17:00,30.7,18.7,0.00,56.0,267.0,NaN
2024-03-09T18:00,27.6,16.8,0.00,56.0,256.0,NaN
2024-03-09T19:00,25.3,15.5,0.00,55.0,246.0,NaN
2024-03-09T20:00,23.9,14.7,0.00,54.0,241.0,NaN
2024-03-09T21:00,23.0,14.2,0.00,52.0,252.0,NaN
2024-03-09T22:00,22.6,14.0,0.00,48.0,293.0,NaN
2024-03-09T23:00,23.1,14.5,0.00,43.0,348.0,NaN
2024-03-10T00:00,32.5,20.7,0.45,40.0,414.0,NaN
2024-03-10T01:00,31.5,20.0,1.95,57.0,383.0,NaN
2024-03-10T02:00,32.5,20.6,4.60,80.0,340.0,NaN
2024-03-10T03:00,34.3,21.8,7.65,100.0,304.0,NaN
2024-03-10T04:00,34.5,21.5,9.55,112.0,282.0,NaN
2024-03-10T05:00,33.9,21.0,10.10,120.0,266.0,NaN
2024-03-10T06:00,32.1,19.7,9.00,124.0,254.0,NaN
2024-03-10T07:00,30.5,18.7,6.60,123.0,244.0,NaN
2024-03-10T08:00,28.6,17.4,3.70,117.0,238.0,NaN
2024-03-10T09:00,27.0,16.4,1.65,108.0,241.0,NaN
2024-03-10T10:00,26.1,15.9,0.35,95.0,264.0,NaN
2024-03-10T11:00,26.3,16.1,0.00,79.0,297.0,NaN
2024-03-10T12:00,29.5,18.1,0.00,67.0,340.0,NaN
2024-03-10T13:00,27.2,16.7,0.00,65.0,318.0,NaN
2024-03-10T14:00,25.9,15.9,0.00,62.0,287.0,NaN
2024-03-10T15:00,25.4,15.7,0.00,59.0,260.0,NaN
2024-03-10T16:00,24.4,15.1,0.00,57.0,242.0,NaN
2024-03-10T17:00,22.7,14.0,0.00,56.0,228.0,NaN
2024-03-10T18:00,21.5,13.3,0.00,55.0,218.0,NaN
2024-03-10T19:00,20.7,12.8,0.00,53.0,210.0,NaN
2024-03-10T20:00,20.0,12.5,0.00,51.0,206.0,NaN
2024-03-10T21:00,19.6,12.3,0.00,49.0,217.0,NaN
2024-03-10T22:00,19.5,12.3,0.00,45.0,259.0,NaN
2024-03-10T23:00,20.1,12.7,0.00,40.0,316.0,NaN
2024-03-11T00:00,23.3,14.8,0.60,42.0,336.0,NaN
2024-03-11T01:00,23.9,15.3,2.50,56.0,321.0,NaN
2024-03-11T02:00,23.7,15.1,5.90,75.0,301.0,NaN
2024-03-11T03:00,24.0,15.4,9.75,92.0,283.0,NaN
2024-03-11T04:00,22.9,14.5,12.70,105.0,268.0,NaN
2024-03-11T05:00,21.4,13.3,13.45,115.0,255.0,NaN
2024-03-11T06:00,21.1,12.8,10.80,121.0,251.0,NaN
2024-03-11T07:00,20.3,12.3,5.05,122.0,252.0,NaN
2024-03-11T08:00,21.0,12.8,3.55,118.0,263.0,NaN
2024-03-11T09:00,22.8,14.2,1.75,110.0,304.0,NaN
2024-03-11T10:00,23.2,14.8,0.35,95.0,413.0,NaN
2024-03-11T11:00,27.1,17.8,0.00,75.0,552.0,NaN
2024-03-11T12:00,31.5,20.8,0.00,61.0,642.0,NaN
2024-03-11T13:00,27.1,17.6,0.00,60.0,568.0,NaN
2024-03-11T14:00,23.0,14.7,0.00,58.0,465.0,NaN
2024-03-11T15:00,21.7,13.8,0.00,56.0,383.0,NaN
2024-03-11T16:00,21.1,13.4,0.00,54.0,344.0,NaN
2024-03-11T17:00,20.0,12.6,0.00,53.0,327.0,NaN
2024-03-11T18:00,19.3,12.2,0.00,51.0,315.0,NaN
2024-03-11T19:00,19.0,12.0,0.00,49.0,296.0,NaN
2024-03-11T20:00,19.1,12.0,0.00,48.0,284.0,NaN
2024-03-11T21:00,19.5,12.4,0.00,45.0,301.0,NaN
2024-03-11T22:00,20.7,13.2,0.00,38.0,383.0,NaN
2024-03-11T23:00,23.3,15.1,0.00,29.0,495.0,NaN
2024-03-12T00:00,25.8,16.5,0.55,43.0,418.0,NaN
2024-03-12T01:00,25.4,16.2,2.35,58.0,398.0,NaN
2024-03-12T02:00,26.0,16.6,5.55,78.0,370.0,NaN
2024-03-12T03:00,27.8,17.8,9.25,96.0,344.0,NaN
2024-03-12T04:00,27.5,17.2,11.50,110.0,323.0,NaN
2024-03-12T05:00,26.7,16.2,12.55,122.0,303.0,NaN
2024-03-12T06:00,26.4,15.7,11.20,128.0,292.0,NaN
2024-03-12T07:00,26.1,15.4,7.40,128.0,284.0,NaN
2024-03-12T08:00,26.1,15.3,3.95,123.0,283.0,NaN
2024-03-12T09:00,27.1,16.2,1.80,114.0,308.0,NaN
2024-03-12T10:00,26.5,16.1,0.35,99.0,387.0,NaN
2024-03-12T11:00,29.8,18.8,0.00,79.0,492.0,NaN
2024-03-12T12:00,36.9,23.3,0.00,64.0,561.0,NaN
2024-03-12T13:00,31.5,19.7,0.00,61.0,514.0,NaN
2024-03-12T14:00,27.2,16.9,0.00,57.0,448.0,NaN
2024-03-12T15:00,25.8,16.1,0.00,54.0,394.0,NaN
2024-03-12T16:00,24.9,15.5,0.00,52.0,364.0,NaN
2024-03-12T17:00,22.9,14.2,0.00,51.0,347.0,NaN
2024-03-12T18:00,21.7,13.4,0.00,50.0,334.0,NaN
2024-03-12T19:00,20.8,12.9,0.00,48.0,318.0,NaN
2024-03-12T20:00,20.5,12.7,0.00,45.0,307.0,NaN
2024-03-12T21:00,20.5,12.8,0.00,42.0,319.0,NaN
2024-03-12T22:00,21.1,13.3,0.00,35.0,381.0,NaN
2024-03-12T23:00,22.9,14.6,0.00,28.0,467.0,NaN
2024-03-13T00:00,26.3,16.9,0.50,39.0,431.0,NaN
2024-03-13T01:00,25.6,16.4,2.00,52.0,406.0,NaN
2024-03-13T02:00,27.2,17.4,4.50,70.0,372.0,NaN
2024-03-13T03:00,31.2,20.0,6.65,89.0,345.0,NaN
2024-03-13T04:00,37.3,23.5,7.20,109.0,333.0,NaN
2024-03-13T05:00,39.3,24.9,8.15,129.0,329.0,NaN
2024-03-13T06:00,38.3,24.4,7.75,142.0,328.0,NaN
2024-03-13T07:00,38.1,24.2,5.45,143.0,321.0,NaN
2024-03-13T08:00,36.9,23.5,3.40,137.0,316.0,NaN
2024-03-13T09:00,35.0,22.1,1.30,125.0,333.0,NaN
2024-03-13T10:00,35.5,22.1,0.35,106.0,397.0,NaN
2024-03-13T11:00,35.0,22.1,0.00,81.0,484.0,NaN
2024-03-13T12:00,46.0,29.2,0.00,60.0,599.0,NaN
2024-03-13T13:00,39.1,24.9,0.00,58.0,545.0,NaN
2024-03-13T14:00,32.2,20.4,0.00,55.0,469.0,NaN
2024-03-13T15:00,26.9,16.8,0.00,53.0,403.0,NaN
2024-03-13T16:00,22.9,14.2,0.00,53.0,357.0,NaN
2024-03-13T17:00,19.7,12.0,0.00,53.0,321.0,NaN
2024-03-13T18:00,18.2,10.9,0.00,53.0,294.0,NaN
2024-03-13T19:00,17.4,10.3,0.00,53.0,275.0,NaN
2024-03-13T20:00,16.9,10.0,0.00,52.0,265.0,NaN
2024-03-13T21:00,16.6,9.9,0.00,51.0,266.0,NaN
2024-03-13T22:00,16.5,9.9,0.00,48.0,284.0,NaN
2024-03-13T23:00,17.0,10.4,0.00,46.0,312.0,NaN
2024-03-14T00:00,29.3,17.5,0.45,46.0,344.0,NaN
2024-03-14T01:00,29.9,18.0,1.80,53.0,333.0,NaN
2024-03-14T02:00,29.9,18.1,4.30,64.0,318.0,NaN
2024-03-14T03:00,30.9,18.6,7.35,77.0,306.0,NaN
2024-03-14T04:00,34.8,20.5,8.95,95.0,299.0,NaN
2024-03-14T05:00,37.6,22.7,10.20,115.0,294.0,NaN
2024-03-14T06:00,39.8,24.6,9.60,128.0,293.0,NaN
2024-03-14T07:00,42.7,26.5,6.30,131.0,294.0,NaN
2024-03-14T08:00,43.8,27.4,3.30,128.0,299.0,NaN
2024-03-14T09:00,42.0,26.1,1.50,120.0,314.0,NaN
2024-03-14T10:00,38.2,23.2,0.30,104.0,353.0,NaN
2024-03-14T11:00,32.6,19.9,0.00,82.0,402.0,NaN
2024-03-14T12:00,28.4,17.5,0.00,65.0,420.0,NaN
2024-03-14T13:00,21.3,12.8,0.00,63.0,383.0,NaN
2024-03-14T14:00,16.4,9.7,0.00,61.0,332.0,NaN
2024-03-14T15:00,15.8,9.3,0.00,59.0,290.0,NaN
2024-03-14T16:00,15.3,9.1,0.00,57.0,265.0,NaN
2024-03-14T17:00,14.0,8.2,0.00,56.0,249.0,NaN
2024-03-14T18:00,13.0,7.7,0.00,55.0,237.0,NaN
2024-03-14T19:00,12.6,7.4,0.00,54.0,226.0,NaN
2024-03-14T20:00,12.5,7.4,0.00,54.0,218.0,NaN
2024-03-14T21:00,12.5,7.5,0.00,53.0,221.0,NaN
2024-03-14T22:00,12.7,7.7,0.00,50.0,243.0,NaN
2024-03-14T23:00,13.2,8.1,0.00,46.0,275.0,NaN
2024-03-15T00:00,17.8,10.6,0.55,53.0,256.0,NaN
2024-03-15T01:00,19.3,11.6,2.25,59.0,250.0,NaN
2024-03-15T02:00,21.2,13.0,5.25,68.0,241.0,NaN
2024-03-15T03:00,23.5,14.4,8.85,77.0,232.0,NaN
2024-03-15T04:00,23.6,14.6,11.70,88.0,221.0,NaN
2024-03-15T05:00,23.5,14.6,12.65,99.0,210.0,NaN
2024-03-15T06:00,24.2,15.1,11.45,106.0,203.0,NaN
2024-03-15T07:00,25.4,15.8,8.40,108.0,198.0,NaN
2024-03-15T08:00,26.4,16.5,4.85,106.0,198.0,NaN
2024-03-15T09:00,27.4,17.1,1.95,100.0,215.0,NaN
2024-03-15T10:00,30.9,19.3,0.40,86.0,269.0,NaN
2024-03-15T11:00,35.3,22.1,0.00,68.0,341.0,NaN
2024-03-15T12:00,33.4,20.7,0.00,57.0,358.0,NaN
2024-03-15T13:00,33.4,20.6,0.00,57.0,345.0,NaN
2024-03-15T14:00,32.7,20.0,0.00,56.0,325.0,NaN
2024-03-15T15:00,32.5,19.7,0.00,55.0,306.0,NaN
2024-03-15T16:00,32.2,19.6,0.00,53.0,287.0,NaN
2024-03-15T17:00,31.3,18.9,0.00,51.0,267.0,NaN
2024-03-15T18:00,30.9,18.6,0.00,48.0,252.0,NaN
2024-03-15T19:00,30.6,18.6,0.00,46.0,236.0,NaN
2024-03-15T20:00,30.2,18.4,0.00,43.0,223.0,NaN
2024-03-15T21:00,29.8,18.3,0.00,40.0,233.0,NaN
2024-03-15T22:00,29.7,18.5,0.00,35.0,292.0,NaN
2024-03-15T23:00,30.3,18.9,0.00,29.0,373.0,NaN
2024-03-16T00:00,33.3,20.9,0.55,34.0,337.0,NaN
2024-03-16T01:00,31.1,19.3,2.30,45.0,311.0,NaN
2024-03-16T02:00,28.1,17.3,5.45,60.0,275.0,NaN
2024-03-16T03:00,27.5,16.8,9.05,74.0,245.0,NaN
2024-03-16T04:00,26.6,16.2,11.70,87.0,228.0,NaN
2024-03-16T05:00,26.0,15.9,12.55,99.0,218.0,NaN
2024-03-16T06:00,26.3,16.1,11.25,108.0,213.0,NaN
2024-03-16T07:00,27.2,16.6,8.20,112.0,208.0,NaN
2024-03-16T08:00,27.9,17.0,4.55,112.0,207.0,NaN
2024-03-16T09:00,28.1,16.9,1.75,108.0,223.0,NaN
2024-03-16T10:00,31.0,18.9,0.40,96.0,274.0,NaN
2024-03-16T11:00,33.8,20.9,0.00,79.0,342.0,NaN
2024-03-16T12:00,32.1,19.5,0.00,63.0,369.0,NaN
2024-03-16T13:00,27.7,16.6,0.00,62.0,352.0,NaN
2024-03-16T14:00,25.0,14.9,0.00,60.0,328.0,NaN
2024-03-16T15:00,23.9,14.4,0.00,58.0,305.0,NaN
2024-03-16T16:00,22.6,13.7,0.00,55.0,286.0,NaN
2024-03-16T17:00,20.5,12.5,0.00,53.0,268.0,NaN
2024-03-16T18:00,19.3,11.7,0.00,50.0,252.0,NaN
2024-03-16T19:00,18.3,11.1,0.00,48.0,231.0,NaN
2024-03-16T20:00,17.4,10.6,0.00,47.0,211.0,NaN
2024-03-16T21:00,16.7,10.2,0.00,45.0,210.0,NaN
2024-03-16T22:00,16.4,10.1,0.00,39.0,248.0,NaN
2024-03-16T23:00,16.9,10.6,0.00,33.0,305.0,NaN
2024-03-17T00:00,28.5,17.8,0.60,32.0,321.0,NaN
2024-03-17T01:00,26.7,16.6,2.45,42.0,298.0,NaN
2024-03-17T02:00,25.6,16.0,5.65,56.0,265.0,NaN
2024-03-17T03:00,26.2,16.3,9.00,70.0,239.0,NaN
2024-03-17T04:00,26.1,15.8,10.20,83.0,224.0,NaN
2024-03-17T05:00,27.0,16.1,9.35,96.0,216.0,NaN
2024-03-17T06:00,28.6,17.1,8.85,104.0,212.0,NaN
2024-03-17T07:00,28.7,17.1,6.15,105.0,205.0,NaN
2024-03-17T08:00,28.5,17.1,3.90,101.0,203.0,NaN
2024-03-17T09:00,28.0,16.9,1.80,94.0,224.0,NaN
2024-03-17T10:00,26.8,16.2,0.35,81.0,295.0,NaN
2024-03-17T11:00,29.5,18.5,0.00,65.0,389.0,NaN
2024-03-17T12:00,35.4,22.4,0.00,53.0,446.0,NaN
2024-03-17T13:00,30.3,18.9,0.00,52.0,408.0,NaN
2024-03-17T14:00,26.2,16.2,0.00,50.0,356.0,NaN
2024-03-17T15:00,24.3,15.0,0.00,49.0,311.0,NaN
2024-03-17T16:00,22.6,13.9,0.00,48.0,282.0,NaN
2024-03-17T17:00,20.5,12.4,0.00,48.0,261.0,NaN
2024-03-17T18:00,19.4,11.7,0.00,47.0,245.0,NaN
2024-03-17T19:00,18.8,11.4,0.00,45.0,231.0,NaN
2024-03-17T20:00,18.5,11.2,0.00,43.0,222.0,NaN
2024-03-17T21:00,18.3,11.2,0.00,40.0,227.0,NaN
2024-03-17T22:00,18.5,11.4,0.00,36.0,262.0,NaN
2024-03-17T23:00,19.4,12.0,0.00,31.0,312.0,NaN
2024-03-18T00:00,19.4,12.3,0.65,34.0,323.0,NaN
2024-03-18T01:00,18.7,11.9,2.55,46.0,304.0,NaN
2024-03-18T02:00,18.9,12.0,5.85,62.0,277.0,NaN
2024-03-18T03:00,20.4,13.1,9.65,78.0,255.0,NaN
2024-03-18T04:00,22.2,14.3,11.90,94.0,241.0,NaN
2024-03-18T05:00,22.9,14.7,12.50,109.0,232.0,NaN
2024-03-18T06:00,23.0,14.5,10.90,118.0,225.0,NaN
2024-03-18T07:00,22.5,13.9,7.80,119.0,220.0,NaN
2024-03-18T08:00,22.2,13.6,4.55,114.0,217.0,NaN
2024-03-18T09:00,22.5,13.6,1.85,105.0,223.0,NaN
2024-03-18T10:00,23.2,13.9,0.40,90.0,245.0,NaN
2024-03-18T11:00,23.8,14.3,0.00,72.0,276.0,NaN
2024-03-18T12:00,22.6,13.7,0.00,56.0,291.0,NaN
2024-03-18T13:00,22.9,13.8,0.00,54.0,287.0,NaN
2024-03-18T14:00,23.6,14.3,0.00,50.0,281.0,NaN
2024-03-18T15:00,24.6,14.9,0.00,48.0,271.0,NaN
2024-03-18T16:00,24.7,15.0,0.00,48.0,255.0,NaN
2024-03-18T17:00,23.4,14.1,0.00,48.0,235.0,NaN
2024-03-18T18:00,22.4,13.4,0.00,49.0,219.0,NaN
2024-03-18T19:00,21.6,13.0,0.00,50.0,206.0,NaN
2024-03-18T20:00,20.9,12.5,0.00,50.0,198.0,NaN
2024-03-18T21:00,20.0,12.0,0.00,50.0,202.0,NaN
2024-03-18T22:00,19.1,11.6,0.00,46.0,232.0,NaN
2024-03-18T23:00,19.0,11.6,0.00,42.0,276.0,NaN
2024-03-19T00:00,20.2,12.5,0.60,45.0,307.0,NaN
2024-03-19T01:00,19.5,11.9,2.50,58.0,293.0,NaN
2024-03-19T02:00,19.2,11.8,5.80,77.0,274.0,NaN
2024-03-19T03:00,20.5,12.7,9.65,94.0,258.0,NaN
2024-03-19T04:00,20.7,12.7,12.60,106.0,248.0,NaN
2024-03-19T05:00,19.4,11.8,13.50,117.0,241.0,NaN
2024-03-19T06:00,18.7,11.3,11.75,122.0,238.0,NaN
2024-03-19T07:00,18.8,11.4,8.30,122.0,236.0,NaN
2024-03-19T08:00,19.6,11.8,4.80,116.0,237.0,NaN
2024-03-19T09:00,20.4,12.3,1.95,108.0,248.0,NaN
2024-03-19T10:00,22.5,13.6,0.40,95.0,279.0,NaN
2024-03-19T11:00,24.4,14.9,0.00,78.0,319.0,NaN
2024-03-19T12:00,24.1,14.4,0.00,66.0,330.0,NaN
2024-03-19T13:00,24.1,14.4,0.00,64.0,322.0,NaN
2024-03-19T14:00,23.9,14.4,0.00,61.0,311.0,NaN
2024-03-19T15:00,24.6,14.9,0.00,58.0,304.0,NaN
2024-03-19T16:00,25.7,15.8,0.00,55.0,304.0,NaN
2024-03-19T17:00,25.7,15.8,0.00,52.0,308.0,NaN
2024-03-19T18:00,25.7,16.0,0.00,49.0,312.0,NaN
2024-03-19T19:00,25.7,16.1,0.00,45.0,307.0,NaN
2024-03-19T20:00,25.4,15.9,0.00,41.0,302.0,NaN
2024-03-19T21:00,25.4,16.0,0.00,38.0,319.0,NaN
2024-03-19T22:00,25.9,16.5,0.00,32.0,385.0,NaN
2024-03-19T23:00,27.5,17.8,0.00,27.0,474.0,NaN
2024-03-20T00:00,29.5,19.2,0.60,36.0,479.0,NaN
2024-03-20T01:00,32.6,21.2,2.40,57.0,456.0,NaN
2024-03-20T02:00,34.1,22.1,5.55,85.0,423.0,NaN
2024-03-20T03:00,35.0,22.5,9.10,108.0,391.0,NaN
2024-03-20T04:00,32.8,20.7,11.00,120.0,363.0,NaN
2024-03-20T05:00,32.6,20.0,10.65,127.0,336.0,NaN
2024-03-20T06:00,31.0,18.7,9.90,129.0,316.0,NaN
2024-03-20T07:00,30.5,18.3,7.25,127.0,297.0,NaN
2024-03-20T08:00,29.7,17.8,3.95,121.0,283.0,NaN
2024-03-20T09:00,27.4,16.4,1.70,112.0,297.0,NaN
2024-03-20T10:00,27.2,16.5,0.35,98.0,366.0,NaN
2024-03-20T11:00,31.7,20.0,0.00,80.0,462.0,NaN
2024-03-20T12:00,33.9,21.0,0.00,67.0,473.0,NaN
2024-03-20T13:00,30.7,18.9,0.00,64.0,452.0,NaN
2024-03-20T14:00,28.3,17.6,0.00,60.0,422.0,NaN
2024-03-20T15:00,27.6,17.3,0.00,56.0,403.0,NaN
2024-03-20T16:00,27.5,17.5,0.00,52.0,403.0,NaN
2024-03-20T17:00,26.3,16.8,0.00,49.0,412.0,NaN
2024-03-20T18:00,26.4,17.0,0.00,45.0,423.0,NaN
2024-03-20T19:00,27.0,17.5,0.00,40.0,425.0,NaN
2024-03-20T20:00,27.4,17.8,0.00,34.0,429.0,NaN
2024-03-20T21:00,27.5,17.9,0.00,30.0,455.0,NaN
2024-03-20T22:00,28.5,18.6,0.00,27.0,539.0,NaN
2024-03-20T23:00,31.8,21.0,0.05,25.0,645.0,NaN
2024-03-21T00:00,40.5,26.7,0.60,37.0,624.0,NaN
2024-03-21T01:00,37.0,24.0,2.55,56.0,559.0,NaN
2024-03-21T02:00,32.6,20.9,5.80,84.0,470.0,NaN
2024-03-21T03:00,30.4,19.0,9.55,107.0,400.0,NaN
2024-03-21T04:00,30.2,18.4,11.25,123.0,370.0,NaN
2024-03-21T05:00,29.9,18.0,11.10,135.0,359.0,NaN
2024-03-21T06:00,28.9,17.2,9.10,142.0,351.0,NaN
2024-03-21T07:00,29.2,17.1,6.25,142.0,337.0,NaN
2024-03-21T08:00,30.0,17.5,4.35,137.0,325.0,NaN
2024-03-21T09:00,29.7,17.3,1.65,129.0,323.0,NaN
2024-03-21T10:00,29.6,17.6,0.35,115.0,342.0,NaN
2024-03-21T11:00,28.8,17.4,0.00,98.0,370.0,NaN
2024-03-21T12:00,31.5,18.9,0.00,86.0,403.0,NaN
2024-03-21T13:00,25.3,15.1,0.00,82.0,382.0,NaN
2024-03-21T14:00,20.4,12.2,0.00,77.0,352.0,NaN
2024-03-21T15:00,18.7,11.4,0.00,73.0,326.0,NaN
2024-03-21T16:00,18.0,10.9,0.00,71.0,308.0,NaN
2024-03-21T17:00,16.7,10.0,0.00,70.0,294.0,NaN
2024-03-21T18:00,15.7,9.4,0.00,68.0,283.0,NaN
2024-03-21T19:00,15.0,9.0,0.00,66.0,272.0,NaN
2024-03-21T20:00,14.7,8.9,0.00,63.0,263.0,NaN
2024-03-21T21:00,14.8,9.0,0.00,61.0,268.0,NaN
2024-03-21T22:00,15.3,9.4,0.00,57.0,300.0,NaN
2024-03-21T23:00,16.5,10.2,0.05,52.0,346.0,NaN
2024-03-22T00:00,15.3,9.6,0.60,58.0,339.0,NaN
2024-03-22T01:00,16.5,10.3,2.45,69.0,322.0,NaN
2024-03-22T02:00,17.8,11.2,5.60,84.0,298.0,NaN
2024-03-22T03:00,19.3,12.1,9.20,97.0,278.0,NaN
2024-03-22T04:00,19.6,11.9,11.90,108.0,266.0,NaN
2024-03-22T05:00,19.8,11.7,11.70,116.0,257.0,NaN
2024-03-22T06:00,20.7,12.1,9.05,121.0,251.0,NaN
2024-03-22T07:00,21.8,12.7,6.80,120.0,246.0,NaN
2024-03-22T08:00,21.9,12.7,3.85,115.0,244.0,NaN
2024-03-22T09:00,22.4,13.0,1.80,107.0,249.0,NaN
2024-03-22T10:00,22.5,13.2,0.40,96.0,266.0,NaN
2024-03-22T11:00,22.1,13.2,0.00,82.0,290.0,NaN
2024-03-22T12:00,24.1,14.4,0.00,74.0,324.0,NaN
2024-03-22T13:00,22.6,13.5,0.00,71.0,317.0,NaN
2024-03-22T14:00,22.2,13.4,0.00,67.0,307.0,NaN
2024-03-22T15:00,22.4,13.5,0.00,64.0,296.0,NaN
2024-03-22T16:00,22.1,13.4,0.00,62.0,283.0,NaN
2024-03-22T17:00,21.0,12.7,0.00,60.0,269.0,NaN
2024-03-22T18:00,20.4,12.3,0.00,58.0,258.0,NaN
2024-03-22T19:00,20.1,12.1,0.00,56.0,249.0,NaN
2024-03-22T20:00,19.9,12.0,0.00,54.0,243.0,NaN
2024-03-22T21:00,19.8,11.9,0.00,53.0,243.0,NaN
2024-03-22T22:00,20.0,12.0,0.00,51.0,254.0,NaN
2024-03-22T23:00,20.5,12.4,0.05,50.0,272.0,NaN
2024-03-23T00:00,21.0,12.6,0.60,51.0,310.0,NaN
2024-03-23T01:00,18.7,11.3,2.40,59.0,298.0,NaN
2024-03-23T02:00,17.1,10.3,5.45,71.0,282.0,NaN
2024-03-23T03:00,17.5,10.6,9.25,82.0,268.0,NaN
2024-03-23T04:00,17.7,10.6,11.15,92.0,258.0,NaN
2024-03-23T05:00,18.5,10.9,11.45,102.0,251.0,NaN
2024-03-23T06:00,19.0,11.3,10.10,107.0,246.0,NaN
2024-03-23T07:00,20.6,12.3,7.40,107.0,240.0,NaN
2024-03-23T08:00,21.0,12.5,4.50,103.0,236.0,NaN
2024-03-23T09:00,19.1,11.4,1.80,96.0,243.0,NaN
2024-03-23T10:00,17.8,10.6,0.40,84.0,271.0,NaN
2024-03-23T11:00,17.7,10.6,0.00,68.0,309.0,NaN
2024-03-23T12:00,19.7,12.0,0.00,55.0,347.0,NaN
2024-03-23T13:00,18.9,11.5,0.00,54.0,338.0,NaN
2024-03-23T14:00,18.6,11.4,0.00,53.0,324.0,NaN
2024-03-23T15:00,18.9,11.6,0.00,52.0,309.0,NaN
2024-03-23T16:00,18.8,11.6,0.00,51.0,292.0,NaN
2024-03-23T17:00,18.0,11.0,0.00,49.0,273.0,NaN
2024-03-23T18:00,17.9,10.8,0.00,47.0,259.0,NaN
2024-03-23T19:00,18.0,10.9,0.00,44.0,251.0,NaN
2024-03-23T20:00,18.2,11.0,0.00,40.0,247.0,NaN
2024-03-23T21:00,18.5,11.2,0.00,38.0,248.0,NaN
2024-03-23T22:00,18.5,11.2,0.00,37.0,260.0,NaN
2024-03-23T23:00,18.6,11.4,0.05,37.0,278.0,NaN
2024-03-24T00:00,23.1,14.4,0.65,34.0,346.0,NaN
2024-03-24T01:00,20.2,12.5,2.60,45.0,323.0,NaN
2024-03-24T02:00,19.3,12.0,5.95,60.0,292.0,NaN
2024-03-24T03:00,21.0,13.3,9.45,75.0,265.0,NaN
2024-03-24T04:00,22.4,14.1,11.75,88.0,248.0,NaN
2024-03-24T05:00,22.7,14.0,12.60,100.0,236.0,NaN
2024-03-24T06:00,22.8,14.1,11.30,107.0,228.0,NaN
2024-03-24T07:00,23.1,14.2,8.20,108.0,219.0,NaN
2024-03-24T08:00,22.6,14.1,4.60,105.0,213.0,NaN
2024-03-24T09:00,21.9,13.6,1.90,97.0,224.0,NaN
2024-03-24T10:00,21.5,13.4,0.40,83.0,267.0,NaN
2024-03-24T11:00,22.1,13.8,0.00,65.0,326.0,NaN
2024-03-24T12:00,18.6,11.9,0.00,54.0,380.0,NaN
2024-03-24T13:00,17.3,11.1,0.00,51.0,371.0,NaN
2024-03-24T14:00,16.9,10.7,0.00,48.0,357.0,NaN
2024-03-24T15:00,17.6,11.0,0.00,45.0,340.0,NaN
2024-03-24T16:00,17.8,11.2,0.00,44.0,318.0,NaN
2024-03-24T17:00,17.0,10.7,0.00,44.0,294.0,NaN
2024-03-24T18:00,16.8,10.6,0.00,43.0,275.0,NaN
2024-03-24T19:00,16.4,10.7,0.00,41.0,264.0,NaN
2024-03-24T20:00,16.1,10.7,0.00,39.0,258.0,NaN
2024-03-24T21:00,16.1,10.8,0.00,38.0,257.0,NaN
2024-03-24T22:00,16.2,10.9,0.00,38.0,263.0,NaN
2024-03-24T23:00,16.8,11.3,0.05,39.0,274.0,NaN
2024-03-25T00:00,16.2,10.8,0.70,41.0,298.0,NaN
2024-03-25T01:00,15.3,10.0,2.70,50.0,282.0,NaN
2024-03-25T02:00,15.4,10.0,6.20,63.0,260.0,NaN
2024-03-25T03:00,17.5,11.4,10.05,76.0,242.0,NaN
2024-03-25T04:00,19.4,12.6,12.85,89.0,231.0,NaN
2024-03-25T05:00,19.7,12.6,13.55,101.0,223.0,NaN
2024-03-25T06:00,19.9,12.7,11.95,109.0,220.0,NaN
2024-03-25T07:00,21.0,13.3,8.55,112.0,219.0,NaN
2024-03-25T08:00,22.1,13.8,4.70,111.0,222.0,NaN
2024-03-25T09:00,23.1,14.3,1.75,105.0,233.0,NaN
2024-03-25T10:00,22.3,13.7,0.30,90.0,260.0,NaN
2024-03-25T11:00,21.3,13.1,0.00,70.0,296.0,NaN
2024-03-25T12:00,22.4,13.6,0.00,56.0,344.0,NaN
2024-03-25T13:00,19.4,11.7,0.00,52.0,324.0,NaN
2024-03-25T14:00,16.9,10.2,0.00,48.0,297.0,NaN
2024-03-25T15:00,15.5,9.5,0.00,44.0,270.0,NaN
2024-03-25T16:00,14.2,8.7,0.00,43.0,247.0,NaN
2024-03-25T17:00,12.6,7.6,0.00,43.0,224.0,NaN
2024-03-25T18:00,11.8,7.0,0.00,43.0,207.0,NaN
2024-03-25T19:00,11.4,6.6,0.00,44.0,194.0,NaN
2024-03-25T20:00,11.2,6.5,0.00,45.0,185.0,NaN
2024-03-25T21:00,11.3,6.5,0.00,45.0,186.0,NaN
2024-03-25T22:00,11.5,6.8,0.00,43.0,203.0,NaN
2024-03-25T23:00,12.3,7.3,0.05,40.0,230.0,NaN
2024-03-26T00:00,13.6,8.2,0.70,45.0,238.0,NaN
2024-03-26T01:00,14.3,8.7,2.70,53.0,235.0,NaN
2024-03-26T02:00,15.2,9.5,6.15,63.0,231.0,NaN
2024-03-26T03:00,16.8,10.7,10.10,74.0,225.0,NaN
2024-03-26T04:00,18.3,11.6,13.10,85.0,215.0,NaN
2024-03-26T05:00,18.6,11.6,13.90,96.0,203.0,NaN
2024-03-26T06:00,18.5,11.3,11.85,102.0,196.0,NaN
2024-03-26T07:00,18.9,11.4,7.65,102.0,193.0,NaN
2024-03-26T08:00,18.4,11.0,4.60,97.0,194.0,NaN
2024-03-26T09:00,17.9,10.8,1.95,90.0,206.0,NaN
2024-03-26T10:00,19.6,11.9,0.40,79.0,239.0,NaN
2024-03-26T11:00,21.5,13.1,0.00,66.0,283.0,NaN
2024-03-26T12:00,19.4,11.8,0.00,56.0,298.0,NaN
2024-03-26T13:00,20.5,12.4,0.00,55.0,289.0,NaN
2024-03-26T14:00,21.0,12.7,0.00,54.0,275.0,NaN
2024-03-26T15:00,21.5,13.1,0.00,53.0,260.0,NaN
2024-03-26T16:00,21.2,13.0,0.00,52.0,242.0,NaN
2024-03-26T17:00,20.3,12.3,0.00,52.0,222.0,NaN
2024-03-26T18:00,19.8,12.0,0.00,51.0,206.0,NaN
2024-03-26T19:00,19.3,11.7,0.00,50.0,193.0,NaN
2024-03-26T20:00,18.6,11.3,0.00,49.0,184.0,NaN
2024-03-26T21:00,17.9,10.9,0.00,48.0,188.0,NaN
2024-03-26T22:00,17.6,10.8,0.00,44.0,217.0,NaN
2024-03-26T23:00,18.1,11.3,0.05,38.0,260.0,NaN
2024-03-27T00:00,24.9,15.7,0.75,39.0,286.0,NaN
2024-03-27T01:00,25.1,15.7,2.90,50.0,273.0,NaN
2024-03-27T02:00,25.7,16.1,6.35,66.0,256.0,NaN
2024-03-27T03:00,26.1,16.1,9.55,80.0,241.0,NaN
2024-03-27T04:00,23.9,14.6,10.80,91.0,232.0,NaN
2024-03-27T05:00,21.5,13.1,10.65,99.0,226.0,NaN
2024-03-27T06:00,21.0,12.9,11.05,105.0,223.0,NaN
2024-03-27T07:00,21.7,13.2,8.60,107.0,220.0,NaN
2024-03-27T08:00,22.5,13.6,4.70,107.0,221.0,NaN
2024-03-27T09:00,23.7,14.1,1.80,102.0,233.0,NaN
2024-03-27T10:00,24.7,14.6,0.40,90.0,273.0,NaN
2024-03-27T11:00,26.7,16.1,0.00,75.0,324.0,NaN
2024-03-27T12:00,35.6,21.6,0.00,59.0,436.0,NaN
2024-03-27T13:00,29.7,17.7,0.00,58.0,390.0,NaN
2024-03-27T14:00,26.2,15.4,0.00,58.0,326.0,NaN
2024-03-27T15:00,24.2,14.2,0.00,56.0,274.0,NaN
2024-03-27T16:00,22.8,13.3,0.00,53.0,248.0,NaN
2024-03-27T17:00,20.7,12.0,0.00,50.0,234.0,NaN
2024-03-27T18:00,19.4,11.3,0.00,47.0,223.0,NaN
2024-03-27T19:00,18.8,10.9,0.00,44.0,212.0,NaN
2024-03-27T20:00,18.6,10.8,0.00,41.0,204.0,NaN
2024-03-27T21:00,18.5,10.7,0.00,39.0,203.0,NaN
2024-03-27T22:00,18.5,10.8,0.00,38.0,213.0,NaN
2024-03-27T23:00,19.1,11.2,0.05,39.0,228.0,NaN
2024-03-28T00:00,22.4,13.2,0.70,35.0,269.0,NaN
2024-03-28T01:00,22.5,13.4,2.65,44.0,261.0,NaN
2024-03-28T02:00,23.4,14.1,5.75,56.0,249.0,NaN
2024-03-28T03:00,25.3,15.3,8.70,68.0,237.0,NaN
2024-03-28T04:00,26.8,15.9,11.05,79.0,225.0,NaN
2024-03-28T05:00,26.0,15.3,11.90,89.0,213.0,NaN
2024-03-28T06:00,25.8,15.3,10.60,96.0,206.0,NaN
2024-03-28T07:00,26.9,15.9,7.45,99.0,203.0,NaN
2024-03-28T08:00,27.2,16.4,3.95,97.0,206.0,NaN
2024-03-28T09:00,28.6,17.5,1.65,92.0,224.0,NaN
2024-03-28T10:00,30.0,18.3,0.35,79.0,273.0,NaN
2024-03-28T11:00,31.0,19.1,0.00,61.0,337.0,NaN
2024-03-28T12:00,38.1,23.2,0.00,51.0,351.0,NaN
2024-03-28T13:00,38.4,23.7,0.00,45.0,372.0,NaN
2024-03-28T14:00,38.0,23.5,0.00,37.0,400.0,NaN
2024-03-28T15:00,37.4,23.2,0.00,32.0,407.0,NaN
2024-03-28T16:00,34.8,21.5,0.00,31.0,376.0,NaN
2024-03-28T17:00,31.1,19.0,0.00,33.0,324.0,NaN
2024-03-28T18:00,27.9,17.0,0.00,34.0,278.0,NaN
2024-03-28T19:00,23.9,15.1,0.00,35.0,244.0,NaN
2024-03-28T20:00,22.2,14.2,0.00,36.0,215.0,NaN
2024-03-28T21:00,21.1,13.8,0.00,36.0,199.0,NaN
2024-03-28T22:00,21.0,13.7,0.00,34.0,203.0,NaN
2024-03-28T23:00,21.5,14.2,0.05,32.0,218.0,NaN
2024-03-29T00:00,27.0,16.8,0.65,35.0,231.0,NaN
2024-03-29T01:00,27.8,17.0,2.50,41.0,225.0,NaN
2024-03-29T02:00,28.6,17.3,5.50,50.0,218.0,NaN
2024-03-29T03:00,29.7,17.9,8.20,60.0,211.0,NaN
2024-03-29T04:00,30.0,18.0,10.95,72.0,206.0,NaN
2024-03-29T05:00,30.3,18.2,11.35,85.0,202.0,NaN
2024-03-29T06:00,30.7,18.5,10.15,93.0,201.0,NaN
2024-03-29T07:00,30.9,18.6,7.35,93.0,202.0,NaN
2024-03-29T08:00,31.7,18.9,3.15,89.0,206.0,NaN
2024-03-29T09:00,34.2,20.5,1.45,81.0,223.0,NaN
2024-03-29T10:00,35.6,21.5,0.30,68.0,264.0,NaN
2024-03-29T11:00,35.3,21.4,0.00,51.0,318.0,NaN
2024-03-29T12:00,30.5,18.7,0.00,46.0,303.0,NaN
2024-03-29T13:00,30.5,18.7,0.00,42.0,313.0,NaN
2024-03-29T14:00,30.6,18.8,0.00,37.0,326.0,NaN
2024-03-29T15:00,31.9,19.6,0.00,33.0,329.0,NaN
2024-03-29T16:00,32.4,19.8,0.00,32.0,312.0,NaN
2024-03-29T17:00,30.5,18.5,0.00,32.0,285.0,NaN
2024-03-29T18:00,28.8,17.3,0.00,32.0,260.0,NaN
2024-03-29T19:00,27.3,16.4,0.00,32.0,238.0,NaN
2024-03-29T20:00,26.1,15.6,0.00,33.0,217.0,NaN
2024-03-29T21:00,25.5,15.3,0.00,34.0,206.0,NaN
2024-03-29T22:00,25.9,15.6,0.00,34.0,211.0,NaN
2024-03-29T23:00,26.8,16.3,0.05,33.0,226.0,NaN
2024-03-30T00:00,23.3,14.5,0.80,34.0,256.0,NaN
2024-03-30T01:00,23.7,14.6,3.05,41.0,246.0,NaN
2024-03-30T02:00,24.2,15.0,6.75,52.0,231.0,NaN
2024-03-30T03:00,24.7,15.5,9.80,62.0,217.0,NaN
2024-03-30T04:00,22.9,14.4,10.80,72.0,204.0,NaN
2024-03-30T05:00,22.1,14.0,11.80,81.0,192.0,NaN
2024-03-30T06:00,22.2,14.1,10.50,87.0,184.0,NaN
2024-03-30T07:00,22.9,14.5,7.55,89.0,178.0,NaN
2024-03-30T08:00,23.7,14.9,4.50,88.0,176.0,NaN
2024-03-30T09:00,24.4,15.2,1.80,83.0,188.0,NaN
2024-03-30T10:00,24.7,15.3,0.40,72.0,225.0,NaN
2024-03-30T11:00,25.7,15.9,0.00,56.0,276.0,NaN
2024-03-30T12:00,31.4,19.7,0.00,45.0,367.0,NaN
2024-03-30T13:00,31.5,19.8,0.00,41.0,354.0,NaN
2024-03-30T14:00,30.0,18.9,0.00,35.0,336.0,NaN
2024-03-30T15:00,29.2,18.4,0.00,30.0,318.0,NaN
2024-03-30T16:00,28.8,18.3,0.00,27.0,300.0,NaN
2024-03-30T17:00,26.8,17.1,0.00,24.0,282.0,NaN
2024-03-30T18:00,25.2,16.0,0.00,22.0,265.0,NaN
2024-03-30T19:00,24.3,15.5,0.00,20.0,248.0,NaN
2024-03-30T20:00,23.1,15.1,0.00,19.0,233.0,NaN
2024-03-30T21:00,22.3,14.7,0.00,18.0,225.0,NaN
2024-03-30T22:00,21.9,14.6,0.00,18.0,233.0,NaN
2024-03-30T23:00,23.3,15.7,0.05,20.0,248.0,NaN
2024-03-31T00:00,43.5,28.9,0.75,15.0,464.0,NaN
2024-03-31T01:00,34.1,21.8,2.65,23.0,394.0,NaN
2024-03-31T02:00,30.5,19.4,5.75,34.0,298.0,NaN
2024-03-31T03:00,29.5,18.7,9.15,46.0,226.0,NaN
2024-03-31T04:00,30.7,19.5,11.90,61.0,200.0,NaN
2024-03-31T05:00,29.9,19.0,12.25,77.0,198.0,NaN
2024-03-31T06:00,29.6,18.8,9.65,89.0,200.0,NaN
2024-03-31T07:00,29.5,18.7,6.15,94.0,199.0,NaN
2024-03-31T08:00,30.3,19.4,3.70,95.0,202.0,NaN
2024-03-31T09:00,31.4,20.0,1.50,90.0,218.0,NaN
2024-03-31T10:00,29.8,18.9,0.35,75.0,260.0,NaN
2024-03-31T11:00,30.2,19.3,0.00,54.0,313.0,NaN
2024-03-31T12:00,47.4,30.0,0.00,36.0,541.0,NaN
2024-03-31T13:00,37.1,23.1,0.00,36.0,459.0,NaN
2024-03-31T14:00,31.7,19.5,0.00,35.0,346.0,NaN
2024-03-31T15:00,27.3,16.6,0.00,35.0,257.0,NaN
2024-03-31T16:00,24.2,14.6,0.00,35.0,216.0,NaN
2024-03-31T17:00,22.2,13.3,0.00,36.0,200.0,NaN
2024-03-31T18:00,21.4,12.8,0.00,36.0,190.0,NaN
2024-03-31T19:00,21.0,12.5,0.00,34.0,181.0,NaN
2024-03-31T20:00,20.8,12.5,0.00,31.0,179.0,NaN
2024-03-31T21:00,20.1,12.3,0.00,29.0,182.0,NaN
2024-03-31T22:00,19.9,12.5,0.00,27.0,195.0,NaN
2024-03-31T23:00,21.2,13.5,0.05,26.0,213.0,NaN
2024-04-01T00:00,18.2,11.8,0.65,31.0,226.0,NaN
2024-04-01T01:00,19.1,12.1,2.45,39.0,227.0,NaN
2024-04-01T02:00,23.1,14.5,4.95,51.0,229.0,NaN
2024-04-01T03:00,28.9,18.4,7.30,66.0,231.0,NaN
2024-04-01T04:00,31.4,20.1,9.00,87.0,234.0,NaN
2024-04-01T05:00,32.1,20.8,9.95,111.0,238.0,NaN
2024-04-01T06:00,32.8,21.3,9.50,129.0,243.0,NaN
2024-04-01T07:00,34.1,22.1,6.80,140.0,247.0,NaN
2024-04-01T08:00,34.8,22.6,4.15,146.0,253.0,NaN
2024-04-01T09:00,34.7,22.6,1.65,141.0,266.0,NaN
2024-04-01T10:00,34.8,22.8,0.30,117.0,298.0,NaN
2024-04-01T11:00,38.8,25.1,0.00,83.0,338.0,NaN
2024-04-01T12:00,66.8,43.3,0.00,68.0,609.0,NaN
2024-04-01T13:00,51.8,32.7,0.00,60.0,522.0,NaN
2024-04-01T14:00,41.0,25.3,0.00,49.0,402.0,NaN
2024-04-01T15:00,34.2,20.6,0.00,41.0,304.0,NaN
2024-04-01T16:00,28.9,16.9,0.00,39.0,252.0,NaN
2024-04-01T17:00,24.8,14.2,0.00,41.0,223.0,NaN
2024-04-01T18:00,22.9,13.0,0.00,42.0,204.0,NaN
2024-04-01T19:00,22.2,12.5,0.00,42.0,192.0,NaN
2024-04-01T20:00,22.1,12.5,0.00,41.0,190.0,NaN
2024-04-01T21:00,23.5,13.6,0.00,41.0,193.0,NaN
2024-04-01T22:00,23.2,13.3,0.00,41.0,202.0,NaN
2024-04-01T23:00,24.5,14.3,0.05,42.0,217.0,NaN
2024-04-02T00:00,28.9,16.6,0.45,43.0,238.0,NaN
2024-04-02T01:00,29.7,17.5,2.15,56.0,241.0,NaN
2024-04-02T02:00,31.7,18.9,4.50,73.0,245.0,NaN
2024-04-02T03:00,33.3,20.4,7.60,89.0,245.0,NaN
2024-04-02T04:00,32.9,20.2,9.40,102.0,237.0,NaN
2024-04-02T05:00,32.0,19.6,10.25,113.0,226.0,NaN
2024-04-02T06:00,32.5,19.9,9.40,119.0,219.0,NaN
2024-04-02T07:00,30.7,19.0,7.25,119.0,217.0,NaN
2024-04-02T08:00,30.6,19.2,4.30,115.0,218.0,NaN
2024-04-02T09:00,31.0,19.6,1.75,105.0,228.0,NaN
2024-04-02T10:00,29.8,19.0,0.35,86.0,253.0,NaN
2024-04-02T11:00,26.7,16.9,0.00,62.0,287.0,NaN
2024-04-02T12:00,41.8,25.4,0.00,45.0,344.0,NaN
2024-04-02T13:00,34.7,20.8,0.00,40.0,338.0,NaN
2024-04-02T14:00,30.4,18.2,0.00,33.0,329.0,NaN
2024-04-02T15:00,28.7,17.2,0.00,28.0,317.0,NaN
2024-04-02T16:00,27.2,16.3,0.00,27.0,301.0,NaN
2024-04-02T17:00,24.4,14.4,0.00,28.0,281.0,NaN
2024-04-02T18:00,22.3,13.0,0.00,28.0,262.0,NaN
2024-04-02T19:00,20.6,11.9,0.00,27.0,242.0,NaN
2024-04-02T20:00,19.3,11.1,0.00,26.0,223.0,NaN
2024-04-02T21:00,18.4,10.7,0.00,26.0,210.0,NaN
2024-04-02T22:00,17.1,10.3,0.00,26.0,209.0,NaN
2024-04-02T23:00,17.8,10.9,0.05,27.0,214.0,NaN
2024-04-03T00:00,22.5,13.2,0.65,28.0,237.0,NaN
2024-04-03T01:00,19.4,11.4,2.50,34.0,223.0,NaN
2024-04-03T02:00,18.3,10.9,5.25,44.0,204.0,NaN
2024-04-03T03:00,19.0,11.5,8.40,54.0,189.0,NaN
2024-04-03T04:00,20.3,12.2,10.60,66.0,181.0,NaN
2024-04-03T05:00,21.5,12.7,10.95,80.0,178.0,NaN
2024-04-03T06:00,22.6,13.4,9.60,89.0,178.0,NaN
2024-04-03T07:00,24.4,14.4,6.35,92.0,178.0,NaN
2024-04-03T08:00,25.2,15.0,3.80,91.0,181.0,NaN
2024-04-03T09:00,25.1,15.3,1.65,84.0,197.0,NaN
2024-04-03T10:00,23.6,14.6,0.35,69.0,239.0,NaN
2024-04-03T11:00,23.3,14.8,0.00,48.0,293.0,NaN
2024-04-03T12:00,27.1,17.2,0.00,37.0,387.0,NaN
2024-04-03T13:00,21.2,13.5,0.00,34.0,355.0,NaN
2024-04-03T14:00,17.5,11.1,0.00,31.0,311.0,NaN
2024-04-03T15:00,16.4,10.4,0.00,28.0,274.0,NaN
2024-04-03T16:00,16.2,10.3,0.00,28.0,251.0,NaN
2024-04-03T17:00,15.3,9.5,0.00,29.0,235.0,NaN
2024-04-03T18:00,14.9,9.2,0.00,30.0,222.0,NaN
2024-04-03T19:00,14.8,9.0,0.00,29.0,210.0,NaN
2024-04-03T20:00,15.0,9.0,0.00,28.0,202.0,NaN
2024-04-03T21:00,15.3,9.2,0.00,28.0,199.0,NaN
2024-04-03T22:00,15.6,9.5,0.00,28.0,206.0,NaN
2024-04-03T23:00,16.4,10.0,0.05,29.0,219.0,NaN
2024-04-04T00:00,18.9,11.6,0.70,31.0,255.0,NaN
2024-04-04T01:00,17.0,10.4,2.15,40.0,244.0,NaN
2024-04-04T02:00,17.4,10.8,4.65,53.0,228.0,NaN
2024-04-04T03:00,20.9,13.2,7.60,66.0,216.0,NaN
2024-04-04T04:00,22.8,14.3,9.05,80.0,211.0,NaN
2024-04-04T05:00,23.3,14.6,9.10,95.0,210.0,NaN
2024-04-04T06:00,24.0,14.9,8.40,104.0,209.0,NaN
2024-04-04T07:00,24.2,14.8,6.60,106.0,205.0,NaN
2024-04-04T08:00,24.4,14.8,4.20,104.0,202.0,NaN
2024-04-04T09:00,23.6,14.3,1.65,96.0,208.0,NaN
2024-04-04T10:00,21.2,12.9,0.35,80.0,231.0,NaN
2024-04-04T11:00,20.4,12.6,0.00,59.0,263.0,NaN
2024-04-04T12:00,29.5,18.1,0.00,43.0,371.0,NaN
2024-04-04T13:00,23.5,14.3,0.00,39.0,346.0,NaN
2024-04-04T14:00,19.2,11.7,0.00,33.0,311.0,NaN
2024-04-04T15:00,17.1,10.4,0.00,30.0,278.0,NaN
2024-04-04T16:00,16.1,9.7,0.00,31.0,252.0,NaN
2024-04-04T17:00,14.7,8.8,0.00,33.0,228.0,NaN
2024-04-04T18:00,14.0,8.2,0.00,35.0,208.0,NaN
2024-04-04T19:00,13.6,7.9,0.00,35.0,191.0,NaN
2024-04-04T20:00,13.6,7.8,0.00,35.0,177.0,NaN
2024-04-04T21:00,13.9,8.0,0.00,35.0,171.0,NaN
2024-04-04T22:00,14.3,8.3,0.00,35.0,177.0,NaN
2024-04-04T23:00,16.5,9.8,0.05,35.0,190.0,NaN
2024-04-05T00:00,22.1,13.3,0.45,37.0,220.0,NaN
2024-04-05T01:00,20.1,12.0,1.55,47.0,221.0,NaN
2024-04-05T02:00,21.9,13.4,4.25,60.0,223.0,NaN
2024-04-05T03:00,24.9,15.4,6.95,74.0,224.0,NaN
2024-04-05T04:00,26.9,16.4,8.35,89.0,223.0,NaN
2024-04-05T05:00,27.9,16.9,8.50,104.0,222.0,NaN
2024-04-05T06:00,28.8,17.1,7.85,113.0,220.0,NaN
2024-04-05T07:00,32.5,19.1,5.90,112.0,216.0,NaN
2024-04-05T08:00,27.9,16.4,3.05,104.0,211.0,NaN
2024-04-05T09:00,26.5,15.7,1.20,94.0,212.0,NaN
2024-04-05T10:00,25.0,14.8,0.30,80.0,224.0,NaN
2024-04-05T11:00,22.5,13.4,0.00,63.0,241.0,NaN
2024-04-05T12:00,29.6,17.8,0.00,54.0,294.0,NaN
2024-04-05T13:00,24.2,14.5,0.00,51.0,284.0,NaN
2024-04-05T14:00,20.8,12.5,0.00,48.0,269.0,NaN
2024-04-05T15:00,19.0,11.4,0.00,45.0,252.0,NaN
2024-04-05T16:00,17.2,10.3,0.00,44.0,232.0,NaN
2024-04-05T17:00,14.7,8.6,0.00,44.0,209.0,NaN
2024-04-05T18:00,12.8,7.4,0.00,44.0,189.0,NaN
2024-04-05T19:00,11.5,6.6,0.00,43.0,173.0,NaN
2024-04-05T20:00,10.8,6.1,0.00,42.0,160.0,NaN
2024-04-05T21:00,10.5,6.0,0.00,42.0,154.0,NaN
2024-04-05T22:00,10.7,6.1,0.00,41.0,162.0,NaN
2024-04-05T23:00,11.3,6.5,0.05,40.0,178.0,NaN
2024-04-06T00:00,13.1,7.6,0.80,43.0,192.0,NaN
2024-04-06T01:00,11.7,6.9,2.85,52.0,188.0,NaN
2024-04-06T02:00,12.4,7.6,6.20,65.0,183.0,NaN
2024-04-06T03:00,14.8,9.3,9.85,78.0,178.0,NaN
2024-04-06T04:00,16.6,10.4,12.40,90.0,173.0,NaN
2024-04-06T05:00,17.6,10.8,13.25,102.0,167.0,NaN
2024-04-06T06:00,17.8,10.7,11.50,109.0,164.0,NaN
2024-04-06T07:00,18.1,10.9,8.60,110.0,161.0,NaN
2024-04-06T08:00,18.2,10.8,5.00,106.0,161.0,NaN
2024-04-06T09:00,18.2,10.9,2.00,97.0,171.0,NaN
2024-04-06T10:00,17.2,10.3,0.40,81.0,202.0,NaN
2024-04-06T11:00,16.5,10.0,0.00,60.0,243.0,NaN
2024-04-06T12:00,20.0,11.9,0.00,45.0,293.0,NaN
2024-04-06T13:00,17.2,10.2,0.00,43.0,281.0,NaN
2024-04-06T14:00,16.2,9.7,0.00,40.0,263.0,NaN
2024-04-06T15:00,15.7,9.5,0.00,38.0,246.0,NaN
2024-04-06T16:00,15.3,9.2,0.00,37.0,230.0,NaN
2024-04-06T17:00,14.5,8.6,0.00,37.0,214.0,NaN
2024-04-06T18:00,14.6,8.7,0.00,37.0,202.0,NaN
2024-04-06T19:00,15.3,9.0,0.00,35.0,192.0,NaN
2024-04-06T20:00,16.1,9.5,0.00,33.0,184.0,NaN
2024-04-06T21:00,17.1,10.1,0.00,31.0,188.0,NaN
2024-04-06T22:00,18.0,10.7,0.00,29.0,215.0,NaN
2024-04-06T23:00,19.8,11.9,0.05,27.0,252.0,NaN
2024-04-07T00:00,27.5,16.4,0.80,28.0,276.0,NaN
2024-04-07T01:00,24.4,14.4,2.50,37.0,252.0,NaN
2024-04-07T02:00,21.1,12.7,5.25,50.0,219.0,NaN
2024-04-07T03:00,20.7,12.5,8.55,64.0,194.0,NaN
2024-04-07T04:00,22.2,13.1,10.80,79.0,185.0,NaN
2024-04-07T05:00,24.4,14.1,12.35,95.0,184.0,NaN
2024-04-07T06:00,26.0,14.8,9.95,105.0,185.0,NaN
2024-04-07T07:00,27.0,15.4,7.25,105.0,182.0,NaN
2024-04-07T08:00,27.0,15.4,4.05,99.0,180.0,NaN
2024-04-07T09:00,24.3,14.0,1.55,89.0,188.0,NaN
2024-04-07T10:00,22.2,13.0,0.35,74.0,216.0,NaN
2024-04-07T11:00,20.6,12.4,0.00,56.0,255.0,NaN
2024-04-07T12:00,21.2,12.7,0.00,45.0,285.0,NaN
2024-04-07T13:00,16.6,10.0,0.00,43.0,270.0,NaN
2024-04-07T14:00,14.3,8.6,0.00,41.0,249.0,NaN
2024-04-07T15:00,14.3,8.7,0.00,39.0,231.0,NaN
2024-04-07T16:00,14.1,8.6,0.00,37.0,220.0,NaN
2024-04-07T17:00,13.6,8.3,0.00,34.0,213.0,NaN
2024-04-07T18:00,13.5,8.2,0.00,32.0,207.0,NaN
2024-04-07T19:00,13.5,8.2,0.00,29.0,201.0,NaN
2024-04-07T20:00,13.5,8.3,0.00,26.0,196.0,NaN
2024-04-07T21:00,13.5,8.3,0.00,24.0,198.0,NaN
2024-04-07T22:00,13.4,8.4,0.00,23.0,212.0,NaN
2024-04-07T23:00,13.8,8.8,0.05,22.0,233.0,NaN
2024-04-08T00:00,14.2,8.8,0.80,30.0,224.0,NaN
2024-04-08T01:00,12.5,7.8,2.80,38.0,219.0,NaN
2024-04-08T02:00,13.6,8.6,6.05,49.0,212.0,NaN
2024-04-08T03:00,16.6,10.6,9.45,62.0,207.0,NaN
2024-04-08T04:00,20.3,12.7,9.05,78.0,205.0,NaN
2024-04-08T05:00,25.1,15.4,9.75,94.0,204.0,NaN
2024-04-08T06:00,28.5,17.1,9.40,105.0,204.0,NaN
2024-04-08T07:00,28.1,16.7,7.30,107.0,200.0,NaN
2024-04-08T08:00,27.3,16.1,4.25,102.0,197.0,NaN
2024-04-08T09:00,25.0,14.7,1.55,93.0,203.0,NaN
2024-04-08T10:00,22.6,13.4,0.35,77.0,230.0,NaN
2024-04-08T11:00,20.7,12.4,0.00,56.0,267.0,NaN
2024-04-08T12:00,18.1,11.0,0.00,42.0,297.0,NaN
2024-04-08T13:00,15.5,9.3,0.00,40.0,291.0,NaN
2024-04-08T14:00,14.7,9.0,0.00,37.0,281.0,NaN
2024-04-08T15:00,15.2,9.4,0.00,35.0,269.0,NaN
2024-04-08T16:00,15.6,9.6,0.00,34.0,252.0,NaN
2024-04-08T17:00,15.4,9.4,0.00,33.0,232.0,NaN
2024-04-08T18:00,15.9,9.7,0.00,32.0,214.0,NaN
2024-04-08T19:00,16.9,10.2,0.00,31.0,200.0,NaN
2024-04-08T20:00,18.0,10.9,0.00,30.0,189.0,NaN
2024-04-08T21:00,19.0,11.5,0.00,30.0,183.0,NaN
2024-04-08T22:00,19.7,11.9,0.00,30.0,188.0,NaN
2024-04-08T23:00,20.6,12.6,0.05,31.0,198.0,NaN
2024-04-09T00:00,19.7,12.2,0.75,30.0,242.0,NaN
2024-04-09T01:00,19.7,12.1,2.70,41.0,231.0,NaN
2024-04-09T02:00,19.4,12.1,5.80,56.0,215.0,NaN
2024-04-09T03:00,21.0,13.3,9.30,70.0,202.0,NaN
2024-04-09T04:00,22.4,14.3,11.90,84.0,193.0,NaN
2024-04-09T05:00,22.6,14.5,12.60,97.0,186.0,NaN
2024-04-09T06:00,22.3,14.2,11.15,105.0,180.0,NaN
2024-04-09T07:00,21.8,13.8,8.10,106.0,173.0,NaN
2024-04-09T08:00,20.4,12.8,4.55,102.0,167.0,NaN
2024-04-09T09:00,18.7,11.6,1.80,94.0,171.0,NaN
2024-04-09T10:00,17.8,11.1,0.35,81.0,196.0,NaN
2024-04-09T11:00,18.9,11.9,0.00,64.0,231.0,NaN
2024-04-09T12:00,15.9,9.8,0.00,52.0,243.0,NaN
2024-04-09T13:00,12.3,7.4,0.00,49.0,227.0,NaN
2024-04-09T14:00,10.3,6.2,0.00,46.0,204.0,NaN
2024-04-09T15:00,9.5,5.8,0.00,43.0,184.0,NaN
2024-04-09T16:00,8.7,5.3,0.00,41.0,168.0,NaN
2024-04-09T17:00,7.6,4.6,0.00,40.0,154.0,NaN
2024-04-09T18:00,7.4,4.4,0.00,39.0,144.0,NaN
2024-04-09T19:00,7.9,4.8,0.00,38.0,136.0,NaN
2024-04-09T20:00,9.0,5.4,0.00,36.0,131.0,NaN
2024-04-09T21:00,10.2,6.1,0.00,35.0,136.0,NaN
2024-04-09T22:00,11.6,7.1,0.00,32.0,160.0,NaN
2024-04-09T23:00,13.8,8.4,0.05,29.0,193.0,NaN
2024-04-10T00:00,23.8,14.5,0.80,39.0,191.0,NaN
2024-04-10T01:00,26.0,15.8,2.70,50.0,185.0,NaN
2024-04-10T02:00,29.5,17.8,5.70,64.0,177.0,NaN
2024-04-10T03:00,33.1,19.8,9.00,78.0,169.0,NaN
2024-04-10T04:00,34.7,20.4,11.45,89.0,161.0,NaN
2024-04-10T05:00,35.5,20.5,11.90,100.0,154.0,NaN
2024-04-10T06:00,35.5,20.4,10.00,106.0,150.0,NaN
2024-04-10T07:00,35.2,20.1,7.15,107.0,145.0,NaN
2024-04-10T08:00,34.2,19.6,4.15,105.0,144.0,NaN
2024-04-10T09:00,32.8,18.7,1.65,98.0,159.0,NaN
2024-04-10T10:00,32.0,18.5,0.35,85.0,212.0,NaN
2024-04-10T11:00,35.2,21.2,0.00,68.0,281.0,NaN
2024-04-10T12:00,40.6,24.6,0.00,51.0,372.0,NaN
2024-04-10T13:00,37.3,22.3,0.00,51.0,329.0,NaN
2024-04-10T14:00,33.2,19.8,0.00,52.0,268.0,NaN
2024-04-10T15:00,30.9,18.5,0.00,52.0,218.0,NaN
2024-04-10T16:00,29.0,17.3,0.00,51.0,189.0,NaN
2024-04-10T17:00,27.0,16.0,0.00,50.0,171.0,NaN
2024-04-10T18:00,25.4,15.1,0.00,49.0,158.0,NaN
2024-04-10T19:00,24.1,14.3,0.00,47.0,147.0,NaN
2024-04-10T20:00,22.9,13.7,0.00,45.0,141.0,NaN
2024-04-10T21:00,22.0,13.2,0.00,43.0,149.0,NaN
2024-04-10T22:00,21.4,12.9,0.00,40.0,186.0,NaN
2024-04-10T23:00,21.8,13.2,0.10,37.0,236.0,NaN
2024-04-11T00:00,23.6,14.6,0.90,42.0,242.0,NaN
2024-04-11T01:00,23.6,14.5,3.00,54.0,224.0,NaN
2024-04-11T02:00,23.2,14.3,6.20,70.0,198.0,NaN
2024-04-11T03:00,22.6,13.9,9.60,84.0,177.0,NaN
2024-04-11T04:00,21.1,12.7,11.95,93.0,165.0,NaN
2024-04-11T05:00,20.5,12.1,11.00,100.0,158.0,NaN
2024-04-11T06:00,20.8,12.1,9.15,103.0,154.0,NaN
2024-04-11T07:00,21.6,12.5,6.80,102.0,150.0,NaN
2024-04-11T08:00,21.1,12.2,3.80,98.0,149.0,NaN
2024-04-11T09:00,20.4,11.7,1.55,91.0,157.0,NaN
2024-04-11T10:00,20.5,11.9,0.30,79.0,183.0,NaN
2024-04-11T11:00,21.1,12.4,0.00,64.0,217.0,NaN
2024-04-11T12:00,30.6,18.0,0.00,54.0,300.0,NaN
2024-04-11T13:00,27.0,15.8,0.00,53.0,273.0,NaN
2024-04-11T14:00,25.9,15.1,0.00,51.0,235.0,NaN
2024-04-11T15:00,26.3,15.4,0.00,49.0,204.0,NaN
2024-04-11T16:00,26.3,15.4,0.00,48.0,186.0,NaN
2024-04-11T17:00,25.1,14.6,0.00,47.0,174.0,NaN
2024-04-11T18:00,24.3,14.1,0.00,47.0,166.0,NaN
2024-04-11T19:00,23.7,13.8,0.00,47.0,158.0,NaN
2024-04-11T20:00,23.5,13.6,0.00,46.0,155.0,NaN
2024-04-11T21:00,23.3,13.6,0.00,46.0,162.0,NaN
2024-04-11T22:00,23.4,13.7,0.00,43.0,191.0,NaN
2024-04-11T23:00,24.0,14.2,0.10,40.0,230.0,NaN
2024-04-12T00:00,33.6,20.3,0.75,41.0,275.0,NaN
2024-04-12T01:00,34.7,20.8,2.55,54.0,269.0,NaN
2024-04-12T02:00,35.2,21.2,5.40,73.0,261.0,NaN
2024-04-12T03:00,36.4,22.2,8.50,91.0,256.0,NaN
2024-04-12T04:00,36.8,22.6,9.40,109.0,256.0,NaN
2024-04-12T05:00,38.6,23.9,10.40,126.0,259.0,NaN
2024-04-12T06:00,38.2,23.6,9.00,136.0,260.0,NaN
2024-04-12T07:00,37.5,22.9,6.60,135.0,256.0,NaN
2024-04-12T08:00,36.6,21.7,3.55,127.0,251.0,NaN
2024-04-12T09:00,34.9,20.5,1.60,116.0,253.0,NaN
2024-04-12T10:00,31.8,18.7,0.35,101.0,271.0,NaN
2024-04-12T11:00,29.2,17.5,0.00,82.0,295.0,NaN
2024-04-12T12:00,35.5,21.4,0.00,67.0,389.0,NaN
2024-04-12T13:00,27.2,16.2,0.00,64.0,348.0,NaN
2024-04-12T14:00,23.6,14.0,0.00,60.0,292.0,NaN
2024-04-12T15:00,23.6,14.1,0.00,57.0,246.0,NaN
2024-04-12T16:00,23.8,14.2,0.00,55.0,222.0,NaN
2024-04-12T17:00,22.8,13.5,0.00,53.0,210.0,NaN
2024-04-12T18:00,22.2,13.1,0.00,51.0,200.0,NaN
2024-04-12T19:00,21.6,12.7,0.00,50.0,191.0,NaN
2024-04-12T20:00,21.4,12.6,0.00,49.0,184.0,NaN
2024-04-12T21:00,21.5,12.6,0.00,48.0,184.0,NaN
2024-04-12T22:00,21.9,12.9,0.00,47.0,194.0,NaN
2024-04-12T23:00,22.8,13.5,0.10,46.0,209.0,NaN
2024-04-13T00:00,27.1,16.1,0.80,47.0,232.0,NaN
2024-04-13T01:00,26.7,15.8,2.55,56.0,228.0,NaN
2024-04-13T02:00,27.0,16.1,5.35,70.0,222.0,NaN
2024-04-13T03:00,29.3,17.5,7.75,83.0,218.0,NaN
2024-04-13T04:00,30.7,18.2,9.30,97.0,218.0,NaN
2024-04-13T05:00,33.1,19.6,9.50,110.0,219.0,NaN
2024-04-13T06:00,34.8,20.4,8.25,118.0,219.0,NaN
2024-04-13T07:00,34.7,20.3,6.00,117.0,211.0,NaN
2024-04-13T08:00,34.0,19.7,3.65,109.0,202.0,NaN
2024-04-13T09:00,32.2,18.5,1.50,99.0,203.0,NaN
2024-04-13T10:00,30.5,17.5,0.35,84.0,226.0,NaN
2024-04-13T11:00,29.1,16.9,0.00,65.0,260.0,NaN
2024-04-13T12:00,25.7,15.1,0.00,53.0,293.0,NaN
2024-04-13T13:00,22.2,12.9,0.00,51.0,281.0,NaN
2024-04-13T14:00,21.1,12.4,0.00,47.0,264.0,NaN
2024-04-13T15:00,21.2,12.5,0.00,45.0,245.0,NaN
2024-04-13T16:00,21.2,12.5,0.00,44.0,225.0,NaN
2024-04-13T17:00,20.5,12.0,0.00,44.0,203.0,NaN
2024-04-13T18:00,20.7,12.0,0.00,44.0,186.0,NaN
2024-04-13T19:00,21.4,12.3,0.00,43.0,175.0,NaN
2024-04-13T20:00,22.6,13.0,0.00,41.0,169.0,NaN
2024-04-13T21:00,23.9,13.8,0.00,40.0,169.0,NaN
2024-04-13T22:00,25.3,14.6,0.00,39.0,180.0,NaN
2024-04-13T23:00,27.1,15.8,0.10,40.0,197.0,NaN
2024-04-14T00:00,32.1,18.4,0.75,44.0,208.0,NaN
2024-04-14T01:00,32.5,18.5,2.30,51.0,202.0,NaN
2024-04-14T02:00,32.0,18.3,4.70,61.0,194.0,NaN
2024-04-14T03:00,32.6,18.6,7.20,72.0,188.0,NaN
2024-04-14T04:00,33.1,18.8,9.30,85.0,185.0,NaN
2024-04-14T05:00,33.4,19.0,9.90,98.0,184.0,NaN
2024-04-14T06:00,33.4,19.2,8.35,107.0,184.0,NaN
2024-04-14T07:00,32.9,19.0,5.75,108.0,183.0,NaN
2024-04-14T08:00,32.4,18.6,3.40,104.0,182.0,NaN
2024-04-14T09:00,31.5,18.0,1.40,96.0,190.0,NaN
2024-04-14T10:00,30.5,17.3,0.30,82.0,214.0,NaN
2024-04-14T11:00,29.5,17.0,0.00,65.0,246.0,NaN
2024-04-14T12:00,28.4,16.8,0.00,51.0,298.0,NaN
2024-04-14T13:00,23.9,14.0,0.00,49.0,281.0,NaN
2024-04-14T14:00,21.1,12.4,0.00,47.0,257.0,NaN
2024-04-14T15:00,20.5,12.2,0.00,45.0,236.0,NaN
2024-04-14T16:00,19.6,11.7,0.00,43.0,221.0,NaN
2024-04-14T17:00,18.2,10.8,0.00,41.0,209.0,NaN
2024-04-14T18:00,17.3,10.3,0.00,39.0,200.0,NaN
2024-04-14T19:00,16.6,9.9,0.00,36.0,192.0,NaN
2024-04-14T20:00,16.2,9.7,0.00,32.0,186.0,NaN
2024-04-14T21:00,15.7,9.4,0.00,29.0,187.0,NaN
2024-04-14T22:00,15.5,9.4,0.00,27.0,201.0,NaN
2024-04-14T23:00,15.9,9.9,0.10,26.0,222.0,NaN
2024-04-15T00:00,14.1,8.8,0.85,33.0,219.0,NaN
2024-04-15T01:00,13.8,8.6,2.80,41.0,212.0,NaN
2024-04-15T02:00,14.2,8.9,5.70,52.0,202.0,NaN
2024-04-15T03:00,15.7,9.8,9.00,64.0,193.0,NaN
2024-04-15T04:00,16.6,10.2,10.85,78.0,186.0,NaN
2024-04-15T05:00,17.8,10.7,11.15,92.0,180.0,NaN
2024-04-15T06:00,18.2,10.7,9.15,101.0,177.0,NaN
2024-04-15T07:00,19.4,11.3,6.35,102.0,176.0,NaN
2024-04-15T08:00,20.3,11.8,3.60,97.0,177.0,NaN
2024-04-15T09:00,21.3,12.4,1.50,89.0,186.0,NaN
2024-04-15T10:00,20.8,12.2,0.35,75.0,210.0,NaN
2024-04-15T11:00,20.4,12.0,0.00,57.0,241.0,NaN
2024-04-15T12:00,20.8,12.5,0.00,43.0,255.0,NaN
2024-04-15T13:00,18.7,11.4,0.00,40.0,253.0,NaN
2024-04-15T14:00,18.4,11.2,0.00,37.0,250.0,NaN
2024-04-15T15:00,18.7,11.4,0.00,34.0,242.0,NaN
2024-04-15T16:00,18.2,11.1,0.00,33.0,225.0,NaN
2024-04-15T17:00,17.2,10.4,0.00,32.0,203.0,NaN
2024-04-15T18:00,16.5,10.0,0.00,32.0,184.0,NaN
2024-04-15T19:00,15.8,9.5,0.00,31.0,171.0,NaN
2024-04-15T20:00,15.1,9.2,0.00,29.0,161.0,NaN
2024-04-15T21:00,14.3,8.7,0.00,29.0,158.0,NaN
2024-04-15T22:00,13.8,8.5,0.00,29.0,168.0,NaN
2024-04-15T23:00,14.6,9.1,0.10,30.0,185.0,NaN
2024-04-16T00:00,14.4,8.7,0.90,36.0,212.0,NaN
2024-04-16T01:00,14.2,8.6,3.10,45.0,204.0,NaN
2024-04-16T02:00,15.4,9.3,6.50,59.0,193.0,NaN
2024-04-16T03:00,17.2,10.5,10.15,72.0,184.0,NaN
2024-04-16T04:00,18.9,11.6,12.75,86.0,179.0,NaN
2024-04-16T05:00,19.2,11.8,13.30,99.0,176.0,NaN
2024-04-16T06:00,19.4,11.9,11.60,108.0,175.0,NaN
2024-04-16T07:00,19.8,12.0,8.40,109.0,176.0,NaN
2024-04-16T08:00,20.0,12.0,4.60,106.0,180.0,NaN
2024-04-16T09:00,19.7,11.9,1.80,98.0,188.0,NaN
2024-04-16T10:00,18.3,11.0,0.40,84.0,205.0,NaN
2024-04-16T11:00,17.2,10.3,0.00,66.0,226.0,NaN
2024-04-16T12:00,18.1,10.8,0.00,52.0,261.0,NaN
2024-04-16T13:00,16.4,9.7,0.00,48.0,259.0,NaN
2024-04-16T14:00,16.3,9.8,0.00,43.0,255.0,NaN
2024-04-16T15:00,16.5,10.0,0.00,39.0,247.0,NaN
2024-04-16T16:00,16.1,9.7,0.00,36.0,233.0,NaN
2024-04-16T17:00,15.3,9.2,0.00,35.0,215.0,NaN
2024-04-16T18:00,14.8,8.9,0.00,33.0,201.0,NaN
2024-04-16T19:00,14.3,8.6,0.00,31.0,191.0,NaN
2024-04-16T20:00,14.0,8.4,0.00,30.0,185.0,NaN
2024-04-16T21:00,13.8,8.4,0.00,29.0,187.0,NaN
2024-04-16T22:00,14.2,8.7,0.00,29.0,203.0,NaN
2024-04-16T23:00,16.1,10.0,0.10,29.0,227.0,NaN
2024-04-17T00:00,20.8,12.4,0.85,32.0,252.0,NaN
2024-04-17T01:00,19.8,11.7,2.55,41.0,240.0,NaN
2024-04-17T02:00,19.7,11.7,5.10,53.0,223.0,NaN
2024-04-17T03:00,20.8,12.3,7.90,66.0,209.0,NaN
2024-04-17T04:00,22.0,12.8,9.95,80.0,201.0,NaN
2024-04-17T05:00,23.1,13.2,10.75,95.0,197.0,NaN
2024-04-17T06:00,26.7,15.0,9.85,104.0,195.0,NaN
2024-04-17T07:00,23.6,13.4,7.00,105.0,192.0,NaN
2024-04-17T08:00,23.3,13.4,4.05,100.0,192.0,NaN
2024-04-17T09:00,21.9,12.7,1.70,91.0,202.0,NaN
2024-04-17T10:00,19.8,11.6,0.35,76.0,234.0,NaN
2024-04-17T11:00,18.7,11.2,0.00,57.0,276.0,NaN
2024-04-17T12:00,27.9,16.2,0.00,48.0,326.0,NaN
2024-04-17T13:00,23.3,13.8,0.00,44.0,315.0,NaN
2024-04-17T14:00,21.1,12.6,0.00,39.0,298.0,NaN
2024-04-17T15:00,20.0,12.0,0.00,35.0,285.0,NaN
2024-04-17T16:00,19.4,11.6,0.00,32.0,275.0,NaN
2024-04-17T17:00,19.2,11.4,0.00,30.0,268.0,NaN
2024-04-17T18:00,20.1,12.0,0.00,27.0,267.0,NaN
2024-04-17T19:00,22.2,13.4,0.00,23.0,275.0,NaN
2024-04-17T20:00,23.3,14.3,0.00,19.0,290.0,NaN
2024-04-17T21:00,23.6,14.9,0.00,17.0,310.0,NaN
2024-04-17T22:00,24.7,15.8,0.00,16.0,346.0,NaN
2024-04-17T23:00,28.6,18.6,0.10,17.0,387.0,NaN
2024-04-18T00:00,27.3,17.5,0.80,22.0,402.0,NaN
2024-04-18T01:00,21.5,13.4,2.65,34.0,357.0,NaN
2024-04-18T02:00,20.3,12.8,5.40,51.0,294.0,NaN
2024-04-18T03:00,24.7,15.9,8.05,68.0,247.0,NaN
2024-04-18T04:00,27.7,17.9,9.90,86.0,230.0,NaN
2024-04-18T05:00,31.3,19.7,9.40,104.0,228.0,NaN
2024-04-18T06:00,31.1,19.6,8.80,116.0,228.0,NaN
2024-04-18T07:00,30.9,19.4,7.15,119.0,225.0,NaN
2024-04-18T08:00,29.0,18.4,4.10,115.0,223.0,NaN
2024-04-18T09:00,27.9,17.8,1.70,106.0,229.0,NaN
2024-04-18T10:00,25.7,16.4,0.35,88.0,249.0,NaN
2024-04-18T11:00,23.9,15.2,0.00,63.0,275.0,NaN
2024-04-18T12:00,32.7,20.5,0.00,54.0,386.0,NaN
2024-04-18T13:00,26.3,16.2,0.00,49.0,356.0,NaN
2024-04-18T14:00,21.8,13.1,0.00,43.0,315.0,NaN
2024-04-18T15:00,20.0,11.9,0.00,38.0,279.0,NaN
2024-04-18T16:00,19.4,11.5,0.00,37.0,256.0,NaN
2024-04-18T17:00,18.9,11.1,0.00,38.0,239.0,NaN
2024-04-18T18:00,18.9,11.0,0.00,38.0,227.0,NaN
2024-04-18T19:00,19.0,11.0,0.00,36.0,216.0,NaN
2024-04-18T20:00,19.3,11.2,0.00,34.0,209.0,NaN
2024-04-18T21:00,20.2,11.8,0.00,32.0,217.0,NaN
2024-04-18T22:00,22.2,13.2,0.00,30.0,255.0,NaN
2024-04-18T23:00,26.4,16.5,0.10,28.0,306.0,NaN
2024-04-19T00:00,29.7,17.8,0.80,31.0,329.0,NaN
2024-04-19T01:00,25.3,14.8,2.70,41.0,301.0,NaN
2024-04-19T02:00,24.3,14.4,5.60,54.0,261.0,NaN
2024-04-19T03:00,25.6,15.5,8.95,68.0,230.0,NaN
2024-04-19T04:00,28.4,17.2,11.20,83.0,216.0,NaN
2024-04-19T05:00,29.0,17.3,11.70,98.0,210.0,NaN
2024-04-19T06:00,28.4,16.8,10.35,107.0,207.0,NaN
2024-04-19T07:00,27.8,16.5,7.65,107.0,202.0,NaN
2024-04-19T08:00,26.7,15.8,4.35,102.0,199.0,NaN
2024-04-19T09:00,24.4,14.6,1.75,92.0,207.0,NaN
2024-04-19T10:00,21.7,13.1,0.35,76.0,235.0,NaN
2024-04-19T11:00,20.3,12.5,0.00,56.0,273.0,NaN
2024-04-19T12:00,23.7,14.7,0.00,46.0,382.0,NaN
2024-04-19T13:00,17.8,10.9,0.00,43.0,352.0,NaN
2024-04-19T14:00,14.7,8.9,0.00,39.0,310.0,NaN
2024-04-19T15:00,13.4,8.2,0.00,36.0,273.0,NaN
2024-04-19T16:00,12.6,7.6,0.00,35.0,248.0,NaN
2024-04-19T17:00,11.6,6.9,0.00,36.0,228.0,NaN
2024-04-19T18:00,11.4,6.7,0.00,36.0,214.0,NaN
2024-04-19T19:00,11.7,6.8,0.00,35.0,205.0,NaN
2024-04-19T20:00,12.3,7.2,0.00,32.0,202.0,NaN
2024-04-19T21:00,13.3,7.8,0.00,31.0,209.0,NaN
2024-04-19T22:00,14.7,8.8,0.00,30.0,238.0,NaN
2024-04-19T23:00,18.3,11.5,0.10,29.0,278.0,NaN
2024-04-20T00:00,21.0,13.0,0.85,28.0,330.0,NaN
2024-04-20T01:00,16.5,10.0,2.65,36.0,293.0,NaN
2024-04-20T02:00,14.5,8.9,5.35,49.0,243.0,NaN
2024-04-20T03:00,15.0,9.4,8.40,61.0,205.0,NaN
2024-04-20T04:00,16.7,10.7,10.20,74.0,191.0,NaN
2024-04-20T05:00,18.8,12.0,11.00,88.0,190.0,NaN
2024-04-20T06:00,19.0,12.1,10.35,96.0,191.0,NaN
2024-04-20T07:00,19.6,12.5,7.25,97.0,191.0,NaN
2024-04-20T08:00,19.7,12.7,4.25,93.0,194.0,NaN
2024-04-20T09:00,17.7,11.4,1.70,85.0,203.0,NaN
2024-04-20T10:00,15.3,9.9,0.35,71.0,226.0,NaN
2024-04-20T11:00,13.9,8.9,0.00,52.0,256.0,NaN
2024-04-20T12:00,17.6,11.0,0.00,45.0,322.0,NaN
2024-04-20T13:00,13.4,8.1,0.00,43.0,301.0,NaN
2024-04-20T14:00,11.5,6.9,0.00,40.0,271.0,NaN
2024-04-20T15:00,11.1,6.7,0.00,37.0,245.0,NaN
2024-04-20T16:00,10.8,6.4,0.00,36.0,226.0,NaN
2024-04-20T17:00,10.2,6.0,0.00,36.0,211.0,NaN
2024-04-20T18:00,10.3,6.0,0.00,35.0,201.0,NaN
2024-04-20T19:00,10.6,6.2,0.00,32.0,195.0,NaN
2024-04-20T20:00,11.1,6.6,0.00,28.0,194.0,NaN
2024-04-20T21:00,11.8,7.1,0.00,25.0,206.0,NaN
2024-04-20T22:00,13.1,8.0,0.00,22.0,247.0,NaN
2024-04-20T23:00,16.5,10.4,0.10,20.0,300.0,NaN
2024-04-21T00:00,17.1,11.0,0.85,22.0,336.0,NaN
2024-04-21T01:00,10.8,6.8,2.70,31.0,291.0,NaN
2024-04-21T02:00,10.0,6.4,5.45,44.0,229.0,NaN
2024-04-21T03:00,11.4,7.5,8.40,58.0,184.0,NaN
2024-04-21T04:00,14.6,9.7,10.75,73.0,172.0,NaN
2024-04-21T05:00,17.0,11.3,11.15,88.0,176.0,NaN
2024-04-21T06:00,18.8,12.5,9.75,98.0,183.0,NaN
2024-04-21T07:00,20.2,13.4,7.20,103.0,186.0,NaN
2024-04-21T08:00,21.3,14.1,4.00,103.0,191.0,NaN
2024-04-21T09:00,22.1,14.7,1.60,97.0,206.0,NaN
2024-04-21T10:00,19.8,13.2,0.35,80.0,243.0,NaN
2024-04-21T11:00,18.4,12.3,0.00,57.0,289.0,NaN
2024-04-21T12:00,24.2,15.8,0.00,46.0,377.0,NaN
2024-04-21T13:00,18.2,11.7,0.00,41.0,349.0,NaN
2024-04-21T14:00,14.5,9.3,0.00,35.0,310.0,NaN
2024-04-21T15:00,12.8,8.1,0.00,31.0,276.0,NaN
2024-04-21T16:00,11.7,7.4,0.00,31.0,252.0,NaN
2024-04-21T17:00,10.7,6.7,0.00,32.0,234.0,NaN
2024-04-21T18:00,10.3,6.3,0.00,33.0,219.0,NaN
2024-04-21T19:00,10.3,6.2,0.00,32.0,205.0,NaN
2024-04-21T20:00,10.6,6.3,0.00,32.0,196.0,NaN
2024-04-21T21:00,10.9,6.5,0.00,31.0,196.0,NaN
2024-04-21T22:00,11.7,7.0,0.00,30.0,217.0,NaN
2024-04-21T23:00,14.6,9.0,0.10,30.0,247.0,NaN
2024-04-22T00:00,14.8,8.6,0.70,36.0,246.0,NaN
2024-04-22T01:00,13.2,7.7,2.50,43.0,234.0,NaN
2024-04-22T02:00,13.4,8.0,5.00,54.0,217.0,NaN
2024-04-22T03:00,15.9,9.8,7.60,66.0,203.0,NaN
2024-04-22T04:00,19.0,11.9,9.30,80.0,196.0,NaN
2024-04-22T05:00,20.8,13.0,10.50,95.0,193.0,NaN
2024-04-22T06:00,21.8,13.6,9.15,105.0,192.0,NaN
2024-04-22T07:00,22.5,13.9,6.60,107.0,191.0,NaN
2024-04-22T08:00,22.4,13.9,3.70,102.0,191.0,NaN
2024-04-22T09:00,21.4,13.4,1.45,94.0,203.0,NaN
2024-04-22T10:00,18.9,11.9,0.30,78.0,236.0,NaN
2024-04-22T11:00,17.2,10.9,0.00,59.0,279.0,NaN
2024-04-22T12:00,19.8,11.8,0.00,46.0,301.0,NaN
2024-04-22T13:00,17.6,10.5,0.00,42.0,303.0,NaN
2024-04-22T14:00,16.4,9.8,0.00,36.0,305.0,NaN
2024-04-22T15:00,16.8,10.2,0.00,31.0,302.0,NaN
2024-04-22T16:00,16.5,10.0,0.00,29.0,289.0,NaN
2024-04-22T17:00,15.3,9.2,0.00,29.0,271.0,NaN
2024-04-22T18:00,14.3,8.6,0.00,28.0,256.0,NaN
2024-04-22T19:00,13.8,8.4,0.00,26.0,242.0,NaN
2024-04-22T20:00,13.7,8.3,0.00,24.0,230.0,NaN
2024-04-22T21:00,13.8,8.4,0.00,23.0,233.0,NaN
2024-04-22T22:00,14.3,8.8,0.00,21.0,268.0,NaN
2024-04-22T23:00,17.1,10.8,0.10,21.0,317.0,NaN
2024-04-23T00:00,18.3,11.6,0.85,25.0,336.0,NaN
2024-04-23T01:00,13.4,8.2,2.45,35.0,294.0,NaN
2024-04-23T02:00,12.0,7.6,5.30,50.0,236.0,NaN
2024-04-23T03:00,14.3,9.3,8.30,65.0,193.0,NaN
2024-04-23T04:00,17.7,11.6,10.40,80.0,179.0,NaN
2024-04-23T05:00,19.4,12.7,10.80,95.0,181.0,NaN
2024-04-23T06:00,20.5,13.4,9.40,105.0,185.0,NaN
2024-04-23T07:00,21.4,13.9,6.60,108.0,185.0,NaN
2024-04-23T08:00,21.7,14.1,3.75,105.0,187.0,NaN
2024-04-23T09:00,21.3,13.9,1.50,97.0,204.0,NaN
2024-04-23T10:00,18.8,12.3,0.30,79.0,252.0,NaN
2024-04-23T11:00,18.9,12.5,0.00,54.0,314.0,NaN
2024-04-23T12:00,26.1,17.2,0.00,41.0,428.0,NaN
2024-04-23T13:00,19.3,12.7,0.00,37.0,398.0,NaN
2024-04-23T14:00,14.8,9.7,0.00,31.0,355.0,NaN
2024-04-23T15:00,12.5,8.3,0.00,27.0,315.0,NaN
2024-04-23T16:00,11.0,7.2,0.00,27.0,283.0,NaN
2024-04-23T17:00,9.7,6.2,0.00,29.0,253.0,NaN
2024-04-23T18:00,9.1,5.7,0.00,30.0,232.0,NaN
2024-04-23T19:00,9.1,5.7,0.00,29.0,217.0,NaN
2024-04-23T20:00,9.5,5.8,0.00,27.0,210.0,NaN
2024-04-23T21:00,10.2,6.3,0.00,26.0,218.0,NaN
2024-04-23T22:00,11.4,7.0,0.00,24.0,256.0,NaN
2024-04-23T23:00,14.7,9.3,0.10,23.0,309.0,NaN
2024-04-24T00:00,14.3,9.3,0.95,28.0,322.0,NaN
2024-04-24T01:00,10.7,6.7,2.60,36.0,291.0,NaN
2024-04-24T02:00,11.3,7.3,4.90,47.0,247.0,NaN
2024-04-24T03:00,13.2,8.7,7.20,59.0,214.0,NaN
2024-04-24T04:00,16.4,10.9,8.90,73.0,202.0,NaN
2024-04-24T05:00,19.6,13.0,10.10,88.0,199.0,NaN
2024-04-24T06:00,19.6,12.8,9.40,97.0,199.0,NaN
2024-04-24T07:00,19.6,12.7,7.25,98.0,195.0,NaN
2024-04-24T08:00,18.6,12.1,4.20,93.0,192.0,NaN
2024-04-24T09:00,16.8,10.9,1.65,84.0,199.0,NaN
2024-04-24T10:00,14.4,9.3,0.35,69.0,226.0,NaN
2024-04-24T11:00,13.0,8.3,0.00,51.0,263.0,NaN
2024-04-24T12:00,21.2,13.5,0.00,37.0,375.0,NaN
2024-04-24T13:00,15.4,9.6,0.00,34.0,349.0,NaN
2024-04-24T14:00,12.8,7.9,0.00,31.0,313.0,NaN
2024-04-24T15:00,12.1,7.5,0.00,29.0,280.0,NaN
2024-04-24T16:00,11.6,7.1,0.00,30.0,255.0,NaN
2024-04-24T17:00,10.9,6.5,0.00,32.0,234.0,NaN
2024-04-24T18:00,10.6,6.3,0.00,33.0,220.0,NaN
2024-04-24T19:00,10.8,6.3,0.00,31.0,211.0,NaN
2024-04-24T20:00,11.3,6.6,0.00,28.0,208.0,NaN
2024-04-24T21:00,12.1,7.2,0.00,26.0,218.0,NaN
2024-04-24T22:00,14.0,8.5,0.00,24.0,254.0,NaN
2024-04-24T23:00,18.2,11.5,0.10,23.0,303.0,NaN
2024-04-25T00:00,19.9,11.7,1.00,27.0,318.0,NaN
2024-04-25T01:00,14.7,8.5,2.90,37.0,289.0,NaN
2024-04-25T02:00,14.6,8.8,6.15,50.0,249.0,NaN
2024-04-25T03:00,15.9,10.0,9.05,63.0,217.0,NaN
2024-04-25T04:00,18.2,11.6,11.70,75.0,202.0,NaN
2024-04-25T05:00,19.5,12.5,11.80,87.0,195.0,NaN
2024-04-25T06:00,20.1,12.9,10.25,93.0,190.0,NaN
2024-04-25T07:00,19.5,12.4,7.05,91.0,183.0,NaN
2024-04-25T08:00,17.9,11.3,3.90,83.0,178.0,NaN
2024-04-25T09:00,16.2,10.2,1.55,73.0,183.0,NaN
2024-04-25T10:00,14.9,9.3,0.35,59.0,208.0,NaN
2024-04-25T11:00,14.3,9.0,0.00,43.0,243.0,NaN
2024-04-25T12:00,17.3,11.1,0.00,42.0,308.0,NaN
2024-04-25T13:00,15.1,9.6,0.00,37.0,299.0,NaN
2024-04-25T14:00,14.2,8.9,0.00,31.0,287.0,NaN
2024-04-25T15:00,14.3,9.0,0.00,26.0,270.0,NaN
2024-04-25T16:00,14.1,8.8,0.00,25.0,245.0,NaN
2024-04-25T17:00,13.6,8.4,0.00,25.0,216.0,NaN
2024-04-25T18:00,13.6,8.3,0.00,24.0,196.0,NaN
2024-04-25T19:00,14.2,8.6,0.00,20.0,189.0,NaN
2024-04-25T20:00,15.3,9.4,0.00,15.0,192.0,NaN
2024-04-25T21:00,16.8,10.3,0.00,12.0,203.0,NaN
2024-04-25T22:00,18.2,11.3,0.00,11.0,234.0,NaN
2024-04-25T23:00,21.3,13.4,0.10,12.0,275.0,NaN
2024-04-26T00:00,23.9,14.6,0.90,16.0,291.0,NaN
2024-04-26T01:00,17.8,10.8,2.90,23.0,259.0,NaN
2024-04-26T02:00,16.4,10.1,5.50,33.0,216.0,NaN
2024-04-26T03:00,17.6,11.0,8.10,44.0,183.0,NaN
2024-04-26T04:00,20.1,12.7,10.10,57.0,171.0,NaN
2024-04-26T05:00,21.9,13.7,10.80,70.0,169.0,NaN
2024-04-26T06:00,22.4,13.9,9.70,79.0,170.0,NaN
2024-04-26T07:00,21.6,13.4,7.20,80.0,168.0,NaN
2024-04-26T08:00,19.3,12.1,4.15,77.0,169.0,NaN
2024-04-26T09:00,16.8,10.6,1.65,70.0,179.0,NaN
2024-04-26T10:00,14.6,9.3,0.35,58.0,206.0,NaN
2024-04-26T11:00,13.6,8.8,0.00,41.0,244.0,NaN
2024-04-26T12:00,16.9,10.9,0.00,27.0,305.0,NaN
2024-04-26T13:00,15.3,9.8,0.00,24.0,308.0,NaN
2024-04-26T14:00,14.6,9.4,0.00,19.0,312.0,NaN
2024-04-26T15:00,14.8,9.5,0.00,16.0,308.0,NaN
2024-04-26T16:00,14.5,9.3,0.00,17.0,288.0,NaN
2024-04-26T17:00,13.4,8.5,0.00,19.0,261.0,NaN
2024-04-26T18:00,12.5,7.8,0.00,21.0,238.0,NaN
2024-04-26T19:00,12.3,7.5,0.00,21.0,221.0,NaN
2024-04-26T20:00,12.5,7.6,0.00,20.0,208.0,NaN
2024-04-26T21:00,13.5,8.3,0.00,19.0,211.0,NaN
2024-04-26T22:00,15.8,9.8,0.00,18.0,247.0,NaN
2024-04-26T23:00,21.3,13.6,0.10,18.0,298.0,NaN
2024-04-27T00:00,18.5,11.7,1.00,22.0,303.0,NaN
2024-04-27T01:00,13.0,8.1,2.85,29.0,267.0,NaN
2024-04-27T02:00,12.3,7.8,5.65,38.0,217.0,NaN
2024-04-27T03:00,13.4,8.6,8.50,49.0,179.0,NaN
2024-04-27T04:00,15.9,10.4,11.65,61.0,166.0,NaN
2024-04-27T05:00,19.0,12.5,11.80,74.0,166.0,NaN
2024-04-27T06:00,20.9,13.7,10.20,83.0,168.0,NaN
2024-04-27T07:00,21.8,14.3,7.20,85.0,168.0,NaN
2024-04-27T08:00,21.4,14.0,4.15,84.0,170.0,NaN
2024-04-27T09:00,19.7,12.9,1.65,77.0,180.0,NaN
2024-04-27T10:00,17.2,11.2,0.35,63.0,203.0,NaN
2024-04-27T11:00,15.5,10.1,0.00,44.0,234.0,NaN
2024-04-27T12:00,14.7,9.6,0.00,31.0,278.0,NaN
2024-04-27T13:00,12.5,8.0,0.00,28.0,272.0,NaN
2024-04-27T14:00,11.7,7.5,0.00,24.0,262.0,NaN
2024-04-27T15:00,11.8,7.4,0.00,22.0,248.0,NaN
2024-04-27T16:00,11.4,7.1,0.00,24.0,227.0,NaN
2024-04-27T17:00,10.7,6.5,0.00,27.0,202.0,NaN
2024-04-27T18:00,10.4,6.2,0.00,29.0,182.0,NaN
2024-04-27T19:00,10.4,6.1,0.00,28.0,169.0,NaN
2024-04-27T20:00,10.7,6.2,0.00,27.0,161.0,NaN
2024-04-27T21:00,11.2,6.5,0.00,25.0,167.0,NaN
2024-04-27T22:00,12.7,7.6,0.00,23.0,202.0,NaN
2024-04-27T23:00,18.4,11.5,0.10,21.0,252.0,NaN
2024-04-28T00:00,14.5,9.0,0.95,25.0,232.0,NaN
2024-04-28T01:00,12.4,7.7,2.65,31.0,216.0,NaN
2024-04-28T02:00,11.5,7.2,5.55,39.0,194.0,NaN
2024-04-28T03:00,12.5,8.1,8.55,49.0,176.0,NaN
2024-04-28T04:00,14.8,9.7,10.65,62.0,168.0,NaN
2024-04-28T05:00,18.0,11.9,10.85,77.0,164.0,NaN
2024-04-28T06:00,20.1,13.3,9.85,87.0,163.0,NaN
2024-04-28T07:00,21.6,14.3,7.30,90.0,162.0,NaN
2024-04-28T08:00,21.3,14.1,4.00,89.0,164.0,NaN
2024-04-28T09:00,19.4,12.8,1.65,82.0,176.0,NaN
2024-04-28T10:00,16.9,11.2,0.35,67.0,209.0,NaN
2024-04-28T11:00,15.7,10.4,0.00,47.0,251.0,NaN
2024-04-28T12:00,25.4,16.0,0.00,33.0,363.0,NaN
2024-04-28T13:00,20.1,12.5,0.00,28.0,339.0,NaN
2024-04-28T14:00,16.7,10.3,0.00,22.0,306.0,NaN
2024-04-28T15:00,15.4,9.5,0.00,17.0,279.0,NaN
2024-04-28T16:00,14.9,9.2,0.00,15.0,264.0,NaN
2024-04-28T17:00,14.6,9.0,0.00,14.0,255.0,NaN
2024-04-28T18:00,14.8,9.1,0.00,13.0,251.0,NaN
2024-04-28T19:00,15.3,9.4,0.00,11.0,249.0,NaN
2024-04-28T20:00,16.5,10.2,0.00,9.0,252.0,NaN
2024-04-28T21:00,18.3,11.5,0.00,8.0,270.0,NaN
2024-04-28T22:00,20.3,13.0,0.00,8.0,323.0,NaN
2024-04-28T23:00,26.7,17.5,0.10,10.0,391.0,NaN
2024-04-29T00:00,33.4,20.8,0.90,13.0,424.0,NaN
2024-04-29T01:00,24.6,14.9,2.80,21.0,361.0,NaN
2024-04-29T02:00,21.9,13.5,5.25,33.0,275.0,NaN
2024-04-29T03:00,23.5,14.8,7.85,45.0,211.0,NaN
2024-04-29T04:00,26.8,17.2,10.50,58.0,191.0,NaN
2024-04-29T05:00,29.5,19.2,10.50,73.0,193.0,NaN
2024-04-29T06:00,31.8,20.6,9.05,83.0,198.0,NaN
2024-04-29T07:00,33.9,21.8,6.75,89.0,196.0,NaN
2024-04-29T08:00,34.0,21.7,3.90,91.0,197.0,NaN
2024-04-29T09:00,31.7,20.3,1.55,87.0,208.0,NaN
2024-04-29T10:00,27.9,17.9,0.35,71.0,240.0,NaN
2024-04-29T11:00,25.5,16.4,0.00,48.0,281.0,NaN
2024-04-29T12:00,29.3,18.7,0.00,31.0,368.0,NaN
2024-04-29T13:00,23.6,15.0,0.00,25.0,357.0,NaN
2024-04-29T14:00,20.4,12.8,0.00,16.0,341.0,NaN
2024-04-29T15:00,18.6,11.8,0.00,10.0,324.0,NaN
2024-04-29T16:00,17.3,11.0,0.00,9.0,303.0,NaN
2024-04-29T17:00,16.0,10.1,0.00,10.0,280.0,NaN
2024-04-29T18:00,15.1,9.5,0.00,11.0,264.0,NaN
2024-04-29T19:00,15.1,9.5,0.00,10.0,257.0,NaN
2024-04-29T20:00,16.1,10.2,0.00,8.0,258.0,NaN
2024-04-29T21:00,16.9,10.9,0.00,8.0,270.0,NaN
2024-04-29T22:00,18.5,12.1,0.00,9.0,307.0,NaN
2024-04-29T23:00,23.2,15.4,0.10,12.0,356.0,NaN
2024-04-30T00:00,22.8,14.5,0.95,19.0,341.0,NaN
2024-04-30T01:00,19.0,11.8,2.80,27.0,304.0,NaN
2024-04-30T02:00,18.4,11.5,5.55,39.0,252.0,NaN
2024-04-30T03:00,19.6,12.5,8.55,51.0,212.0,NaN
2024-04-30T04:00,21.9,14.2,9.75,64.0,196.0,NaN
2024-04-30T05:00,24.6,15.9,9.60,77.0,192.0,NaN
2024-04-30T06:00,26.4,16.9,8.10,86.0,191.0,NaN
2024-04-30T07:00,26.2,16.6,6.60,88.0,187.0,NaN
2024-04-30T08:00,25.0,15.7,3.85,85.0,184.0,NaN
2024-04-30T09:00,23.6,14.8,1.60,78.0,191.0,NaN
2024-04-30T10:00,21.9,13.7,0.35,64.0,215.0,NaN
2024-04-30T11:00,21.1,13.2,0.00,47.0,247.0,NaN
2024-04-30T12:00,22.4,14.2,0.00,36.0,278.0,NaN
2024-04-30T13:00,19.5,12.2,0.00,33.0,272.0,NaN
2024-04-30T14:00,18.1,11.3,0.00,30.0,263.0,NaN
2024-04-30T15:00,17.9,11.2,0.00,27.0,251.0,NaN
2024-04-30T16:00,17.3,10.7,0.00,27.0,234.0,NaN
2024-04-30T17:00,16.2,10.0,0.00,27.0,214.0,NaN
2024-04-30T18:00,15.7,9.7,0.00,27.0,198.0,NaN
2024-04-30T19:00,15.4,9.5,0.00,26.0,186.0,NaN
2024-04-30T20:00,15.1,9.3,0.00,23.0,178.0,NaN
2024-04-30T21:00,15.0,9.3,0.00,22.0,183.0,NaN
2024-04-30T22:00,15.9,10.0,0.00,20.0,214.0,NaN
2024-04-30T23:00,20.1,13.0,0.15,20.0,258.0,NaN
2024-05-01T00:00,24.8,15.6,0.95,20.0,297.0,NaN
2024-05-01T01:00,21.9,13.6,2.75,28.0,269.0,NaN
2024-05-01T02:00,21.2,13.3,5.25,39.0,230.0,NaN
2024-05-01T03:00,22.8,14.5,8.15,51.0,200.0,NaN
2024-05-01T04:00,25.0,16.1,9.70,65.0,188.0,NaN
2024-05-01T05:00,28.3,18.2,10.55,81.0,186.0,NaN
2024-05-01T06:00,30.6,19.6,9.05,91.0,187.0,NaN
2024-05-01T07:00,31.4,19.8,6.35,95.0,186.0,NaN
2024-05-01T08:00,30.4,19.0,3.55,94.0,189.0,NaN
2024-05-01T09:00,27.9,17.6,1.45,87.0,200.0,NaN
2024-05-01T10:00,24.7,15.8,0.30,71.0,233.0,NaN
2024-05-01T11:00,23.2,15.1,0.00,49.0,274.0,NaN
2024-05-01T12:00,28.3,18.2,0.00,30.0,369.0,NaN
2024-05-01T13:00,19.8,12.6,0.00,28.0,325.0,NaN
2024-05-01T14:00,15.2,9.5,0.00,25.0,263.0,NaN
2024-05-01T15:00,13.2,8.1,0.00,23.0,213.0,NaN
2024-05-01T16:00,12.6,7.7,0.00,24.0,187.0,NaN
2024-05-01T17:00,12.2,7.3,0.00,27.0,174.0,NaN
2024-05-01T18:00,12.0,7.1,0.00,29.0,165.0,NaN
2024-05-01T19:00,12.0,7.0,0.00,29.0,158.0,NaN
2024-05-01T20:00,12.4,7.2,0.00,27.0,157.0,NaN
2024-05-01T21:00,13.4,7.9,0.00,26.0,164.0,NaN
2024-05-01T22:00,15.1,9.1,0.00,25.0,189.0,NaN
2024-05-01T23:00,19.5,12.1,0.10,24.0,223.0,NaN
2024-05-02T00:00,22.7,13.6,0.85,22.0,285.0,NaN
2024-05-02T01:00,17.5,10.2,2.70,31.0,257.0,NaN
2024-05-02T02:00,17.5,10.4,5.55,44.0,217.0,NaN
2024-05-02T03:00,19.0,11.7,8.60,58.0,187.0,NaN
2024-05-02T04:00,21.4,13.4,10.65,73.0,174.0,NaN
2024-05-02T05:00,23.6,14.8,11.50,88.0,171.0,NaN
2024-05-02T06:00,24.6,15.3,9.85,98.0,171.0,NaN
2024-05-02T07:00,25.2,15.5,6.85,101.0,171.0,NaN
2024-05-02T08:00,25.0,15.3,3.95,99.0,175.0,NaN
2024-05-02T09:00,23.4,14.3,1.60,92.0,185.0,NaN
2024-05-02T10:00,21.2,13.0,0.35,77.0,207.0,NaN
2024-05-02T11:00,19.4,12.0,0.00,56.0,236.0,NaN
2024-05-02T12:00,20.1,12.7,0.00,39.0,312.0,NaN
2024-05-02T13:00,15.1,9.4,0.00,37.0,291.0,NaN
2024-05-02T14:00,12.3,7.5,0.00,34.0,261.0,NaN
2024-05-02T15:00,12.3,7.5,0.00,32.0,235.0,NaN
2024-05-02T16:00,12.6,7.6,0.00,33.0,217.0,NaN
2024-05-02T17:00,12.3,7.3,0.00,35.0,202.0,NaN
2024-05-02T18:00,11.8,6.9,0.00,36.0,190.0,NaN
2024-05-02T19:00,11.4,6.6,0.00,35.0,180.0,NaN
2024-05-02T20:00,11.2,6.5,0.00,33.0,173.0,NaN
2024-05-02T21:00,11.4,6.7,0.00,31.0,174.0,NaN
2024-05-02T22:00,12.1,7.2,0.00,29.0,192.0,NaN
2024-05-02T23:00,14.6,8.9,0.15,27.0,219.0,NaN
2024-05-03T00:00,11.8,7.3,1.00,30.0,221.0,NaN
2024-05-03T01:00,10.5,6.6,2.95,36.0,211.0,NaN
2024-05-03T02:00,10.7,6.8,5.70,44.0,198.0,NaN
2024-05-03T03:00,12.3,8.0,8.35,54.0,187.0,NaN
2024-05-03T04:00,14.6,9.7,10.20,67.0,180.0,NaN
2024-05-03T05:00,17.2,11.5,10.40,81.0,176.0,NaN
2024-05-03T06:00,18.8,12.6,8.85,90.0,174.0,NaN
2024-05-03T07:00,20.0,13.3,6.45,93.0,174.0,NaN
2024-05-03T08:00,20.1,13.3,3.90,91.0,177.0,NaN
2024-05-03T09:00,19.0,12.5,1.50,85.0,188.0,NaN
2024-05-03T10:00,16.9,11.0,0.35,73.0,217.0,NaN
2024-05-03T11:00,14.9,9.5,0.00,56.0,254.0,NaN
2024-05-03T12:00,22.6,13.9,0.00,45.0,311.0,NaN
2024-05-03T13:00,17.2,10.3,0.00,43.0,294.0,NaN
2024-05-03T14:00,13.4,8.0,0.00,40.0,270.0,NaN
2024-05-03T15:00,11.8,7.0,0.00,38.0,248.0,NaN
2024-05-03T16:00,11.0,6.5,0.00,36.0,229.0,NaN
2024-05-03T17:00,10.3,6.2,0.00,35.0,211.0,NaN
2024-05-03T18:00,9.7,5.8,0.00,33.0,199.0,NaN
2024-05-03T19:00,9.4,5.6,0.00,29.0,194.0,NaN
2024-05-03T20:00,10.2,6.3,0.00,24.0,196.0,NaN
2024-05-03T21:00,11.7,7.3,0.00,20.0,206.0,NaN
2024-05-03T22:00,13.3,8.5,0.00,18.0,234.0,NaN
2024-05-03T23:00,16.9,11.1,0.10,18.0,269.0,NaN
2024-05-04T00:00,18.8,12.1,0.85,20.0,312.0,NaN
2024-05-04T01:00,16.4,10.5,2.45,26.0,286.0,NaN
2024-05-04T02:00,14.7,9.5,4.85,35.0,249.0,NaN
2024-05-04T03:00,16.4,10.8,8.20,46.0,220.0,NaN
2024-05-04T04:00,19.7,13.1,10.10,62.0,205.0,NaN
2024-05-04T05:00,23.9,16.1,9.90,80.0,197.0,NaN
2024-05-04T06:00,27.7,18.6,7.90,92.0,196.0,NaN
2024-05-04T07:00,28.5,19.0,3.90,93.0,199.0,NaN
2024-05-04T08:00,27.8,18.3,1.35,87.0,208.0,NaN
2024-05-04T09:00,26.0,17.1,0.80,77.0,231.0,NaN
2024-05-04T10:00,22.6,14.8,0.25,61.0,282.0,NaN
2024-05-04T11:00,21.5,14.1,0.00,42.0,346.0,NaN
2024-05-04T12:00,23.1,15.4,0.00,45.0,337.0,NaN
2024-05-04T13:00,24.2,16.1,0.00,42.0,340.0,NaN
2024-05-04T14:00,21.8,14.4,0.00,37.0,343.0,NaN
2024-05-04T15:00,21.1,14.0,0.00,33.0,341.0,NaN
2024-05-04T16:00,19.5,13.0,0.00,31.0,328.0,NaN
2024-05-04T17:00,18.6,12.2,0.00,29.0,311.0,NaN
2024-05-04T18:00,17.9,11.8,0.00,27.0,298.0,NaN
2024-05-04T19:00,17.6,11.6,0.00,22.0,292.0,NaN
2024-05-04T20:00,18.2,12.0,0.00,17.0,291.0,NaN
2024-05-04T21:00,19.3,12.8,0.00,13.0,300.0,NaN
2024-05-04T22:00,20.7,13.8,0.00,12.0,334.0,NaN
2024-05-04T23:00,24.5,16.5,0.10,12.0,377.0,NaN
2024-05-05T00:00,20.8,13.8,0.85,23.0,363.0,NaN
2024-05-05T01:00,17.2,11.1,2.30,33.0,323.0,NaN
2024-05-05T02:00,16.0,10.3,4.50,48.0,267.0,NaN
2024-05-05T03:00,18.2,11.9,6.65,63.0,225.0,NaN
2024-05-05T04:00,21.5,14.1,7.80,78.0,207.0,NaN
2024-05-05T05:00,26.2,17.4,7.10,93.0,202.0,NaN
2024-05-05T06:00,31.9,21.4,3.70,100.0,207.0,NaN
2024-05-05T07:00,33.8,22.5,2.00,95.0,210.0,NaN
2024-05-05T08:00,31.1,20.6,1.50,83.0,222.0,NaN
2024-05-05T09:00,26.8,17.6,0.65,69.0,271.0,NaN
2024-05-05T10:00,24.9,16.2,0.10,52.0,389.0,NaN
2024-05-05T11:00,30.4,20.1,0.00,33.0,543.0,NaN
2024-05-05T12:00,34.3,23.0,0.00,36.0,550.0,NaN
2024-05-05T13:00,39.3,26.5,0.00,29.0,608.0,NaN
2024-05-05T14:00,43.7,29.5,0.00,18.0,685.0,NaN
2024-05-05T15:00,43.3,29.2,0.00,11.0,725.0,NaN
2024-05-05T16:00,40.9,27.5,0.00,10.0,693.0,NaN
2024-05-05T17:00,36.9,24.8,0.00,12.0,622.0,NaN
2024-05-05T18:00,32.9,22.1,0.00,13.0,561.0,NaN
2024-05-05T19:00,30.9,20.7,0.00,10.0,529.0,NaN
2024-05-05T20:00,30.0,20.1,0.00,5.0,505.0,NaN
2024-05-05T21:00,29.3,19.7,0.00,5.0,476.0,NaN
2024-05-05T22:00,28.1,18.9,0.00,12.0,436.0,NaN
2024-05-05T23:00,27.7,18.7,0.15,22.0,390.0,NaN
2024-05-06T00:00,24.6,15.8,0.95,24.0,380.0,NaN
2024-05-06T01:00,20.8,12.9,2.45,37.0,328.0,NaN
2024-05-06T02:00,18.1,11.1,5.20,55.0,257.0,NaN
2024-05-06T03:00,19.2,11.9,7.70,72.0,203.0,NaN
2024-05-06T04:00,22.1,13.9,9.10,86.0,185.0,NaN
2024-05-06T05:00,25.1,15.8,9.55,98.0,185.0,NaN
2024-05-06T06:00,26.4,16.6,8.15,105.0,187.0,NaN
2024-05-06T07:00,27.0,16.8,6.30,106.0,183.0,NaN
2024-05-06T08:00,26.5,16.3,3.50,102.0,182.0,NaN
2024-05-06T09:00,24.6,14.9,1.45,94.0,196.0,NaN
2024-05-06T10:00,22.3,13.4,0.30,80.0,236.0,NaN
2024-05-06T11:00,22.2,13.6,0.00,62.0,290.0,NaN
2024-05-06T12:00,25.7,15.7,0.00,47.0,346.0,NaN
2024-05-06T13:00,24.6,15.0,0.00,42.0,355.0,NaN
2024-05-06T14:00,23.8,14.6,0.00,34.0,365.0,NaN
2024-05-06T15:00,23.2,14.4,0.00,29.0,362.0,NaN
2024-05-06T16:00,21.1,13.1,0.00,27.0,333.0,NaN
2024-05-06T17:00,18.6,11.4,0.00,27.0,291.0,NaN
2024-05-06T18:00,16.7,10.2,0.00,27.0,256.0,NaN
2024-05-06T19:00,15.5,9.5,0.00,25.0,235.0,NaN
2024-05-06T20:00,15.0,9.2,0.00,23.0,222.0,NaN
2024-05-06T21:00,14.6,8.9,0.00,23.0,221.0,NaN
2024-05-06T22:00,14.5,8.9,0.00,25.0,245.0,NaN
2024-05-06T23:00,17.1,10.7,0.15,29.0,281.0,NaN
2024-05-07T00:00,19.1,11.8,1.10,32.0,316.0,NaN
2024-05-07T01:00,16.1,9.8,3.30,43.0,281.0,NaN
2024-05-07T02:00,15.4,9.6,6.10,58.0,233.0,NaN
2024-05-07T03:00,15.9,10.1,8.60,72.0,197.0,NaN
2024-05-07T04:00,17.8,11.4,10.65,84.0,183.0,NaN
2024-05-07T05:00,19.7,12.9,11.50,95.0,181.0,NaN
2024-05-07T06:00,21.4,14.0,8.75,100.0,186.0,NaN
2024-05-07T07:00,20.8,13.5,3.70,99.0,186.0,NaN
2024-05-07T08:00,23.5,15.2,2.70,92.0,193.0,NaN
2024-05-07T09:00,21.2,13.7,1.00,81.0,234.0,NaN
2024-05-07T10:00,22.4,14.5,0.25,62.0,340.0,NaN
2024-05-07T11:00,24.6,16.2,0.00,39.0,480.0,NaN
2024-05-07T12:00,34.8,22.9,0.00,29.0,537.0,NaN
2024-05-07T13:00,38.8,25.6,0.00,27.0,528.0,NaN
2024-05-07T14:00,35.3,23.0,0.00,24.0,514.0,NaN
2024-05-07T15:00,33.8,21.9,0.00,22.0,493.0,NaN
2024-05-07T16:00,30.5,19.6,0.00,22.0,455.0,NaN
2024-05-07T17:00,27.7,17.6,0.00,24.0,410.0,NaN
2024-05-07T18:00,27.5,17.5,0.00,23.0,385.0,NaN
2024-05-07T19:00,29.2,18.7,0.00,18.0,394.0,NaN
2024-05-07T20:00,31.3,20.5,0.00,11.0,424.0,NaN
2024-05-07T21:00,31.7,21.1,0.00,7.0,463.0,NaN
2024-05-07T22:00,33.9,22.9,0.00,7.0,529.0,NaN
2024-05-07T23:00,38.6,26.4,0.15,10.0,605.0,NaN
2024-05-08T00:00,31.8,21.1,1.00,28.0,429.0,NaN
2024-05-08T01:00,32.4,21.3,2.90,44.0,383.0,NaN
2024-05-08T02:00,30.5,19.9,5.75,66.0,318.0,NaN
2024-05-08T03:00,29.3,19.1,8.30,85.0,266.0,NaN
2024-05-08T04:00,27.9,18.3,9.90,99.0,237.0,NaN
2024-05-08T05:00,27.4,18.0,10.10,111.0,220.0,NaN
2024-05-08T06:00,27.2,17.9,9.65,116.0,213.0,NaN
2024-05-08T07:00,27.1,17.6,6.50,113.0,213.0,NaN
2024-05-08T08:00,26.7,17.2,2.95,103.0,223.0,NaN
2024-05-08T09:00,27.3,17.5,1.20,91.0,254.0,NaN
2024-05-08T10:00,27.9,17.8,0.30,75.0,317.0,NaN
2024-05-08T11:00,28.2,18.2,0.00,55.0,400.0,NaN
2024-05-08T12:00,25.6,16.4,0.00,45.0,381.0,NaN
2024-05-08T13:00,26.3,16.9,0.00,43.0,368.0,NaN
2024-05-08T14:00,25.9,16.5,0.00,40.0,347.0,NaN
2024-05-08T15:00,23.8,14.9,0.00,38.0,321.0,NaN
2024-05-08T16:00,21.8,13.3,0.00,38.0,282.0,NaN
2024-05-08T17:00,20.4,12.3,0.00,40.0,237.0,NaN
2024-05-08T18:00,19.7,11.8,0.00,40.0,205.0,NaN
2024-05-08T19:00,20.0,12.0,0.00,38.0,194.0,NaN
2024-05-08T20:00,20.0,12.0,0.00,36.0,196.0,NaN
2024-05-08T21:00,20.3,12.2,0.00,35.0,207.0,NaN
2024-05-08T22:00,20.3,12.3,0.00,35.0,233.0,NaN
2024-05-08T23:00,23.3,14.5,0.15,37.0,268.0,NaN
2024-05-09T00:00,24.2,15.1,0.95,34.0,318.0,NaN
2024-05-09T01:00,24.0,14.6,2.95,46.0,282.0,NaN
2024-05-09T02:00,23.8,14.6,5.95,63.0,233.0,NaN
2024-05-09T03:00,25.0,15.3,8.70,77.0,196.0,NaN
2024-05-09T04:00,26.9,16.4,10.40,86.0,181.0,NaN
2024-05-09T05:00,28.1,16.9,9.75,92.0,179.0,NaN
2024-05-09T06:00,27.7,16.5,6.80,95.0,181.0,NaN
2024-05-09T07:00,30.6,18.0,5.80,94.0,173.0,NaN
2024-05-09T08:00,30.9,18.1,3.15,90.0,169.0,NaN
2024-05-09T09:00,29.4,17.2,1.00,81.0,209.0,NaN
2024-05-09T10:00,29.2,17.3,0.20,65.0,333.0,NaN
2024-05-09T11:00,32.9,20.3,0.00,44.0,499.0,NaN
2024-05-09T12:00,49.5,30.9,0.00,27.0,674.0,NaN
2024-05-09T13:00,53.3,33.5,0.00,28.0,665.0,NaN
2024-05-09T14:00,52.6,33.2,0.00,31.0,650.0,NaN
2024-05-09T15:00,47.1,29.7,0.00,33.0,619.0,NaN
2024-05-09T16:00,41.0,25.7,0.00,36.0,559.0,NaN
2024-05-09T17:00,37.1,23.3,0.00,39.0,484.0,NaN
2024-05-09T18:00,35.2,22.1,0.00,41.0,420.0,NaN
2024-05-09T19:00,33.8,21.1,0.00,42.0,378.0,NaN
2024-05-09T20:00,32.4,20.1,0.00,42.0,347.0,NaN
2024-05-09T21:00,30.9,18.9,0.00,44.0,330.0,NaN
2024-05-09T22:00,30.2,18.4,0.00,47.0,336.0,NaN
2024-05-09T23:00,31.5,19.4,0.15,52.0,355.0,NaN
2024-05-10T00:00,28.1,16.6,1.05,57.0,310.0,NaN
2024-05-10T01:00,27.1,15.8,3.05,67.0,287.0,NaN
2024-05-10T02:00,27.2,16.0,5.75,81.0,255.0,NaN
2024-05-10T03:00,28.5,16.8,8.45,93.0,229.0,NaN
2024-05-10T04:00,27.6,16.4,9.30,102.0,214.0,NaN
2024-05-10T05:00,34.8,20.4,10.10,108.0,204.0,NaN
2024-05-10T06:00,29.5,17.5,8.35,111.0,198.0,NaN
2024-05-10T07:00,28.8,17.0,5.75,108.0,192.0,NaN
2024-05-10T08:00,26.6,15.5,2.75,101.0,190.0,NaN
2024-05-10T09:00,25.4,15.0,1.45,91.0,205.0,NaN
2024-05-10T10:00,23.7,14.1,0.35,77.0,247.0,NaN
2024-05-10T11:00,23.6,14.2,0.00,60.0,306.0,NaN
2024-05-10T12:00,31.3,18.5,0.00,52.0,347.0,NaN
2024-05-10T13:00,28.2,16.7,0.00,50.0,325.0,NaN
2024-05-10T14:00,24.9,14.6,0.00,47.0,294.0,NaN
2024-05-10T15:00,22.0,12.9,0.00,45.0,264.0,NaN
2024-05-10T16:00,19.2,11.1,0.00,44.0,236.0,NaN
2024-05-10T17:00,17.3,10.0,0.00,42.0,210.0,NaN
2024-05-10T18:00,16.7,9.6,0.00,41.0,190.0,NaN
2024-05-10T19:00,16.6,9.5,0.00,39.0,178.0,NaN
2024-05-10T20:00,16.8,9.5,0.00,36.0,173.0,NaN
2024-05-10T21:00,17.0,9.7,0.00,35.0,179.0,NaN
2024-05-10T22:00,17.6,10.1,0.00,34.0,206.0,NaN
2024-05-10T23:00,19.2,11.3,0.15,34.0,244.0,NaN
2024-05-11T00:00,23.4,13.7,1.00,39.0,251.0,NaN
2024-05-11T01:00,22.6,13.2,2.95,48.0,241.0,NaN
2024-05-11T02:00,23.5,14.0,5.90,61.0,226.0,NaN
2024-05-11T03:00,25.7,15.7,8.75,73.0,215.0,NaN
2024-05-11T04:00,27.5,17.2,9.85,82.0,208.0,NaN
2024-05-11T05:00,27.9,17.5,7.55,90.0,203.0,NaN
2024-05-11T06:00,27.9,17.3,4.85,94.0,204.0,NaN
2024-05-11T07:00,27.9,17.1,2.65,95.0,203.0,NaN
2024-05-11T08:00,29.4,18.0,2.55,92.0,209.0,NaN
2024-05-11T09:00,30.6,18.9,1.05,84.0,245.0,NaN
2024-05-11T10:00,30.4,18.8,0.30,67.0,337.0,NaN
2024-05-11T11:00,31.8,20.0,0.00,45.0,461.0,NaN
2024-05-11T12:00,34.1,21.5,0.00,35.0,492.0,NaN
2024-05-11T13:00,32.0,20.2,0.00,34.0,458.0,NaN
2024-05-11T14:00,29.2,18.3,0.00,32.0,410.0,NaN
2024-05-11T15:00,25.7,16.1,0.00,31.0,362.0,NaN
2024-05-11T16:00,22.0,13.6,0.00,31.0,314.0,NaN
2024-05-11T17:00,19.2,11.7,0.00,32.0,266.0,NaN
2024-05-11T18:00,17.6,10.6,0.00,32.0,229.0,NaN
2024-05-11T19:00,16.9,10.2,0.00,31.0,207.0,NaN
2024-05-11T20:00,16.8,10.0,0.00,30.0,197.0,NaN
2024-05-11T21:00,16.8,10.1,0.00,30.0,199.0,NaN
2024-05-11T22:00,17.6,10.7,0.00,29.0,224.0,NaN
2024-05-11T23:00,20.8,13.0,0.15,29.0,261.0,NaN
2024-05-12T00:00,24.3,15.4,0.90,28.0,338.0,NaN
2024-05-12T01:00,24.1,15.0,2.60,38.0,311.0,NaN
2024-05-12T02:00,22.7,14.3,5.55,52.0,274.0,NaN
2024-05-12T03:00,23.9,15.3,8.30,64.0,244.0,NaN
2024-05-12T04:00,25.2,16.2,7.50,74.0,227.0,NaN
2024-05-12T05:00,26.0,16.6,5.35,82.0,217.0,NaN
2024-05-12T06:00,26.8,17.0,3.75,87.0,214.0,NaN
2024-05-12T07:00,28.5,18.0,4.00,90.0,215.0,NaN
2024-05-12T08:00,27.3,17.3,2.45,89.0,222.0,NaN
2024-05-12T09:00,25.9,16.4,1.20,84.0,247.0,NaN
2024-05-12T10:00,24.3,15.3,0.25,71.0,299.0,NaN
2024-05-12T11:00,24.6,15.8,0.00,53.0,368.0,NaN
2024-05-12T12:00,27.6,17.8,0.00,35.0,449.0,NaN
2024-05-12T13:00,28.2,18.3,0.00,32.0,446.0,NaN
2024-05-12T14:00,26.6,17.2,0.00,28.0,439.0,NaN
2024-05-12T15:00,25.5,16.5,0.00,26.0,418.0,NaN
2024-05-12T16:00,23.5,15.1,0.00,27.0,369.0,NaN
2024-05-12T17:00,20.1,12.7,0.00,31.0,306.0,NaN
2024-05-12T18:00,16.8,10.4,0.00,33.0,254.0,NaN
2024-05-12T19:00,14.5,8.9,0.00,33.0,221.0,NaN
2024-05-12T20:00,13.6,8.3,0.00,33.0,200.0,NaN
2024-05-12T21:00,13.4,8.2,0.00,33.0,196.0,NaN
2024-05-12T22:00,13.9,8.5,0.00,33.0,221.0,NaN
2024-05-12T23:00,17.1,10.7,0.15,33.0,262.0,NaN
2024-05-13T00:00,17.3,10.5,1.00,37.0,265.0,NaN
2024-05-13T01:00,15.8,9.6,3.05,44.0,254.0,NaN
2024-05-13T02:00,16.1,10.0,5.20,53.0,238.0,NaN
2024-05-13T03:00,18.8,11.9,7.85,64.0,225.0,NaN
2024-05-13T04:00,22.0,14.2,9.85,77.0,218.0,NaN
2024-05-13T05:00,24.4,15.9,10.10,91.0,213.0,NaN
2024-05-13T06:00,25.8,16.7,9.00,100.0,213.0,NaN
2024-05-13T07:00,26.5,17.1,6.35,101.0,210.0,NaN
2024-05-13T08:00,26.1,16.8,3.60,97.0,212.0,NaN
2024-05-13T09:00,25.5,16.3,1.15,89.0,235.0,NaN
2024-05-13T10:00,25.0,15.9,0.30,74.0,292.0,NaN
2024-05-13T11:00,25.6,16.3,0.00,54.0,371.0,NaN
2024-05-13T12:00,42.6,27.3,0.00,34.0,621.0,NaN
2024-05-13T13:00,41.1,26.3,0.00,31.0,599.0,NaN
2024-05-13T14:00,37.3,23.7,0.00,27.0,569.0,NaN
2024-05-13T15:00,35.7,22.7,0.00,23.0,541.0,NaN
2024-05-13T16:00,35.2,22.4,0.00,21.0,520.0,NaN
2024-05-13T17:00,32.8,20.8,0.00,20.0,501.0,NaN
2024-05-13T18:00,30.6,19.3,0.00,18.0,484.0,NaN
2024-05-13T19:00,29.5,18.5,0.00,15.0,463.0,NaN
2024-05-13T20:00,28.9,18.2,0.00,13.0,444.0,NaN
2024-05-13T21:00,30.9,20.0,0.00,12.0,448.0,NaN
2024-05-13T22:00,33.4,22.0,0.00,14.0,505.0,NaN
2024-05-13T23:00,38.6,26.0,0.15,17.0,584.0,NaN
2024-05-14T00:00,41.0,27.6,1.00,30.0,614.0,NaN
2024-05-14T01:00,38.9,25.7,3.00,46.0,534.0,NaN
2024-05-14T02:00,33.3,21.7,5.40,69.0,423.0,NaN
2024-05-14T03:00,33.2,21.8,7.95,88.0,338.0,NaN
2024-05-14T04:00,37.0,24.6,9.50,102.0,304.0,NaN
2024-05-14T05:00,39.7,26.5,5.95,112.0,296.0,NaN
2024-05-14T06:00,41.1,27.3,4.25,117.0,292.0,NaN
2024-05-14T07:00,47.3,31.1,3.70,114.0,285.0,NaN
2024-05-14T08:00,42.8,27.8,2.35,104.0,284.0,NaN
2024-05-14T09:00,34.2,21.7,1.05,92.0,290.0,NaN
2024-05-14T10:00,26.5,16.4,0.25,76.0,310.0,NaN
2024-05-14T11:00,22.2,13.7,0.00,56.0,337.0,NaN
2024-05-14T12:00,31.2,19.0,0.00,55.0,328.0,NaN
2024-05-14T13:00,27.0,16.6,0.00,49.0,329.0,NaN
2024-05-14T14:00,24.5,15.2,0.00,41.0,329.0,NaN
2024-05-14T15:00,23.5,14.6,0.00,35.0,321.0,NaN
2024-05-14T16:00,21.9,13.6,0.00,34.0,297.0,NaN
2024-05-14T17:00,20.0,12.3,0.00,36.0,266.0,NaN
2024-05-14T18:00,19.1,11.6,0.00,37.0,240.0,NaN
2024-05-14T19:00,19.2,11.6,0.00,37.0,224.0,NaN
2024-05-14T20:00,20.2,12.1,0.00,36.0,213.0,NaN
2024-05-14T21:00,21.4,12.8,0.00,36.0,213.0,NaN
2024-05-14T22:00,22.5,13.6,0.00,36.0,233.0,NaN
2024-05-14T23:00,25.4,15.6,0.15,37.0,264.0,NaN
2024-05-15T00:00,24.2,14.4,1.05,44.0,256.0,NaN
2024-05-15T01:00,21.6,12.9,3.10,55.0,241.0,NaN
2024-05-15T02:00,20.4,12.5,5.85,70.0,221.0,NaN
2024-05-15T03:00,21.2,13.2,8.55,81.0,207.0,NaN
2024-05-15T04:00,21.4,13.6,8.70,86.0,206.0,NaN
2024-05-15T05:00,18.7,11.7,2.60,87.0,211.0,NaN
2024-05-15T06:00,21.1,13.3,4.05,86.0,217.0,NaN
2024-05-15T07:00,20.4,13.1,3.50,83.0,211.0,NaN
2024-05-15T08:00,19.6,12.6,2.35,77.0,205.0,NaN
2024-05-15T09:00,18.2,11.8,1.00,68.0,230.0,NaN
2024-05-15T10:00,17.3,11.2,0.20,55.0,311.0,NaN
2024-05-15T11:00,22.5,14.9,0.00,39.0,423.0,NaN
2024-05-15T12:00,23.8,15.3,0.00,39.0,371.0,NaN
2024-05-15T13:00,24.5,16.1,0.00,36.0,373.0,NaN
2024-05-15T14:00,24.4,16.1,0.00,32.0,375.0,NaN
2024-05-15T15:00,23.2,15.4,0.00,29.0,371.0,NaN
2024-05-15T16:00,23.2,15.4,0.00,27.0,355.0,NaN
2024-05-15T17:00,21.8,14.5,0.00,25.0,334.0,NaN
2024-05-15T18:00,20.4,13.6,0.00,23.0,320.0,NaN
2024-05-15T19:00,20.8,13.8,0.00,18.0,319.0,NaN
2024-05-15T20:00,21.3,14.3,0.00,12.0,325.0,NaN
2024-05-15T21:00,21.5,14.6,0.00,9.0,335.0,NaN
2024-05-15T22:00,22.9,15.5,0.00,11.0,354.0,NaN
2024-05-15T23:00,26.7,18.3,0.15,17.0,377.0,NaN
2024-05-16T00:00,22.0,15.0,1.00,28.0,393.0,NaN
2024-05-16T01:00,25.7,17.2,2.90,48.0,364.0,NaN
2024-05-16T02:00,26.7,17.8,5.85,75.0,322.0,NaN
2024-05-16T03:00,28.6,19.0,8.00,94.0,284.0,NaN
2024-05-16T04:00,29.2,19.3,8.30,96.0,252.0,NaN
2024-05-16T05:00,26.1,17.1,5.55,90.0,224.0,NaN
2024-05-16T06:00,22.7,14.6,3.60,84.0,205.0,NaN
2024-05-16T07:00,22.7,14.6,4.80,81.0,194.0,NaN
2024-05-16T08:00,22.6,14.5,2.60,79.0,193.0,NaN
2024-05-16T09:00,21.2,13.5,1.20,72.0,215.0,NaN
2024-05-16T10:00,20.0,12.7,0.25,57.0,283.0,NaN
2024-05-16T11:00,21.7,14.1,0.00,39.0,375.0,NaN
2024-05-16T12:00,22.4,14.2,0.00,32.0,371.0,NaN
2024-05-16T13:00,23.5,14.8,0.00,29.0,376.0,NaN
2024-05-16T14:00,22.7,14.3,0.00,24.0,380.0,NaN
2024-05-16T15:00,22.6,14.3,0.00,21.0,370.0,NaN
2024-05-16T16:00,21.1,13.2,0.00,22.0,331.0,NaN
2024-05-16T17:00,17.5,10.7,0.00,24.0,277.0,NaN
2024-05-16T18:00,15.8,9.5,0.00,25.0,236.0,NaN
2024-05-16T19:00,15.8,9.6,0.00,23.0,218.0,NaN
2024-05-16T20:00,16.2,9.9,0.00,19.0,214.0,NaN
2024-05-16T21:00,16.4,10.0,0.00,17.0,222.0,NaN
2024-05-16T22:00,14.3,8.8,0.00,16.0,254.0,NaN
2024-05-16T23:00,16.9,10.7,0.10,16.0,299.0,NaN
2024-05-17T00:00,15.8,9.8,0.95,26.0,257.0,NaN
2024-05-17T01:00,16.4,10.2,3.10,33.0,246.0,NaN
2024-05-17T02:00,16.1,10.2,5.85,42.0,231.0,NaN
2024-05-17T03:00,16.4,10.5,7.85,52.0,218.0,NaN
2024-05-17T04:00,18.0,11.7,9.65,63.0,208.0,NaN
2024-05-17T05:00,19.4,12.5,8.55,74.0,201.0,NaN
2024-05-17T06:00,21.2,13.7,8.40,82.0,197.0,NaN
2024-05-17T07:00,22.3,14.4,6.40,84.0,192.0,NaN
2024-05-17T08:00,21.7,13.9,3.75,83.0,191.0,NaN
2024-05-17T09:00,20.1,12.7,1.45,77.0,212.0,NaN
2024-05-17T10:00,18.9,11.8,0.30,64.0,271.0,NaN
2024-05-17T11:00,19.3,12.2,0.00,47.0,352.0,NaN
2024-05-17T12:00,24.4,15.7,0.00,33.0,415.0,NaN
2024-05-17T13:00,27.2,17.6,0.00,29.0,425.0,NaN
2024-05-17T14:00,28.1,18.2,0.00,22.0,438.0,NaN
2024-05-17T15:00,26.4,16.9,0.00,17.0,445.0,NaN
2024-05-17T16:00,24.9,15.8,0.00,14.0,438.0,NaN
2024-05-17T17:00,25.5,16.2,0.00,11.0,425.0,NaN
2024-05-17T18:00,25.8,16.4,0.00,9.0,423.0,NaN
2024-05-17T19:00,27.2,17.4,0.00,6.0,443.0,NaN
2024-05-17T20:00,28.2,18.5,0.00,2.0,475.0,NaN
2024-05-17T21:00,29.1,19.4,0.00,1.0,502.0,NaN
2024-05-17T22:00,31.7,21.2,0.00,3.0,529.0,NaN
2024-05-17T23:00,38.4,26.1,0.15,8.0,551.0,NaN
2024-05-18T00:00,44.7,29.6,1.00,14.0,624.0,NaN
2024-05-18T01:00,31.3,19.9,2.95,22.0,522.0,NaN
2024-05-18T02:00,27.1,16.9,5.75,33.0,381.0,NaN
2024-05-18T03:00,27.0,17.0,8.15,45.0,273.0,NaN
2024-05-18T04:00,28.8,18.3,9.35,59.0,231.0,NaN
2024-05-18T05:00,30.9,19.8,9.35,74.0,221.0,NaN
2024-05-18T06:00,32.2,20.8,8.10,84.0,217.0,NaN
2024-05-18T07:00,32.4,20.8,6.20,87.0,207.0,NaN
2024-05-18T08:00,30.0,19.2,3.45,84.0,202.0,NaN
2024-05-18T09:00,26.1,16.5,1.50,78.0,207.0,NaN
2024-05-18T10:00,21.9,13.6,0.35,66.0,223.0,NaN
2024-05-18T11:00,20.7,12.9,0.00,51.0,248.0,NaN
2024-05-18T12:00,31.3,19.8,0.00,35.0,386.0,NaN
2024-05-18T13:00,30.4,19.1,0.00,29.0,384.0,NaN
2024-05-18T14:00,28.0,17.6,0.00,20.0,379.0,NaN
2024-05-18T15:00,26.0,16.3,0.00,15.0,369.0,NaN
2024-05-18T16:00,23.0,14.3,0.00,15.0,349.0,NaN
2024-05-18T17:00,21.6,13.4,0.00,18.0,323.0,NaN
2024-05-18T18:00,21.2,13.3,0.00,22.0,298.0,NaN
2024-05-18T19:00,19.3,12.3,0.00,26.0,268.0,NaN
2024-05-18T20:00,17.9,11.5,0.00,31.0,238.0,NaN
2024-05-18T21:00,19.3,12.5,0.00,34.0,231.0,NaN
2024-05-18T22:00,20.0,13.2,0.00,31.0,269.0,NaN
2024-05-18T23:00,22.6,15.0,0.15,26.0,328.0,NaN
2024-05-19T00:00,21.4,13.6,0.95,26.0,325.0,NaN
2024-05-19T01:00,20.5,12.9,2.85,36.0,304.0,NaN
2024-05-19T02:00,20.4,12.8,5.15,50.0,274.0,NaN
2024-05-19T03:00,23.3,14.9,6.60,63.0,251.0,NaN
2024-05-19T04:00,27.9,18.2,6.55,73.0,238.0,NaN
2024-05-19T05:00,30.4,20.0,4.40,82.0,230.0,NaN
2024-05-19T06:00,34.6,22.9,3.65,85.0,230.0,NaN
2024-05-19T07:00,32.2,21.4,1.75,78.0,230.0,NaN
2024-05-19T08:00,26.4,17.6,0.95,66.0,237.0,NaN
2024-05-19T09:00,21.7,14.6,0.50,54.0,278.0,NaN
2024-05-19T10:00,25.5,17.3,0.15,45.0,375.0,NaN
2024-05-19T11:00,34.3,23.6,0.00,35.0,505.0,NaN
2024-05-19T12:00,38.2,26.3,0.00,55.0,545.0,NaN
2024-05-19T13:00,39.1,26.8,0.00,47.0,589.0,NaN
2024-05-19T14:00,40.3,27.6,0.00,35.0,645.0,NaN
2024-05-19T15:00,41.3,28.4,0.00,27.0,664.0,NaN
2024-05-19T16:00,37.4,25.7,0.00,26.0,610.0,NaN
2024-05-19T17:00,31.9,21.9,0.00,29.0,517.0,NaN
2024-05-19T18:00,29.9,20.6,0.00,30.0,438.0,NaN
2024-05-19T19:00,27.5,18.9,0.00,28.0,386.0,NaN
2024-05-19T20:00,24.6,16.9,0.00,25.0,348.0,NaN
2024-05-19T21:00,22.6,15.7,0.00,23.0,329.0,NaN
2024-05-19T22:00,23.3,16.1,0.00,23.0,343.0,NaN
2024-05-19T23:00,25.3,17.5,0.10,24.0,377.0,NaN
2024-05-20T00:00,30.7,21.2,0.85,27.0,407.0,NaN
2024-05-20T01:00,32.2,21.9,2.15,39.0,382.0,NaN
2024-05-20T02:00,34.3,23.3,4.35,56.0,346.0,NaN
2024-05-20T03:00,34.8,23.5,6.50,73.0,316.0,NaN
2024-05-20T04:00,38.1,25.7,7.50,93.0,296.0,NaN
2024-05-20T05:00,43.0,29.1,8.15,114.0,282.0,NaN
2024-05-20T06:00,46.8,31.7,6.35,125.0,274.0,NaN
2024-05-20T07:00,48.8,33.1,3.95,118.0,269.0,NaN
2024-05-20T08:00,47.5,32.1,1.80,101.0,270.0,NaN
2024-05-20T09:00,37.6,25.3,0.40,83.0,293.0,NaN
2024-05-20T10:00,30.9,20.8,0.10,66.0,349.0,NaN
2024-05-20T11:00,31.8,21.6,0.00,49.0,426.0,NaN
2024-05-20T12:00,52.5,35.6,0.00,54.0,631.0,NaN
2024-05-20T13:00,48.5,33.1,0.00,54.0,551.0,NaN
2024-05-20T14:00,39.1,26.6,0.00,53.0,439.0,NaN
2024-05-20T15:00,33.5,22.9,0.00,52.0,353.0,NaN
2024-05-20T16:00,30.6,21.0,0.00,51.0,317.0,NaN
2024-05-20T17:00,29.2,20.1,0.00,49.0,306.0,NaN
2024-05-20T18:00,29.6,20.4,0.00,46.0,299.0,NaN
2024-05-20T19:00,28.0,19.3,0.00,42.0,283.0,NaN
2024-05-20T20:00,26.5,18.3,0.00,38.0,271.0,NaN
2024-05-20T21:00,26.2,18.0,0.00,34.0,275.0,NaN
2024-05-20T22:00,26.7,18.3,0.00,30.0,312.0,NaN
2024-05-20T23:00,28.4,19.7,0.10,26.0,364.0,NaN
2024-05-21T00:00,42.6,29.5,0.90,24.0,440.0,NaN
2024-05-21T01:00,39.1,26.8,1.80,31.0,404.0,NaN
2024-05-21T02:00,36.3,24.6,4.55,41.0,355.0,NaN
2024-05-21T03:00,34.5,23.3,7.40,54.0,318.0,NaN
2024-05-21T04:00,37.7,25.6,8.60,74.0,306.0,NaN
2024-05-21T05:00,46.3,31.5,9.35,96.0,306.0,NaN
2024-05-21T06:00,55.6,38.0,7.60,112.0,308.0,NaN
2024-05-21T07:00,54.4,36.9,5.05,117.0,303.0,NaN
2024-05-21T08:00,53.7,36.4,2.00,116.0,299.0,NaN
2024-05-21T09:00,47.5,32.2,0.55,107.0,314.0,NaN
2024-05-21T10:00,38.3,25.8,0.05,87.0,365.0,NaN
2024-05-21T11:00,35.9,24.4,0.00,60.0,434.0,NaN
2024-05-21T12:00,53.8,37.0,0.00,74.0,533.0,NaN
2024-05-21T13:00,53.0,36.6,0.00,63.0,591.0,NaN
2024-05-21T14:00,56.8,39.2,0.00,49.0,666.0,NaN
2024-05-21T15:00,63.6,44.0,0.00,38.0,697.0,NaN
2024-05-21T16:00,62.2,43.1,0.00,36.0,639.0,NaN
2024-05-21T17:00,50.4,34.8,0.00,38.0,537.0,NaN
2024-05-21T18:00,47.7,33.1,0.00,39.0,456.0,NaN
2024-05-21T19:00,45.9,31.7,0.00,35.0,421.0,NaN
2024-05-21T20:00,44.1,30.5,0.00,30.0,409.0,NaN
2024-05-21T21:00,44.4,30.6,0.00,26.0,413.0,NaN
2024-05-21T22:00,44.6,30.9,0.00,22.0,448.0,NaN
2024-05-21T23:00,45.3,31.4,0.10,20.0,500.0,NaN
2024-05-22T00:00,63.6,43.9,0.85,26.0,536.0,NaN
2024-05-22T01:00,57.7,39.6,2.30,39.0,485.0,NaN
2024-05-22T02:00,51.6,35.2,4.70,59.0,414.0,NaN
2024-05-22T03:00,52.0,35.5,6.60,77.0,359.0,NaN
2024-05-22T04:00,54.9,37.5,8.80,92.0,335.0,NaN
2024-05-22T05:00,57.7,39.5,9.35,106.0,328.0,NaN
2024-05-22T06:00,58.0,39.7,8.05,121.0,329.0,NaN
2024-05-22T07:00,59.8,40.9,5.65,141.0,335.0,NaN
2024-05-22T08:00,67.5,46.2,3.05,162.0,349.0,NaN
2024-05-22T09:00,73.8,50.8,1.00,167.0,376.0,NaN
2024-05-22T10:00,71.2,49.0,0.15,143.0,424.0,NaN
2024-05-22T11:00,58.8,40.3,0.00,103.0,485.0,NaN
2024-05-22T12:00,65.9,45.4,0.00,78.0,581.0,NaN
2024-05-22T13:00,62.4,42.8,0.00,69.0,592.0,NaN
2024-05-22T14:00,59.1,40.5,0.00,57.0,605.0,NaN
2024-05-22T15:00,57.6,39.3,0.00,46.0,605.0,NaN
2024-05-22T16:00,56.8,38.9,0.00,39.0,582.0,NaN
2024-05-22T17:00,51.5,35.2,0.00,34.0,546.0,NaN
2024-05-22T18:00,46.1,31.2,0.00,31.0,506.0,NaN
2024-05-22T19:00,41.1,27.9,0.00,30.0,455.0,NaN
2024-05-22T20:00,36.6,24.6,0.00,30.0,402.0,NaN
2024-05-22T21:00,33.6,22.6,0.00,30.0,380.0,NaN
2024-05-22T22:00,34.7,23.3,0.00,28.0,428.0,NaN
2024-05-22T23:00,39.5,26.6,0.10,26.0,508.0,NaN
2024-05-23T00:00,32.4,21.3,0.85,34.0,426.0,NaN
2024-05-23T01:00,28.2,18.1,2.55,44.0,374.0,NaN
2024-05-23T02:00,27.5,17.6,3.90,59.0,302.0,NaN
2024-05-23T03:00,30.4,19.8,3.60,72.0,251.0,NaN
2024-05-23T04:00,35.9,23.6,4.80,84.0,237.0,NaN
2024-05-23T05:00,41.6,27.6,5.65,95.0,244.0,NaN
2024-05-23T06:00,45.5,30.3,5.55,101.0,256.0,NaN
2024-05-23T07:00,45.6,30.4,3.65,100.0,264.0,NaN
2024-05-23T08:00,39.1,26.2,2.05,93.0,278.0,NaN
2024-05-23T09:00,37.1,24.9,1.15,83.0,311.0,NaN
2024-05-23T10:00,34.5,23.0,0.30,69.0,375.0,NaN
2024-05-23T11:00,33.5,22.4,0.00,51.0,459.0,NaN
2024-05-23T12:00,45.3,30.5,0.00,40.0,601.0,NaN
2024-05-23T13:00,55.6,37.8,0.00,31.0,692.0,NaN
2024-05-23T14:00,58.4,39.8,0.00,19.0,821.0,NaN
2024-05-23T15:00,66.6,45.8,0.00,10.0,940.0,NaN
2024-05-23T16:00,74.5,51.5,0.00,6.0,1040.0,NaN
2024-05-23T17:00,78.7,54.5,0.00,4.0,1130.0,NaN
2024-05-23T18:00,80.8,56.0,0.00,3.0,1189.0,NaN
2024-05-23T19:00,81.3,56.2,0.00,1.0,1206.0,NaN
2024-05-23T20:00,82.0,56.7,0.00,0.0,1192.0,NaN
2024-05-23T21:00,81.0,56.2,0.00,2.0,1153.0,NaN
2024-05-23T22:00,71.9,49.7,0.00,6.0,1092.0,NaN
2024-05-23T23:00,75.9,52.4,0.10,13.0,1005.0,NaN
2024-05-24T00:00,66.1,45.8,1.00,32.0,879.0,NaN
2024-05-24T01:00,47.3,32.5,2.70,41.0,716.0,NaN
2024-05-24T02:00,35.5,24.3,5.20,53.0,490.0,NaN
2024-05-24T03:00,32.8,22.4,7.70,66.0,320.0,NaN
2024-05-24T04:00,36.2,24.7,9.00,81.0,260.0,NaN
2024-05-24T05:00,38.8,26.5,8.75,96.0,255.0,NaN
2024-05-24T06:00,41.3,28.2,7.70,107.0,256.0,NaN
2024-05-24T07:00,43.1,29.3,5.90,112.0,241.0,NaN
2024-05-24T08:00,41.6,28.1,3.30,113.0,233.0,NaN
2024-05-24T09:00,40.5,27.1,1.45,106.0,252.0,NaN
2024-05-24T10:00,37.1,24.5,0.35,87.0,322.0,NaN
2024-05-24T11:00,36.7,24.0,0.00,61.0,419.0,NaN
2024-05-24T12:00,59.6,39.9,0.00,46.0,704.0,NaN
2024-05-24T13:00,50.9,33.5,0.00,40.0,640.0,NaN
2024-05-24T14:00,42.4,27.4,0.00,32.0,549.0,NaN
2024-05-24T15:00,35.6,22.6,0.00,26.0,468.0,NaN
2024-05-24T16:00,29.8,18.5,0.00,24.0,407.0,NaN
2024-05-24T17:00,25.2,15.3,0.00,23.0,355.0,NaN
2024-05-24T18:00,21.4,12.7,0.00,23.0,313.0,NaN
2024-05-24T19:00,18.7,11.0,0.00,23.0,278.0,NaN
2024-05-24T20:00,17.8,10.4,0.00,24.0,253.0,NaN
2024-05-24T21:00,18.5,10.9,0.00,24.0,251.0,NaN
2024-05-24T22:00,20.8,12.5,0.00,23.0,293.0,NaN
2024-05-24T23:00,25.3,15.9,0.15,22.0,357.0,NaN
2024-05-25T00:00,29.9,18.7,1.00,21.0,465.0,NaN
2024-05-25T01:00,22.7,13.6,2.95,32.0,398.0,NaN
2024-05-25T02:00,21.2,12.8,5.10,47.0,305.0,NaN
2024-05-25T03:00,22.2,13.7,7.50,61.0,235.0,NaN
2024-05-25T04:00,24.3,15.3,8.95,74.0,210.0,NaN
2024-05-25T05:00,27.6,17.6,9.95,87.0,209.0,NaN
2024-05-25T06:00,29.4,18.7,8.15,96.0,212.0,NaN
2024-05-25T07:00,31.0,19.7,6.30,100.0,212.0,NaN
2024-05-25T08:00,31.8,20.3,3.45,101.0,217.0,NaN
2024-05-25T09:00,30.3,19.2,1.45,96.0,233.0,NaN
2024-05-25T10:00,27.4,17.3,0.35,82.0,272.0,NaN
2024-05-25T11:00,26.2,16.6,0.00,63.0,322.0,NaN
2024-05-25T12:00,44.5,27.7,0.00,42.0,548.0,NaN
2024-05-25T13:00,37.6,23.2,0.00,38.0,510.0,NaN
2024-05-25T14:00,32.9,20.2,0.00,33.0,457.0,NaN
2024-05-25T15:00,29.1,17.8,0.00,29.0,410.0,NaN
2024-05-25T16:00,25.8,15.7,0.00,27.0,377.0,NaN
2024-05-25T17:00,23.9,14.6,0.00,25.0,350.0,NaN
2024-05-25T18:00,22.4,13.6,0.00,24.0,326.0,NaN
2024-05-25T19:00,21.4,13.1,0.00,24.0,300.0,NaN
2024-05-25T20:00,19.7,12.5,0.00,24.0,277.0,NaN
2024-05-25T21:00,18.4,11.8,0.00,24.0,269.0,NaN
2024-05-25T22:00,18.7,12.0,0.00,23.0,290.0,NaN
2024-05-25T23:00,21.2,13.9,0.10,23.0,326.0,NaN
2024-05-26T00:00,23.2,14.8,0.65,25.0,328.0,NaN
2024-05-26T01:00,24.5,15.9,2.30,32.0,318.0,NaN
2024-05-26T02:00,24.6,16.2,4.00,43.0,303.0,NaN
2024-05-26T03:00,25.2,16.8,7.20,55.0,291.0,NaN
2024-05-26T04:00,29.5,19.8,9.20,71.0,283.0,NaN
2024-05-26T05:00,36.3,24.6,9.80,88.0,278.0,NaN
2024-05-26T06:00,42.6,28.9,7.40,101.0,276.0,NaN
2024-05-26T07:00,46.8,31.7,5.80,109.0,275.0,NaN
2024-05-26T08:00,48.2,32.7,3.20,112.0,278.0,NaN
2024-05-26T09:00,46.9,31.9,1.10,108.0,295.0,NaN
2024-05-26T10:00,37.1,25.1,0.25,91.0,335.0,NaN
2024-05-26T11:00,29.9,20.1,0.00,66.0,390.0,NaN
2024-05-26T12:00,57.6,39.3,0.00,52.0,737.0,NaN
2024-05-26T13:00,47.3,32.0,0.00,43.0,684.0,NaN
2024-05-26T14:00,38.2,25.7,0.00,31.0,609.0,NaN
2024-05-26T15:00,33.1,22.1,0.00,22.0,535.0,NaN
2024-05-26T16:00,28.2,18.7,0.00,20.0,467.0,NaN
2024-05-26T17:00,23.7,15.6,0.00,21.0,400.0,NaN
2024-05-26T18:00,20.5,13.3,0.00,22.0,345.0,NaN
2024-05-26T19:00,18.7,12.1,0.00,23.0,304.0,NaN
2024-05-26T20:00,17.6,11.4,0.00,23.0,276.0,NaN
2024-05-26T21:00,17.6,11.6,0.00,24.0,265.0,NaN
2024-05-26T22:00,19.4,13.0,0.00,22.0,285.0,NaN
2024-05-26T23:00,22.1,14.8,0.10,20.0,322.0,NaN
2024-05-27T00:00,27.8,18.5,0.90,23.0,403.0,NaN
2024-05-27T01:00,26.7,17.6,2.75,38.0,374.0,NaN
2024-05-27T02:00,28.2,18.6,5.45,59.0,334.0,NaN
2024-05-27T03:00,36.0,24.1,7.45,80.0,303.0,NaN
2024-05-27T04:00,45.1,30.5,8.85,101.0,289.0,NaN
2024-05-27T05:00,53.3,36.3,8.85,122.0,285.0,NaN
2024-05-27T06:00,53.9,36.8,6.55,132.0,286.0,NaN
2024-05-27T07:00,55.2,37.6,4.20,126.0,284.0,NaN
2024-05-27T08:00,46.1,31.3,1.70,110.0,288.0,NaN
2024-05-27T09:00,39.3,26.7,0.75,94.0,315.0,NaN
2024-05-27T10:00,40.2,27.3,0.20,79.0,381.0,NaN
2024-05-27T11:00,43.9,29.9,0.00,64.0,471.0,NaN
2024-05-27T12:00,68.0,46.3,0.00,65.0,619.0,NaN
2024-05-27T13:00,73.1,49.9,0.00,54.0,668.0,NaN
2024-05-27T14:00,74.5,50.8,0.00,40.0,733.0,NaN
2024-05-27T15:00,74.5,50.8,0.00,28.0,772.0,NaN
2024-05-27T16:00,71.9,49.2,0.00,22.0,766.0,NaN
2024-05-27T17:00,64.7,44.4,0.00,19.0,733.0,NaN
2024-05-27T18:00,58.4,40.0,0.00,17.0,683.0,NaN
2024-05-27T19:00,53.8,36.9,0.00,16.0,610.0,NaN
2024-05-27T20:00,48.3,32.9,0.00,17.0,521.0,NaN
2024-05-27T21:00,38.8,26.4,0.00,18.0,447.0,NaN
2024-05-27T22:00,29.7,20.1,0.00,18.0,401.0,NaN
2024-05-27T23:00,26.1,17.6,0.15,18.0,368.0,NaN
2024-05-28T00:00,18.3,12.3,0.70,18.0,290.0,NaN
2024-05-28T01:00,18.8,12.7,1.95,21.0,304.0,NaN
2024-05-28T02:00,20.0,13.5,3.35,27.0,323.0,NaN
2024-05-28T03:00,22.4,15.1,5.70,39.0,330.0,NaN
2024-05-28T04:00,28.2,19.0,8.40,66.0,313.0,NaN
2024-05-28T05:00,36.1,24.4,9.55,100.0,285.0,NaN
2024-05-28T06:00,42.3,28.6,6.65,122.0,270.0,NaN
2024-05-28T07:00,42.8,28.7,3.55,121.0,276.0,NaN
2024-05-28T08:00,39.2,26.4,1.80,109.0,296.0,NaN
2024-05-28T09:00,39.3,26.7,0.85,94.0,334.0,NaN
2024-05-28T10:00,42.5,28.9,0.25,80.0,404.0,NaN
2024-05-28T11:00,46.7,32.0,0.00,65.0,492.0,NaN
2024-05-28T12:00,60.1,41.3,0.00,54.0,920.0,NaN
2024-05-28T13:00,66.4,45.8,0.00,41.0,1094.0,NaN
2024-05-28T14:00,76.1,52.5,0.00,23.0,1324.0,NaN
2024-05-28T15:00,86.1,59.5,0.00,11.0,1415.0,NaN
2024-05-28T16:00,85.2,58.8,0.00,13.0,1245.0,NaN
2024-05-28T17:00,67.5,46.6,0.00,21.0,938.0,NaN
2024-05-28T18:00,46.4,31.9,0.00,27.0,670.0,NaN
2024-05-28T19:00,27.8,18.9,0.00,27.0,494.0,NaN
2024-05-28T20:00,20.8,14.0,0.00,24.0,358.0,NaN
2024-05-28T21:00,20.3,13.6,0.00,21.0,281.0,NaN
2024-05-28T22:00,20.9,13.9,0.00,17.0,300.0,NaN
2024-05-28T23:00,26.0,17.5,0.10,14.0,378.0,NaN
2024-05-29T00:00,30.6,20.7,1.00,21.0,433.0,NaN
2024-05-29T01:00,31.7,21.2,2.90,31.0,402.0,NaN
2024-05-29T02:00,33.5,22.2,4.95,45.0,358.0,NaN
2024-05-29T03:00,34.9,23.3,7.50,64.0,321.0,NaN
2024-05-29T04:00,38.8,25.8,9.75,93.0,295.0,NaN
2024-05-29T05:00,45.6,30.6,10.40,126.0,276.0,NaN
2024-05-29T06:00,51.3,34.2,8.00,144.0,271.0,NaN
2024-05-29T07:00,52.2,35.0,3.80,135.0,282.0,NaN
2024-05-29T08:00,45.4,30.5,1.40,110.0,307.0,NaN
2024-05-29T09:00,39.8,27.0,0.50,85.0,345.0,NaN
2024-05-29T10:00,34.8,23.7,0.10,65.0,406.0,NaN
2024-05-29T11:00,33.9,23.4,0.00,45.0,480.0,NaN
2024-05-29T12:00,36.4,25.0,0.00,37.0,514.0,NaN
2024-05-29T13:00,38.5,26.5,0.00,30.0,544.0,NaN
2024-05-29T14:00,40.6,28.0,0.00,19.0,586.0,NaN
2024-05-29T15:00,43.9,30.3,0.00,11.0,619.0,NaN
2024-05-29T16:00,45.2,31.2,0.00,7.0,641.0,NaN
2024-05-29T17:00,45.2,31.2,0.00,4.0,654.0,NaN
2024-05-29T18:00,44.9,31.1,0.00,3.0,650.0,NaN
2024-05-29T19:00,44.6,30.9,0.00,3.0,616.0,NaN
2024-05-29T20:00,44.0,30.5,0.00,3.0,565.0,NaN
2024-05-29T21:00,39.8,27.1,0.00,6.0,520.0,NaN
2024-05-29T22:00,38.4,26.2,0.00,10.0,496.0,NaN
2024-05-29T23:00,39.3,26.6,0.15,15.0,478.0,NaN
2024-05-30T00:00,46.0,31.1,1.00,23.0,573.0,NaN
2024-05-30T01:00,39.8,26.4,2.85,39.0,499.0,NaN
2024-05-30T02:00,37.5,24.8,5.85,61.0,397.0,NaN
2024-05-30T03:00,38.3,25.4,8.05,79.0,313.0,NaN
2024-05-30T04:00,39.5,26.1,9.10,91.0,258.0,NaN
2024-05-30T05:00,38.6,25.4,6.40,99.0,222.0,NaN
2024-05-30T06:00,40.7,26.5,2.75,99.0,224.0,NaN
2024-05-30T07:00,34.1,22.7,0.65,88.0,286.0,NaN
2024-05-30T08:00,33.1,22.6,0.30,69.0,385.0,NaN
2024-05-30T09:00,38.4,26.5,0.45,53.0,471.0,NaN
2024-05-30T10:00,35.7,24.9,0.10,44.0,526.0,NaN
2024-05-30T11:00,38.1,26.6,0.00,38.0,568.0,NaN
2024-05-30T12:00,45.9,31.7,0.00,38.0,612.0,NaN
2024-05-30T13:00,47.7,33.1,0.00,30.0,685.0,NaN
2024-05-30T14:00,50.3,34.8,0.00,18.0,781.0,NaN
2024-05-30T15:00,57.2,39.8,0.00,11.0,816.0,NaN
2024-05-30T16:00,50.9,35.5,0.00,11.0,736.0,NaN
2024-05-30T17:00,39.1,27.3,0.00,15.0,596.0,NaN
2024-05-30T18:00,31.3,21.9,0.00,18.0,477.0,NaN
2024-05-30T19:00,25.6,17.9,0.00,18.0,405.0,NaN
2024-05-30T20:00,21.0,14.7,0.00,17.0,353.0,NaN
2024-05-30T21:00,18.7,13.2,0.00,17.0,327.0,NaN
2024-05-30T22:00,19.2,13.4,0.00,17.0,342.0,NaN
2024-05-30T23:00,21.7,15.1,0.15,17.0,382.0,NaN
2024-05-31T00:00,29.9,20.7,0.45,9.0,479.0,NaN
2024-05-31T01:00,31.5,21.8,2.35,18.0,431.0,NaN
2024-05-31T02:00,27.5,18.6,4.20,32.0,364.0,NaN
2024-05-31T03:00,25.6,17.0,4.70,47.0,308.0,NaN
2024-05-31T04:00,28.6,19.0,8.85,66.0,272.0,NaN
2024-05-31T05:00,32.0,21.3,9.65,88.0,246.0,NaN
2024-05-31T06:00,34.3,22.9,8.00,102.0,230.0,NaN
2024-05-31T07:00,34.3,22.8,5.50,106.0,220.0,NaN
2024-05-31T08:00,32.9,21.8,3.05,103.0,218.0,NaN
2024-05-31T09:00,31.3,20.7,1.40,95.0,234.0,NaN
2024-05-31T10:00,29.0,19.1,0.30,79.0,274.0,NaN
2024-05-31T11:00,28.5,18.8,0.00,57.0,331.0,NaN
2024-05-31T12:00,42.5,28.9,0.00,58.0,487.0,NaN
2024-05-31T13:00,42.4,29.0,0.00,49.0,526.0,NaN
2024-05-31T14:00,45.3,31.1,0.00,35.0,579.0,NaN
2024-05-31T15:00,48.8,33.5,0.00,24.0,621.0,NaN
2024-05-31T16:00,50.2,34.7,0.00,16.0,641.0,NaN
2024-05-31T17:00,50.3,34.8,0.00,10.0,649.0,NaN
2024-05-31T18:00,50.2,34.7,0.00,5.0,651.0,NaN
2024-05-31T19:00,50.2,34.7,0.00,2.0,642.0,NaN
2024-05-31T20:00,50.8,35.0,0.00,1.0,626.0,NaN
2024-05-31T21:00,51.5,35.6,0.00,2.0,623.0,NaN
2024-05-31T22:00,52.7,36.6,0.00,4.0,657.0,NaN
2024-05-31T23:00,54.4,37.6,0.10,7.0,702.0,NaN
2024-06-01T00:00,50.2,34.8,0.95,23.0,648.0,NaN
2024-06-01T01:00,44.1,30.2,2.60,34.0,574.0,NaN
2024-06-01T02:00,42.7,28.8,5.30,49.0,471.0,NaN
2024-06-01T03:00,44.7,30.2,8.20,66.0,387.0,NaN
2024-06-01T04:00,49.6,33.5,9.15,86.0,342.0,NaN
2024-06-01T05:00,52.0,35.2,8.85,108.0,316.0,NaN
2024-06-01T06:00,52.9,35.7,8.20,124.0,299.0,NaN
2024-06-01T07:00,56.8,38.5,6.05,133.0,284.0,NaN
2024-06-01T08:00,56.6,38.3,3.20,135.0,279.0,NaN
2024-06-01T09:00,53.7,36.2,0.75,129.0,296.0,NaN
2024-06-01T10:00,49.7,33.4,0.30,108.0,349.0,NaN
2024-06-01T11:00,46.2,31.2,0.00,78.0,424.0,NaN
2024-06-01T12:00,61.2,41.7,0.00,71.0,525.0,NaN
2024-06-01T13:00,59.3,40.4,0.00,60.0,547.0,NaN
2024-06-01T14:00,58.8,40.4,0.00,46.0,577.0,NaN
2024-06-01T15:00,59.8,41.3,0.00,33.0,599.0,NaN
2024-06-01T16:00,59.8,41.4,0.00,25.0,603.0,NaN
2024-06-01T17:00,58.9,40.7,0.00,20.0,600.0,NaN
2024-06-01T18:00,58.6,40.5,0.00,15.0,603.0,NaN
2024-06-01T19:00,58.3,40.5,0.00,10.0,624.0,NaN
2024-06-01T20:00,58.9,41.0,0.00,5.0,652.0,NaN
2024-06-01T21:00,60.8,42.4,0.00,4.0,668.0,NaN
2024-06-01T22:00,62.9,43.9,0.00,7.0,667.0,NaN
2024-06-01T23:00,67.8,47.3,0.15,14.0,653.0,NaN
2024-06-02T00:00,53.7,37.1,0.90,29.0,540.0,NaN
2024-06-02T01:00,49.8,34.2,2.50,41.0,482.0,NaN
2024-06-02T02:00,46.6,31.9,4.65,58.0,401.0,NaN
2024-06-02T03:00,45.2,31.1,6.55,78.0,339.0,NaN
2024-06-02T04:00,48.1,33.2,8.40,102.0,313.0,NaN
2024-06-02T05:00,54.5,37.6,8.90,127.0,304.0,NaN
2024-06-02T06:00,56.7,38.9,7.70,146.0,303.0,NaN
2024-06-02T07:00,56.8,39.0,5.35,156.0,295.0,NaN
2024-06-02T08:00,57.2,39.2,2.85,158.0,293.0,NaN
2024-06-02T09:00,59.6,41.0,1.35,149.0,327.0,NaN
2024-06-02T10:00,55.8,38.4,0.20,120.0,435.0,NaN
2024-06-02T11:00,53.6,37.1,0.00,78.0,579.0,NaN
2024-06-02T12:00,48.0,33.3,0.00,36.0,675.0,NaN
2024-06-02T13:00,52.6,36.4,0.00,27.0,810.0,NaN
2024-06-02T14:00,60.3,41.9,0.00,14.0,994.0,NaN
2024-06-02T15:00,70.8,49.1,0.00,4.0,1121.0,NaN
2024-06-02T16:00,77.3,53.7,0.00,1.0,1146.0,NaN
2024-06-02T17:00,72.4,50.3,0.00,1.0,1114.0,NaN
2024-06-02T18:00,64.0,44.5,0.00,2.0,1047.0,NaN
2024-06-02T19:00,56.2,38.9,0.00,2.0,929.0,NaN
2024-06-02T20:00,50.8,35.0,0.00,3.0,777.0,NaN
2024-06-02T21:00,47.0,32.5,0.00,7.0,666.0,NaN
2024-06-02T22:00,44.7,30.9,0.00,14.0,644.0,NaN
2024-06-02T23:00,47.6,32.8,0.15,25.0,663.0,NaN
2024-06-03T00:00,54.2,37.3,0.95,36.0,682.0,NaN
2024-06-03T01:00,55.4,38.0,2.95,59.0,599.0,NaN
2024-06-03T02:00,58.0,39.6,5.35,92.0,483.0,NaN
2024-06-03T03:00,56.8,38.1,7.75,122.0,390.0,NaN
2024-06-03T04:00,58.8,39.1,9.70,149.0,341.0,NaN
2024-06-03T05:00,59.4,39.2,9.30,173.0,314.0,NaN
2024-06-03T06:00,58.1,38.6,8.70,182.0,303.0,NaN
2024-06-03T07:00,55.6,37.3,5.10,164.0,303.0,NaN
2024-06-03T08:00,49.1,33.2,2.10,130.0,319.0,NaN
2024-06-03T09:00,46.0,31.4,0.65,100.0,359.0,NaN
2024-06-03T10:00,50.4,34.5,0.20,79.0,441.0,NaN
2024-06-03T11:00,58.4,40.3,0.00,62.0,548.0,NaN
2024-06-03T12:00,64.3,43.7,0.00,46.0,837.0,NaN
2024-06-03T13:00,70.5,48.2,0.00,36.0,904.0,NaN
2024-06-03T14:00,74.5,51.2,0.00,23.0,991.0,NaN
2024-06-03T15:00,71.0,48.8,0.00,13.0,1021.0,NaN
2024-06-03T16:00,63.6,43.5,0.00,11.0,940.0,NaN
2024-06-03T17:00,56.1,38.4,0.00,12.0,801.0,NaN
2024-06-03T18:00,50.8,34.7,0.00,12.0,684.0,NaN
2024-06-03T19:00,46.6,31.8,0.00,9.0,613.0,NaN
2024-06-03T20:00,43.5,29.7,0.00,5.0,565.0,NaN
2024-06-03T21:00,42.3,28.9,0.00,5.0,546.0,NaN
2024-06-03T22:00,43.1,29.6,0.00,8.0,583.0,NaN
2024-06-03T23:00,48.8,33.6,0.15,14.0,649.0,NaN
2024-06-04T00:00,48.2,33.2,1.00,22.0,632.0,NaN
2024-06-04T01:00,46.7,31.7,2.95,40.0,560.0,NaN
2024-06-04T02:00,47.6,32.0,5.80,65.0,460.0,NaN
2024-06-04T03:00,50.3,33.8,8.50,90.0,380.0,NaN
2024-06-04T04:00,56.8,38.4,9.65,113.0,341.0,NaN
2024-06-04T05:00,56.0,37.5,8.65,135.0,322.0,NaN
2024-06-04T06:00,56.9,37.8,6.95,151.0,312.0,NaN
2024-06-04T07:00,59.3,39.3,4.95,161.0,290.0,NaN
2024-06-04T08:00,60.8,40.3,2.90,166.0,277.0,NaN
2024-06-04T09:00,61.2,40.7,1.15,159.0,327.0,NaN
2024-06-04T10:00,67.5,45.5,0.30,132.0,508.0,NaN
2024-06-04T11:00,71.7,48.7,0.00,94.0,751.0,NaN
2024-06-04T12:00,105.9,72.6,0.00,64.0,1517.0,NaN
2024-06-04T13:00,104.1,71.5,0.00,56.0,1396.0,NaN
2024-06-04T14:00,94.5,65.0,0.00,46.0,1222.0,NaN
2024-06-04T15:00,82.9,56.7,0.00,37.0,1036.0,NaN
2024-06-04T16:00,68.2,46.4,0.00,32.0,833.0,NaN
2024-06-04T17:00,53.4,35.9,0.00,28.0,619.0,NaN
2024-06-04T18:00,40.9,26.8,0.00,24.0,451.0,NaN
2024-06-04T19:00,32.7,21.1,0.00,19.0,351.0,NaN
2024-06-04T20:00,28.7,18.2,0.00,15.0,297.0,NaN
2024-06-04T21:00,27.4,17.3,0.00,12.0,278.0,NaN
2024-06-04T22:00,27.8,17.6,0.00,10.0,314.0,NaN
2024-06-04T23:00,31.5,20.4,0.15,10.0,385.0,NaN
2024-06-05T00:00,38.3,24.3,0.90,16.0,416.0,NaN
2024-06-05T01:00,35.9,22.4,2.35,29.0,379.0,NaN
2024-06-05T02:00,34.6,21.7,4.30,47.0,327.0,NaN
2024-06-05T03:00,37.7,24.0,6.45,66.0,287.0,NaN
2024-06-05T04:00,41.9,27.2,6.80,87.0,270.0,NaN
2024-06-05T05:00,45.8,30.0,7.65,109.0,264.0,NaN
2024-06-05T06:00,48.8,31.9,6.70,121.0,266.0,NaN
2024-06-05T07:00,49.4,32.2,4.30,119.0,269.0,NaN
2024-06-05T08:00,48.5,31.8,1.75,107.0,279.0,NaN
2024-06-05T09:00,45.2,29.9,0.80,93.0,311.0,NaN
2024-06-05T10:00,42.4,28.4,0.15,76.0,378.0,NaN
2024-06-05T11:00,42.6,28.7,0.00,57.0,467.0,NaN
2024-06-05T12:00,61.0,41.3,0.00,53.0,701.0,NaN
2024-06-05T13:00,64.0,43.4,0.00,45.0,745.0,NaN
2024-06-05T14:00,67.1,45.6,0.00,33.0,806.0,NaN
2024-06-05T15:00,74.7,50.9,0.00,23.0,856.0,NaN
2024-06-05T16:00,79.4,54.2,0.00,15.0,892.0,NaN
2024-06-05T17:00,77.5,53.0,0.00,9.0,916.0,NaN
2024-06-05T18:00,72.4,49.4,0.00,4.0,906.0,NaN
2024-06-05T19:00,65.9,45.1,0.00,1.0,835.0,NaN
2024-06-05T20:00,58.6,40.0,0.00,0.0,729.0,NaN
2024-06-05T21:00,45.8,31.1,0.00,2.0,644.0,NaN
2024-06-05T22:00,40.5,27.4,0.00,6.0,615.0,NaN
2024-06-05T23:00,41.4,28.0,0.15,12.0,607.0,NaN
2024-06-06T00:00,32.1,21.3,0.85,22.0,417.0,NaN
2024-06-06T01:00,33.1,21.8,2.50,35.0,383.0,NaN
2024-06-06T02:00,34.1,22.6,5.25,53.0,335.0,NaN
2024-06-06T03:00,35.0,23.3,7.25,72.0,294.0,NaN
2024-06-06T04:00,38.1,25.0,8.70,91.0,266.0,NaN
2024-06-06T05:00,38.4,24.9,9.50,109.0,245.0,NaN
2024-06-06T06:00,39.9,25.8,7.95,123.0,235.0,NaN
2024-06-06T07:00,39.5,25.4,5.75,131.0,221.0,NaN
2024-06-06T08:00,41.8,27.0,3.30,134.0,218.0,NaN
2024-06-06T09:00,44.7,29.3,1.15,127.0,274.0,NaN
2024-06-06T10:00,48.9,32.6,0.20,104.0,446.0,NaN
2024-06-06T11:00,54.8,37.1,0.00,71.0,677.0,NaN
2024-06-06T12:00,73.3,49.7,0.00,40.0,1160.0,NaN
2024-06-06T13:00,95.2,65.0,0.00,28.0,1503.0,NaN
2024-06-06T14:00,111.5,76.4,0.00,12.0,1957.0,NaN
2024-06-06T15:00,120.6,82.9,0.00,1.0,2163.0,NaN
2024-06-06T16:00,110.6,75.7,0.00,2.0,1893.0,NaN
2024-06-06T17:00,84.8,57.4,0.00,9.0,1375.0,NaN
2024-06-06T18:00,62.2,41.2,0.00,14.0,928.0,NaN
2024-06-06T19:00,45.3,29.3,0.00,14.0,659.0,NaN
2024-06-06T20:00,33.5,21.2,0.00,12.0,462.0,NaN
2024-06-06T21:00,26.2,16.2,0.00,11.0,333.0,NaN
2024-06-06T22:00,23.1,14.3,0.00,10.0,300.0,NaN
2024-06-06T23:00,23.5,14.8,0.10,9.0,335.0,NaN
2024-06-07T00:00,39.0,25.3,0.65,11.0,427.0,NaN
2024-06-07T01:00,39.0,25.1,2.20,21.0,398.0,NaN
2024-06-07T02:00,37.4,23.7,4.00,36.0,358.0,NaN
2024-06-07T03:00,36.7,23.2,5.80,54.0,324.0,NaN
2024-06-07T04:00,41.0,26.2,7.60,80.0,301.0,NaN
2024-06-07T05:00,46.4,30.0,8.25,110.0,283.0,NaN
2024-06-07T06:00,46.9,30.3,7.00,131.0,273.0,NaN
2024-06-07T07:00,47.0,30.6,4.75,139.0,251.0,NaN
2024-06-07T08:00,48.3,31.8,3.05,138.0,237.0,NaN
2024-06-07T09:00,44.1,29.2,1.20,128.0,290.0,NaN
2024-06-07T10:00,40.4,26.8,0.20,102.0,478.0,NaN
2024-06-07T11:00,51.0,34.7,0.00,66.0,734.0,NaN
2024-06-07T12:00,54.5,37.7,0.00,28.0,913.0,NaN
2024-06-07T13:00,65.2,45.3,0.00,20.0,1061.0,NaN
2024-06-07T14:00,73.1,50.6,0.00,10.0,1263.0,NaN
2024-06-07T15:00,80.8,56.1,0.00,2.0,1403.0,NaN
2024-06-07T16:00,83.8,58.2,0.00,0.0,1419.0,NaN
2024-06-07T17:00,81.0,56.2,0.00,0.0,1373.0,NaN
2024-06-07T18:00,77.3,53.6,0.00,1.0,1329.0,NaN
2024-06-07T19:00,76.4,52.9,0.00,0.0,1325.0,NaN
2024-06-07T20:00,75.2,52.2,0.00,0.0,1324.0,NaN
2024-06-07T21:00,74.7,51.8,0.00,0.0,1280.0,NaN
2024-06-07T22:00,72.9,50.4,0.00,9.0,1167.0,NaN
2024-06-07T23:00,73.1,50.5,0.15,23.0,1011.0,NaN
2024-06-08T00:00,64.7,43.9,0.85,38.0,908.0,NaN
2024-06-08T01:00,51.2,33.9,2.20,50.0,747.0,NaN
2024-06-08T02:00,44.1,28.7,4.40,67.0,524.0,NaN
2024-06-08T03:00,42.3,27.5,5.75,84.0,357.0,NaN
2024-06-08T04:00,45.9,30.0,6.10,100.0,301.0,NaN
2024-06-08T05:00,46.8,30.6,5.50,115.0,300.0,NaN
2024-06-08T06:00,49.2,32.4,5.75,125.0,308.0,NaN
2024-06-08T07:00,52.0,34.2,4.90,130.0,307.0,NaN
2024-06-08T08:00,52.3,34.2,2.40,130.0,314.0,NaN
2024-06-08T09:00,55.4,36.6,0.95,122.0,336.0,NaN
2024-06-08T10:00,51.1,34.6,0.15,100.0,380.0,NaN
2024-06-08T11:00,41.4,28.4,0.00,69.0,438.0,NaN
2024-06-08T12:00,35.6,24.2,0.00,35.0,470.0,NaN
2024-06-08T13:00,41.3,28.5,0.00,28.0,512.0,NaN
2024-06-08T14:00,43.3,30.0,0.00,18.0,571.0,NaN
2024-06-08T15:00,46.2,32.0,0.00,10.0,618.0,NaN
2024-06-08T16:00,48.1,33.4,0.00,6.0,643.0,NaN
2024-06-08T17:00,48.7,33.8,0.00,4.0,656.0,NaN
2024-06-08T18:00,49.2,34.2,0.00,3.0,664.0,NaN
2024-06-08T19:00,49.6,34.3,0.00,1.0,669.0,NaN
2024-06-08T20:00,50.9,35.2,0.00,0.0,669.0,NaN
2024-06-08T21:00,51.9,35.5,0.00,2.0,661.0,NaN
2024-06-08T22:00,53.0,36.0,0.00,7.0,649.0,NaN
2024-06-08T23:00,57.3,38.6,0.15,14.0,629.0,NaN
2024-06-09T00:00,50.1,32.9,0.95,18.0,598.0,NaN
2024-06-09T01:00,45.9,28.9,2.45,31.0,531.0,NaN
2024-06-09T02:00,45.8,28.7,3.95,50.0,438.0,NaN
2024-06-09T03:00,44.0,28.1,6.45,67.0,360.0,NaN
2024-06-09T04:00,43.2,27.9,6.75,84.0,309.0,NaN
2024-06-09T05:00,47.3,30.0,6.35,99.0,272.0,NaN
2024-06-09T06:00,39.8,25.6,5.30,106.0,253.0,NaN
2024-06-09T07:00,34.1,22.3,2.55,100.0,252.0,NaN
2024-06-09T08:00,34.2,23.1,0.90,85.0,270.0,NaN
2024-06-09T09:00,32.4,22.2,0.40,70.0,306.0,NaN
2024-06-09T10:00,29.1,20.4,0.05,56.0,378.0,NaN
2024-06-09T11:00,32.9,23.2,0.00,41.0,470.0,NaN
2024-06-09T12:00,33.2,23.1,0.00,32.0,521.0,NaN
2024-06-09T13:00,32.6,22.7,0.00,27.0,535.0,NaN
2024-06-09T14:00,33.8,23.5,0.00,20.0,553.0,NaN
2024-06-09T15:00,34.2,23.8,0.00,14.0,556.0,NaN
2024-06-09T16:00,32.0,22.2,0.00,11.0,533.0,NaN
2024-06-09T17:00,29.5,20.4,0.00,10.0,495.0,NaN
2024-06-09T18:00,28.5,19.6,0.00,9.0,455.0,NaN
2024-06-09T19:00,27.1,18.6,0.00,8.0,415.0,NaN
2024-06-09T20:00,25.6,17.3,0.00,7.0,375.0,NaN
2024-06-09T21:00,24.9,16.7,0.00,8.0,343.0,NaN
2024-06-09T22:00,25.1,16.6,0.00,10.0,328.0,NaN
2024-06-09T23:00,27.7,18.5,0.15,14.0,321.0,NaN
2024-06-10T00:00,34.3,22.5,0.95,15.0,442.0,NaN
2024-06-10T01:00,33.9,21.3,2.50,29.0,398.0,NaN
2024-06-10T02:00,34.8,21.8,5.25,49.0,337.0,NaN
2024-06-10T03:00,36.8,23.5,7.05,67.0,287.0,NaN
2024-06-10T04:00,37.1,23.9,8.15,83.0,254.0,NaN
2024-06-10T05:00,34.0,21.4,6.20,96.0,233.0,NaN
2024-06-10T06:00,38.4,24.9,4.05,101.0,234.0,NaN
2024-06-10T07:00,32.2,21.4,2.40,90.0,262.0,NaN
2024-06-10T08:00,26.4,18.0,0.40,71.0,312.0,NaN
2024-06-10T09:00,30.3,21.0,0.55,54.0,379.0,NaN
2024-06-10T10:00,35.9,25.0,0.25,46.0,469.0,NaN
2024-06-10T11:00,44.0,30.7,0.00,41.0,575.0,NaN
2024-06-10T12:00,50.9,35.4,0.00,45.0,665.0,NaN
2024-06-10T13:00,55.3,38.5,0.00,37.0,730.0,NaN
2024-06-10T14:00,56.9,39.6,0.00,25.0,819.0,NaN
2024-06-10T15:00,59.1,41.2,0.00,15.0,869.0,NaN
2024-06-10T16:00,59.8,41.7,0.00,10.0,849.0,NaN
2024-06-10T17:00,52.4,36.4,0.00,6.0,790.0,NaN
2024-06-10T18:00,48.1,33.5,0.00,4.0,733.0,NaN
2024-06-10T19:00,44.5,31.0,0.00,2.0,681.0,NaN
2024-06-10T20:00,42.5,29.5,0.00,1.0,630.0,NaN
2024-06-10T21:00,41.6,28.8,0.00,2.0,605.0,NaN
2024-06-10T22:00,42.8,29.6,0.00,5.0,642.0,NaN
2024-06-10T23:00,48.3,33.3,0.15,11.0,704.0,NaN
2024-06-11T00:00,37.5,25.7,1.05,19.0,641.0,NaN
2024-06-11T01:00,33.8,22.2,3.10,32.0,533.0,NaN
2024-06-11T02:00,34.7,22.1,5.90,51.0,385.0,NaN
2024-06-11T03:00,35.2,21.8,7.60,70.0,272.0,NaN
2024-06-11T04:00,37.0,22.8,9.65,92.0,229.0,NaN
2024-06-11T05:00,37.8,23.0,9.00,115.0,221.0,NaN
2024-06-11T06:00,39.2,23.5,8.95,129.0,223.0,NaN
2024-06-11T07:00,41.0,25.0,5.90,128.0,218.0,NaN
2024-06-11T08:00,40.6,25.2,3.15,117.0,222.0,NaN
2024-06-11T09:00,37.3,24.0,0.80,102.0,259.0,NaN
2024-06-11T10:00,34.6,22.9,0.20,83.0,354.0,NaN
2024-06-11T11:00,38.2,25.6,0.00,61.0,481.0,NaN
2024-06-11T12:00,55.3,36.9,0.00,54.0,727.0,NaN
2024-06-11T13:00,59.3,40.2,0.00,44.0,777.0,NaN
2024-06-11T14:00,59.8,40.7,0.00,31.0,841.0,NaN
2024-06-11T15:00,58.3,39.8,0.00,20.0,856.0,NaN
2024-06-11T16:00,53.1,36.2,0.00,15.0,781.0,NaN
2024-06-11T17:00,45.9,31.2,0.00,13.0,658.0,NaN
2024-06-11T18:00,39.2,26.6,0.00,12.0,547.0,NaN
2024-06-11T19:00,33.5,22.6,0.00,10.0,463.0,NaN
2024-06-11T20:00,29.2,19.6,0.00,8.0,392.0,NaN
2024-06-11T21:00,26.4,17.8,0.00,8.0,351.0,NaN
2024-06-11T22:00,25.3,17.1,0.00,9.0,365.0,NaN
2024-06-11T23:00,26.8,18.4,0.15,13.0,409.0,NaN
2024-06-12T00:00,28.4,19.6,1.05,19.0,441.0,NaN
2024-06-12T01:00,26.6,18.2,3.20,31.0,396.0,NaN
2024-06-12T02:00,24.4,16.8,5.80,49.0,333.0,NaN
2024-06-12T03:00,24.8,17.1,7.95,66.0,281.0,NaN
2024-06-12T04:00,27.0,18.7,9.50,82.0,248.0,NaN
2024-06-12T05:00,26.6,18.2,9.90,97.0,225.0,NaN
2024-06-12T06:00,27.0,18.2,8.20,108.0,214.0,NaN
2024-06-12T07:00,29.3,19.6,7.05,113.0,215.0,NaN
2024-06-12T08:00,31.4,20.7,3.75,112.0,227.0,NaN
2024-06-12T09:00,31.9,21.1,1.35,107.0,253.0,NaN
2024-06-12T10:00,35.2,23.6,0.30,94.0,297.0,NaN
2024-06-12T11:00,36.2,24.7,0.00,75.0,355.0,NaN
2024-06-12T12:00,32.9,22.5,0.00,58.0,412.0,NaN
2024-06-12T13:00,33.3,22.8,0.00,44.0,470.0,NaN
2024-06-12T14:00,36.9,25.3,0.00,31.0,527.0,NaN
2024-06-12T15:00,38.9,26.8,0.00,21.0,567.0,NaN
2024-06-12T16:00,41.0,28.3,0.00,15.0,582.0,NaN
2024-06-12T17:00,40.7,28.2,0.00,11.0,580.0,NaN
2024-06-12T18:00,39.3,27.1,0.00,9.0,570.0,NaN
2024-06-12T19:00,38.2,26.3,0.00,6.0,551.0,NaN
2024-06-12T20:00,37.3,25.6,0.00,4.0,524.0,NaN
2024-06-12T21:00,36.6,25.1,0.00,5.0,497.0,NaN
2024-06-12T22:00,36.4,25.0,0.00,8.0,475.0,NaN
2024-06-12T23:00,37.3,25.6,0.15,14.0,454.0,NaN
2024-06-13T00:00,31.0,21.1,0.90,23.0,426.0,NaN
2024-06-13T01:00,27.9,18.8,2.70,38.0,383.0,NaN
2024-06-13T02:00,26.4,17.7,5.55,57.0,333.0,NaN
2024-06-13T03:00,28.0,18.9,8.00,74.0,293.0,NaN
2024-06-13T04:00,31.3,21.3,9.25,88.0,267.0,NaN
2024-06-13T05:00,31.3,21.1,7.15,101.0,251.0,NaN
2024-06-13T06:00,31.8,21.1,6.15,111.0,246.0,NaN
2024-06-13T07:00,36.3,24.2,4.90,120.0,250.0,NaN
2024-06-13T08:00,39.5,26.4,3.25,125.0,264.0,NaN
2024-06-13T09:00,41.0,27.7,1.45,121.0,300.0,NaN
2024-06-13T10:00,36.7,25.0,0.20,98.0,374.0,NaN
2024-06-13T11:00,31.1,21.5,0.00,65.0,469.0,NaN
2024-06-13T12:00,41.8,28.8,0.00,41.0,615.0,NaN
2024-06-13T13:00,45.2,31.2,0.00,33.0,646.0,NaN
2024-06-13T14:00,48.3,33.3,0.00,23.0,686.0,NaN
2024-06-13T15:00,46.7,32.4,0.00,15.0,701.0,NaN
2024-06-13T16:00,44.2,30.7,0.00,12.0,671.0,NaN
2024-06-13T17:00,40.9,28.4,0.00,11.0,617.0,NaN
2024-06-13T18:00,37.7,26.1,0.00,10.0,561.0,NaN
2024-06-13T19:00,34.2,23.6,0.00,8.0,505.0,NaN
2024-06-13T20:00,31.5,21.7,0.00,6.0,448.0,NaN
2024-06-13T21:00,29.7,20.3,0.00,6.0,413.0,NaN
2024-06-13T22:00,29.9,20.4,0.00,7.0,422.0,NaN
2024-06-13T23:00,32.7,22.3,0.15,11.0,454.0,NaN
2024-06-14T00:00,42.1,28.5,0.95,17.0,480.0,NaN
2024-06-14T01:00,39.9,26.4,2.85,30.0,447.0,NaN
2024-06-14T02:00,40.7,26.6,5.30,49.0,400.0,NaN
2024-06-14T03:00,42.4,27.6,6.95,70.0,361.0,NaN
2024-06-14T04:00,46.8,30.6,8.55,97.0,335.0,NaN
2024-06-14T05:00,48.8,31.1,9.10,127.0,316.0,NaN
2024-06-14T06:00,48.9,31.5,7.70,148.0,304.0,NaN
2024-06-14T07:00,49.1,32.1,5.45,157.0,293.0,NaN
2024-06-14T08:00,47.0,31.0,3.25,156.0,291.0,NaN
2024-06-14T09:00,47.1,31.2,1.30,146.0,316.0,NaN
2024-06-14T10:00,50.1,33.6,0.20,121.0,384.0,NaN
2024-06-14T11:00,47.4,32.4,0.00,86.0,480.0,NaN
2024-06-14T12:00,78.5,53.2,0.00,57.0,1103.0,NaN
2024-06-14T13:00,78.5,53.4,0.00,48.0,1106.0,NaN
2024-06-14T14:00,78.0,53.3,0.00,34.0,1103.0,NaN
2024-06-14T15:00,71.2,48.7,0.00,24.0,1036.0,NaN
2024-06-14T16:00,55.2,37.6,0.00,20.0,849.0,NaN
2024-06-14T17:00,37.5,25.3,0.00,18.0,600.0,NaN
2024-06-14T18:00,25.6,17.2,0.00,16.0,406.0,NaN
2024-06-14T19:00,20.2,13.6,0.00,12.0,321.0,NaN
2024-06-14T20:00,18.5,12.5,0.00,9.0,292.0,NaN
2024-06-14T21:00,18.6,12.6,0.00,7.0,280.0,NaN
2024-06-14T22:00,19.4,13.2,0.00,8.0,279.0,NaN
2024-06-14T23:00,19.7,13.4,0.05,12.0,294.0,NaN
2024-06-15T00:00,20.9,14.6,0.85,16.0,353.0,NaN
2024-06-15T01:00,23.6,16.2,2.80,28.0,335.0,NaN
2024-06-15T02:00,24.3,16.7,4.95,45.0,310.0,NaN
2024-06-15T03:00,26.3,18.0,6.90,65.0,290.0,NaN
2024-06-15T04:00,28.5,19.3,9.05,87.0,277.0,NaN
2024-06-15T05:00,29.3,19.8,9.60,111.0,268.0,NaN
2024-06-15T06:00,32.8,22.3,9.25,133.0,270.0,NaN
2024-06-15T07:00,38.6,26.3,6.75,157.0,285.0,NaN
2024-06-15T08:00,43.2,29.5,3.60,179.0,311.0,NaN
2024-06-15T09:00,47.0,32.0,1.35,185.0,340.0,NaN
2024-06-15T10:00,54.0,36.8,0.25,163.0,378.0,NaN
2024-06-15T11:00,59.0,40.4,0.00,124.0,420.0,NaN
2024-06-15T12:00,64.3,44.1,0.00,78.0,685.0,NaN
2024-06-15T13:00,47.4,32.8,0.00,69.0,589.0,NaN
2024-06-15T14:00,37.8,26.4,0.00,56.0,458.0,NaN
2024-06-15T15:00,35.7,24.8,0.00,44.0,367.0,NaN
2024-06-15T16:00,36.0,25.0,0.00,34.0,356.0,NaN
2024-06-15T17:00,35.5,24.6,0.00,25.0,385.0,NaN
2024-06-15T18:00,35.7,24.8,0.00,18.0,411.0,NaN
2024-06-15T19:00,37.0,25.6,0.00,12.0,417.0,NaN
2024-06-15T20:00,37.8,26.1,0.00,6.0,418.0,NaN
2024-06-15T21:00,38.2,26.3,0.00,4.0,422.0,NaN
2024-06-15T22:00,38.0,26.1,0.00,4.0,434.0,NaN
2024-06-15T23:00,38.3,26.3,0.15,8.0,448.0,NaN
2024-06-16T00:00,32.2,22.4,0.95,14.0,474.0,NaN
2024-06-16T01:00,28.6,19.8,2.90,25.0,436.0,NaN
2024-06-16T02:00,27.3,18.7,5.75,40.0,384.0,NaN
2024-06-16T03:00,33.4,22.9,8.95,59.0,344.0,NaN
2024-06-16T04:00,40.2,27.3,11.05,84.0,328.0,NaN
2024-06-16T05:00,44.1,29.5,11.30,113.0,323.0,NaN
2024-06-16T06:00,46.1,30.9,9.65,132.0,322.0,NaN
2024-06-16T07:00,47.5,31.8,6.65,136.0,318.0,NaN
2024-06-16T08:00,48.5,32.5,2.90,132.0,318.0,NaN
2024-06-16T09:00,47.7,32.1,1.20,121.0,329.0,NaN
2024-06-16T10:00,50.6,34.5,0.35,103.0,362.0,NaN
2024-06-16T11:00,49.4,33.6,0.00,78.0,407.0,NaN
2024-06-16T12:00,43.7,29.8,0.00,78.0,404.0,NaN
2024-06-16T13:00,39.3,27.2,0.00,65.0,416.0,NaN
2024-06-16T14:00,36.8,25.7,0.00,47.0,432.0,NaN
2024-06-16T15:00,37.3,26.1,0.00,31.0,442.0,NaN
2024-06-16T16:00,36.8,25.7,0.00,21.0,442.0,NaN
2024-06-16T17:00,34.0,23.9,0.00,13.0,436.0,NaN
2024-06-16T18:00,30.3,21.2,0.00,8.0,422.0,NaN
2024-06-16T19:00,25.3,17.8,0.00,4.0,393.0,NaN
2024-06-16T20:00,21.6,15.2,0.00,2.0,355.0,NaN
2024-06-16T21:00,20.2,14.1,0.00,3.0,326.0,NaN
2024-06-16T22:00,19.0,13.4,0.00,6.0,314.0,NaN
2024-06-16T23:00,20.3,14.3,0.10,11.0,309.0,NaN
2024-06-17T00:00,11.6,8.1,0.85,18.0,298.0,NaN
2024-06-17T01:00,13.7,9.6,2.70,28.0,295.0,NaN
2024-06-17T02:00,14.8,10.3,5.10,42.0,291.0,NaN
2024-06-17T03:00,19.5,13.6,7.95,58.0,282.0,NaN
2024-06-17T04:00,24.2,16.8,10.00,80.0,264.0,NaN
2024-06-17T05:00,26.8,18.6,10.45,105.0,243.0,NaN
2024-06-17T06:00,27.9,19.1,8.60,118.0,230.0,NaN
2024-06-17T07:00,28.0,19.0,4.75,112.0,226.0,NaN
2024-06-17T08:00,28.2,19.1,2.20,96.0,231.0,NaN
2024-06-17T09:00,28.1,19.2,0.80,78.0,257.0,NaN
2024-06-17T10:00,23.8,16.4,0.05,61.0,319.0,NaN
2024-06-17T11:00,25.1,17.5,0.00,44.0,403.0,NaN
2024-06-17T12:00,42.0,28.8,0.00,62.0,428.0,NaN
2024-06-17T13:00,41.0,28.2,0.00,51.0,444.0,NaN
2024-06-17T14:00,38.5,26.6,0.00,36.0,465.0,NaN
2024-06-17T15:00,36.4,25.2,0.00,24.0,471.0,NaN
2024-06-17T16:00,33.8,23.3,0.00,18.0,447.0,NaN
2024-06-17T17:00,30.3,20.8,0.00,15.0,408.0,NaN
2024-06-17T18:00,28.0,19.4,0.00,13.0,375.0,NaN
2024-06-17T19:00,26.7,18.5,0.00,9.0,357.0,NaN
2024-06-17T20:00,26.0,18.0,0.00,6.0,345.0,NaN
2024-06-17T21:00,25.3,17.6,0.00,5.0,333.0,NaN
2024-06-17T22:00,24.9,17.3,0.00,7.0,320.0,NaN
2024-06-17T23:00,26.5,18.5,0.15,12.0,308.0,NaN
2024-06-18T00:00,17.4,12.2,1.00,19.0,311.0,NaN
2024-06-18T01:00,16.1,11.2,2.75,29.0,299.0,NaN
2024-06-18T02:00,18.2,12.6,5.35,44.0,281.0,NaN
2024-06-18T03:00,21.8,15.1,8.35,61.0,265.0,NaN
2024-06-18T04:00,24.9,17.2,10.00,82.0,251.0,NaN
2024-06-18T05:00,26.1,17.8,10.10,106.0,239.0,NaN
2024-06-18T06:00,28.8,19.4,9.10,120.0,232.0,NaN
2024-06-18T07:00,31.7,21.5,6.00,120.0,225.0,NaN
2024-06-18T08:00,31.8,21.6,3.20,110.0,223.0,NaN
2024-06-18T09:00,29.5,20.1,0.85,97.0,249.0,NaN
2024-06-18T10:00,27.0,18.7,0.15,79.0,327.0,NaN
2024-06-18T11:00,30.2,21.1,0.00,56.0,434.0,NaN
2024-06-18T12:00,28.8,20.0,0.00,45.0,394.0,NaN
2024-06-18T13:00,30.4,21.2,0.00,37.0,440.0,NaN
2024-06-18T14:00,33.1,23.2,0.00,27.0,502.0,NaN
2024-06-18T15:00,37.6,26.2,0.00,18.0,543.0,NaN
2024-06-18T16:00,40.3,28.1,0.00,14.0,544.0,NaN
2024-06-18T17:00,41.2,28.7,0.00,11.0,524.0,NaN
2024-06-18T18:00,34.2,23.8,0.00,9.0,496.0,NaN
2024-06-18T19:00,30.7,21.4,0.00,6.0,464.0,NaN
2024-06-18T20:00,28.6,19.9,0.00,4.0,425.0,NaN
2024-06-18T21:00,27.4,19.0,0.00,4.0,387.0,NaN
2024-06-18T22:00,26.4,18.3,0.00,7.0,351.0,NaN
2024-06-18T23:00,26.1,18.0,0.15,13.0,316.0,NaN
2024-06-19T00:00,29.7,20.4,0.85,14.0,389.0,NaN
2024-06-19T01:00,28.3,19.2,2.55,27.0,354.0,NaN
2024-06-19T02:00,27.1,18.2,4.90,45.0,306.0,NaN
2024-06-19T03:00,27.5,18.5,7.45,63.0,265.0,NaN
2024-06-19T04:00,28.7,19.2,9.45,80.0,239.0,NaN
2024-06-19T05:00,28.9,18.9,9.45,97.0,220.0,NaN
2024-06-19T06:00,29.6,19.3,8.70,106.0,212.0,NaN
2024-06-19T07:00,30.6,20.1,6.70,104.0,209.0,NaN
2024-06-19T08:00,30.9,20.3,3.45,93.0,216.0,NaN
2024-06-19T09:00,28.5,19.3,0.50,80.0,250.0,NaN
2024-06-19T10:00,25.5,17.6,0.10,62.0,335.0,NaN
2024-06-19T11:00,29.0,20.3,0.00,41.0,447.0,NaN
2024-06-19T12:00,33.5,23.2,0.00,32.0,486.0,NaN
2024-06-19T13:00,35.9,25.0,0.00,25.0,525.0,NaN
2024-06-19T14:00,39.2,27.3,0.00,15.0,577.0,NaN
2024-06-19T15:00,38.2,26.5,0.00,8.0,598.0,NaN
2024-06-19T16:00,35.7,24.9,0.00,6.0,560.0,NaN
2024-06-19T17:00,30.2,21.0,0.00,6.0,492.0,NaN
2024-06-19T18:00,25.3,17.6,0.00,6.0,431.0,NaN
2024-06-19T19:00,22.4,15.6,0.00,5.0,390.0,NaN
2024-06-19T20:00,20.9,14.6,0.00,4.0,356.0,NaN
2024-06-19T21:00,19.9,13.8,0.00,4.0,333.0,NaN
2024-06-19T22:00,20.3,14.0,0.00,6.0,326.0,NaN
2024-06-19T23:00,22.4,15.4,0.10,9.0,329.0,NaN
2024-06-20T00:00,26.8,18.5,0.30,5.0,477.0,NaN
2024-06-20T01:00,23.8,16.2,1.60,13.0,433.0,NaN
2024-06-20T02:00,21.8,15.0,3.85,25.0,373.0,NaN
2024-06-20T03:00,21.6,14.8,5.85,40.0,321.0,NaN
2024-06-20T04:00,23.3,16.1,7.75,60.0,286.0,NaN
2024-06-20T05:00,27.4,18.9,6.70,84.0,260.0,NaN
2024-06-20T06:00,31.0,21.3,5.90,98.0,248.0,NaN
2024-06-20T07:00,33.9,23.0,4.10,99.0,251.0,NaN
2024-06-20T08:00,35.7,24.1,1.75,91.0,268.0,NaN
2024-06-20T09:00,34.7,23.7,0.50,79.0,301.0,NaN
2024-06-20T10:00,32.2,22.3,0.10,61.0,358.0,NaN
2024-06-20T11:00,31.0,21.7,0.00,40.0,432.0,NaN
2024-06-20T12:00,45.8,31.8,0.00,47.0,559.0,NaN
2024-06-20T13:00,44.9,31.4,0.00,38.0,583.0,NaN
2024-06-20T14:00,43.5,30.5,0.00,26.0,617.0,NaN
2024-06-20T15:00,44.9,31.5,0.00,16.0,641.0,NaN
2024-06-20T16:00,45.5,31.9,0.00,10.0,653.0,NaN
2024-06-20T17:00,44.9,31.5,0.00,6.0,657.0,NaN
2024-06-20T18:00,43.5,30.6,0.00,4.0,639.0,NaN
2024-06-20T19:00,40.6,28.6,0.00,3.0,582.0,NaN
2024-06-20T20:00,36.0,25.2,0.00,4.0,505.0,NaN
2024-06-20T21:00,32.0,22.4,0.00,6.0,450.0,NaN
2024-06-20T22:00,29.9,20.9,0.00,9.0,444.0,NaN
2024-06-20T23:00,31.8,22.1,0.15,14.0,461.0,NaN
2024-06-21T00:00,29.8,20.7,0.90,22.0,420.0,NaN
2024-06-21T01:00,28.7,19.7,2.60,31.0,396.0,NaN
2024-06-21T02:00,30.5,20.8,5.65,45.0,362.0,NaN
2024-06-21T03:00,31.3,21.2,4.70,61.0,332.0,NaN
2024-06-21T04:00,33.3,22.6,6.80,83.0,308.0,NaN
2024-06-21T05:00,36.8,25.0,8.70,107.0,287.0,NaN
2024-06-21T06:00,36.1,24.2,7.60,120.0,275.0,NaN
2024-06-21T07:00,36.2,24.3,4.40,116.0,270.0,NaN
2024-06-21T08:00,34.3,23.2,1.80,101.0,274.0,NaN
2024-06-21T09:00,31.1,21.1,0.40,84.0,296.0,NaN
2024-06-21T10:00,27.9,19.3,0.10,65.0,348.0,NaN
2024-06-21T11:00,26.4,18.4,0.00,43.0,419.0,NaN
2024-06-21T12:00,27.7,19.4,0.00,20.0,502.0,NaN
2024-06-21T13:00,29.6,20.7,0.00,16.0,512.0,NaN
2024-06-21T14:00,30.5,21.3,0.00,10.0,524.0,NaN
2024-06-21T15:00,29.6,20.5,0.00,6.0,510.0,NaN
2024-06-21T16:00,25.1,17.4,0.00,6.0,449.0,NaN
2024-06-21T17:00,19.7,13.6,0.00,8.0,362.0,NaN
2024-06-21T18:00,17.2,11.7,0.00,9.0,294.0,NaN
2024-06-21T19:00,16.9,11.5,0.00,8.0,263.0,NaN
2024-06-21T20:00,16.8,11.3,0.00,5.0,250.0,NaN
2024-06-21T21:00,16.7,11.1,0.00,5.0,242.0,NaN
2024-06-21T22:00,15.5,10.3,0.00,7.0,234.0,NaN
2024-06-21T23:00,14.1,9.5,0.05,11.0,230.0,NaN
2024-06-22T00:00,15.7,10.8,0.80,11.0,280.0,NaN
2024-06-22T01:00,14.7,10.1,1.75,19.0,280.0,NaN
2024-06-22T02:00,14.9,10.4,3.45,31.0,280.0,NaN
2024-06-22T03:00,16.8,11.7,5.45,42.0,275.0,NaN
2024-06-22T04:00,19.2,13.2,5.10,51.0,259.0,NaN
2024-06-22T05:00,19.6,13.5,3.55,58.0,238.0,NaN
2024-06-22T06:00,18.3,12.6,1.55,61.0,229.0,NaN
2024-06-22T07:00,15.4,10.6,0.80,58.0,240.0,NaN
2024-06-22T08:00,18.7,13.0,1.05,52.0,263.0,NaN
2024-06-22T09:00,18.8,13.0,0.45,45.0,284.0,NaN
2024-06-22T10:00,18.9,13.1,0.20,38.0,303.0,NaN
2024-06-22T11:00,19.1,13.2,0.00,30.0,321.0,NaN
2024-06-22T12:00,17.6,12.1,0.00,22.0,331.0,NaN
2024-06-22T13:00,18.0,12.4,0.00,20.0,328.0,NaN
2024-06-22T14:00,17.6,12.1,0.00,16.0,322.0,NaN
2024-06-22T15:00,17.9,12.4,0.00,14.0,311.0,NaN
2024-06-22T16:00,17.3,11.9,0.00,13.0,291.0,NaN
2024-06-22T17:00,15.0,10.4,0.00,14.0,266.0,NaN
2024-06-22T18:00,14.0,9.7,0.00,14.0,244.0,NaN
2024-06-22T19:00,13.4,9.2,0.00,14.0,224.0,NaN
2024-06-22T20:00,13.0,8.9,0.00,14.0,207.0,NaN
2024-06-22T21:00,12.5,8.6,0.00,14.0,200.0,NaN
2024-06-22T22:00,11.8,8.1,0.00,14.0,210.0,NaN
2024-06-22T23:00,11.3,7.8,0.10,15.0,231.0,NaN
2024-06-23T00:00,15.7,10.9,0.80,15.0,280.0,NaN
2024-06-23T01:00,13.5,9.3,2.15,23.0,280.0,NaN
2024-06-23T02:00,16.1,11.2,3.65,36.0,279.0,NaN
2024-06-23T03:00,17.8,12.4,6.35,49.0,275.0,NaN
2024-06-23T04:00,19.2,13.3,7.50,66.0,262.0,NaN
2024-06-23T05:00,22.3,15.5,5.20,84.0,247.0,NaN
2024-06-23T06:00,26.3,18.3,8.10,95.0,244.0,NaN
2024-06-23T07:00,26.3,18.2,2.45,93.0,258.0,NaN
2024-06-23T08:00,23.3,16.1,1.00,84.0,285.0,NaN
2024-06-23T09:00,26.1,18.2,0.85,73.0,329.0,NaN
2024-06-23T10:00,30.4,21.1,0.15,61.0,399.0,NaN
2024-06-23T11:00,30.2,21.0,0.00,47.0,487.0,NaN
2024-06-23T12:00,33.2,22.8,0.00,25.0,553.0,NaN
2024-06-23T13:00,37.3,25.7,0.00,21.0,574.0,NaN
2024-06-23T14:00,38.5,26.5,0.00,15.0,601.0,NaN
2024-06-23T15:00,38.3,26.4,0.00,10.0,608.0,NaN
2024-06-23T16:00,37.6,25.8,0.00,7.0,582.0,NaN
2024-06-23T17:00,34.9,23.9,0.00,6.0,536.0,NaN
2024-06-23T18:00,31.4,21.5,0.00,5.0,487.0,NaN
2024-06-23T19:00,29.0,19.8,0.00,5.0,435.0,NaN
2024-06-23T20:00,27.5,18.6,0.00,6.0,379.0,NaN
2024-06-23T21:00,25.1,16.9,0.00,8.0,335.0,NaN
2024-06-23T22:00,22.4,15.1,0.00,11.0,310.0,NaN
2024-06-23T23:00,21.1,14.5,0.10,16.0,296.0,NaN
2024-06-24T00:00,29.5,19.7,0.85,19.0,360.0,NaN
2024-06-24T01:00,24.8,16.8,2.45,29.0,329.0,NaN
2024-06-24T02:00,24.4,16.5,4.30,42.0,286.0,NaN
2024-06-24T03:00,25.2,17.1,5.90,57.0,252.0,NaN
2024-06-24T04:00,25.3,17.0,6.45,75.0,232.0,NaN
2024-06-24T05:00,25.7,17.1,6.50,93.0,220.0,NaN
2024-06-24T06:00,29.8,19.7,6.85,102.0,222.0,NaN
2024-06-24T07:00,35.3,22.9,2.00,95.0,233.0,NaN
2024-06-24T08:00,33.4,22.4,0.80,79.0,258.0,NaN
2024-06-24T09:00,30.0,20.4,0.25,63.0,311.0,NaN
2024-06-24T10:00,32.1,22.4,0.10,48.0,416.0,NaN
2024-06-24T11:00,37.4,26.1,0.00,32.0,549.0,NaN
2024-06-24T12:00,40.0,27.4,0.00,41.0,529.0,NaN
2024-06-24T13:00,38.1,25.9,0.00,36.0,538.0,NaN
2024-06-24T14:00,38.9,26.5,0.00,28.0,548.0,NaN
2024-06-24T15:00,40.6,27.6,0.00,22.0,549.0,NaN
2024-06-24T16:00,39.8,27.2,0.00,19.0,532.0,NaN
2024-06-24T17:00,37.4,25.5,0.00,17.0,505.0,NaN
2024-06-24T18:00,35.6,24.2,0.00,15.0,476.0,NaN
2024-06-24T19:00,34.3,23.3,0.00,14.0,445.0,NaN
2024-06-24T20:00,32.6,22.1,0.00,13.0,412.0,NaN
2024-06-24T21:00,31.2,21.1,0.00,13.0,386.0,NaN
2024-06-24T22:00,30.5,20.6,0.00,14.0,370.0,NaN
2024-06-24T23:00,31.4,21.1,0.10,16.0,360.0,NaN
2024-06-25T00:00,34.3,23.0,0.55,19.0,421.0,NaN
2024-06-25T01:00,34.1,22.6,1.60,28.0,397.0,NaN
2024-06-25T02:00,32.2,21.1,1.85,41.0,362.0,NaN
2024-06-25T03:00,34.0,22.2,4.35,57.0,330.0,NaN
2024-06-25T04:00,37.0,24.2,6.75,77.0,301.0,NaN
2024-06-25T05:00,40.0,26.1,8.80,99.0,274.0,NaN
2024-06-25T06:00,38.5,24.6,7.65,116.0,257.0,NaN
2024-06-25T07:00,38.3,24.6,5.95,126.0,248.0,NaN
2024-06-25T08:00,38.5,24.9,2.95,132.0,250.0,NaN
2024-06-25T09:00,41.8,27.4,1.35,128.0,276.0,NaN
2024-06-25T10:00,44.0,29.2,0.35,110.0,336.0,NaN
2024-06-25T11:00,44.5,29.9,0.00,83.0,420.0,NaN
2024-06-25T12:00,44.8,30.7,0.00,61.0,514.0,NaN
2024-06-25T13:00,46.2,32.0,0.00,51.0,545.0,NaN
2024-06-25T14:00,46.6,32.5,0.00,37.0,588.0,NaN
2024-06-25T15:00,46.4,32.5,0.00,25.0,619.0,NaN
2024-06-25T16:00,46.3,32.5,0.00,18.0,629.0,NaN
2024-06-25T17:00,45.6,31.9,0.00,13.0,627.0,NaN
2024-06-25T18:00,45.4,31.5,0.00,9.0,622.0,NaN
2024-06-25T19:00,45.9,31.9,0.00,6.0,614.0,NaN
2024-06-25T20:00,46.1,32.0,0.00,4.0,601.0,NaN
2024-06-25T21:00,44.7,31.0,0.00,5.0,589.0,NaN
2024-06-25T22:00,41.6,28.6,0.00,8.0,586.0,NaN
2024-06-25T23:00,42.3,29.0,0.10,13.0,584.0,NaN
2024-06-26T00:00,33.3,22.6,0.95,22.0,456.0,NaN
2024-06-26T01:00,31.2,20.9,2.90,33.0,406.0,NaN
2024-06-26T02:00,28.0,18.7,5.25,48.0,337.0,NaN
2024-06-26T03:00,26.8,18.2,7.40,64.0,283.0,NaN
2024-06-26T04:00,29.2,20.0,9.00,82.0,258.0,NaN
2024-06-26T05:00,29.6,20.1,9.05,100.0,249.0,NaN
2024-06-26T06:00,30.0,20.3,7.70,112.0,248.0,NaN
2024-06-26T07:00,31.0,20.8,5.40,114.0,233.0,NaN
2024-06-26T08:00,31.7,21.4,2.65,110.0,226.0,NaN
2024-06-26T09:00,32.6,22.2,0.85,98.0,289.0,NaN
2024-06-26T10:00,36.9,25.5,0.20,75.0,483.0,NaN
2024-06-26T11:00,47.3,32.9,0.00,45.0,747.0,NaN
2024-06-26T12:00,67.5,46.7,0.00,25.0,1192.0,NaN
2024-06-26T13:00,85.0,58.9,0.00,27.0,1015.0,NaN
2024-06-26T14:00,63.6,43.9,0.00,29.0,770.0,NaN
2024-06-26T15:00,42.0,29.2,0.00,29.0,581.0,NaN
2024-06-26T16:00,34.7,24.2,0.00,26.0,503.0,NaN
2024-06-26T17:00,34.5,24.0,0.00,20.0,482.0,NaN
2024-06-26T18:00,36.4,25.3,0.00,15.0,476.0,NaN
2024-06-26T19:00,39.2,27.3,0.00,9.0,476.0,NaN
2024-06-26T20:00,40.6,28.2,0.00,4.0,492.0,NaN
2024-06-26T21:00,40.3,28.0,0.00,2.0,507.0,NaN
2024-06-26T22:00,40.3,28.0,0.00,6.0,525.0,NaN
2024-06-26T23:00,42.8,29.9,0.10,14.0,542.0,NaN
2024-06-27T00:00,46.2,32.1,0.75,22.0,667.0,NaN
2024-06-27T01:00,38.6,26.5,2.10,33.0,565.0,NaN
2024-06-27T02:00,33.9,23.4,4.45,50.0,424.0,NaN
2024-06-27T03:00,33.4,23.1,6.80,65.0,317.0,NaN
2024-06-27T04:00,36.2,24.9,10.05,79.0,276.0,NaN
2024-06-27T05:00,34.2,23.3,9.25,91.0,269.0,NaN
2024-06-27T06:00,32.4,21.9,5.80,101.0,275.0,NaN
2024-06-27T07:00,38.6,26.3,3.95,107.0,287.0,NaN
2024-06-27T08:00,42.3,28.8,1.85,110.0,312.0,NaN
2024-06-27T09:00,43.9,29.9,0.70,107.0,355.0,NaN
2024-06-27T10:00,43.8,30.0,0.25,96.0,431.0,NaN
2024-06-27T11:00,45.9,31.5,0.00,79.0,525.0,NaN
2024-06-27T12:00,53.2,36.9,0.00,56.0,556.0,NaN
2024-06-27T13:00,51.1,35.5,0.00,48.0,554.0,NaN
2024-06-27T14:00,47.8,33.3,0.00,37.0,549.0,NaN
2024-06-27T15:00,44.0,30.7,0.00,28.0,541.0,NaN
2024-06-27T16:00,39.8,27.8,0.00,22.0,525.0,NaN
2024-06-27T17:00,37.0,25.8,0.00,18.0,504.0,NaN
2024-06-27T18:00,35.6,24.9,0.00,14.0,487.0,NaN
2024-06-27T19:00,35.4,24.7,0.00,10.0,481.0,NaN
2024-06-27T20:00,35.7,25.0,0.00,8.0,479.0,NaN
2024-06-27T21:00,34.7,24.2,0.00,8.0,470.0,NaN
2024-06-27T22:00,32.2,22.6,0.00,12.0,445.0,NaN
2024-06-27T23:00,27.2,19.1,0.10,19.0,411.0,NaN
2024-06-28T00:00,23.7,15.9,0.60,39.0,326.0,NaN
2024-06-28T01:00,23.3,15.3,2.30,49.0,304.0,NaN
2024-06-28T02:00,25.0,16.4,4.90,62.0,272.0,NaN
2024-06-28T03:00,24.0,15.7,7.25,73.0,241.0,NaN
2024-06-28T04:00,20.0,13.0,6.80,78.0,212.0,NaN
2024-06-28T05:00,17.7,11.4,4.65,79.0,184.0,NaN
2024-06-28T06:00,18.6,12.0,3.05,80.0,168.0,NaN
2024-06-28T07:00,19.6,12.8,3.35,82.0,164.0,NaN
2024-06-28T08:00,19.7,12.9,2.75,83.0,173.0,NaN
2024-06-28T09:00,18.6,12.1,1.50,80.0,206.0,NaN
2024-06-28T10:00,18.2,11.8,0.40,69.0,282.0,NaN
2024-06-28T11:00,22.0,14.6,0.00,54.0,383.0,NaN
2024-06-28T12:00,31.0,20.2,0.00,42.0,460.0,NaN
2024-06-28T13:00,36.0,23.7,0.00,36.0,516.0,NaN
2024-06-28T14:00,40.0,26.5,0.00,27.0,591.0,NaN
2024-06-28T15:00,40.3,26.8,0.00,21.0,629.0,NaN
2024-06-28T16:00,36.8,24.3,0.00,19.0,597.0,NaN
2024-06-28T17:00,33.1,21.8,0.00,18.0,530.0,NaN
2024-06-28T18:00,30.4,20.1,0.00,18.0,471.0,NaN
2024-06-28T19:00,28.4,18.9,0.00,18.0,436.0,NaN
2024-06-28T20:00,27.5,18.3,0.00,18.0,410.0,NaN
2024-06-28T21:00,28.2,18.7,0.00,19.0,396.0,NaN
2024-06-28T22:00,29.5,19.6,0.00,20.0,410.0,NaN
2024-06-28T23:00,32.0,21.4,0.10,22.0,436.0,NaN
2024-06-29T00:00,31.5,20.5,0.85,26.0,386.0,NaN
2024-06-29T01:00,26.7,16.8,2.40,37.0,334.0,NaN
2024-06-29T02:00,23.1,14.4,4.85,52.0,261.0,NaN
2024-06-29T03:00,23.2,14.4,7.60,66.0,204.0,NaN
2024-06-29T04:00,24.1,14.8,9.30,77.0,178.0,NaN
2024-06-29T05:00,22.9,13.8,9.00,85.0,167.0,NaN
2024-06-29T06:00,22.9,13.7,8.40,90.0,162.0,NaN
2024-06-29T07:00,22.5,13.5,6.70,89.0,155.0,NaN
2024-06-29T08:00,21.7,13.0,4.15,84.0,153.0,NaN
2024-06-29T09:00,20.6,12.3,1.80,76.0,166.0,NaN
2024-06-29T10:00,20.3,12.2,0.45,64.0,205.0,NaN
2024-06-29T11:00,21.1,13.0,0.00,50.0,260.0,NaN
2024-06-29T12:00,29.8,18.5,0.00,33.0,371.0,NaN
2024-06-29T13:00,31.4,19.6,0.00,30.0,374.0,NaN
2024-06-29T14:00,30.4,18.9,0.00,25.0,377.0,NaN
2024-06-29T15:00,29.9,18.6,0.00,22.0,372.0,NaN
2024-06-29T16:00,29.2,18.2,0.00,21.0,349.0,NaN
2024-06-29T17:00,27.0,16.6,0.00,21.0,317.0,NaN
2024-06-29T18:00,25.3,15.5,0.00,21.0,295.0,NaN
2024-06-29T19:00,24.9,15.3,0.00,19.0,289.0,NaN
2024-06-29T20:00,25.7,16.1,0.00,16.0,294.0,NaN
2024-06-29T21:00,27.8,17.7,0.00,14.0,309.0,NaN
2024-06-29T22:00,29.9,19.2,0.00,13.0,348.0,NaN
2024-06-29T23:00,31.3,20.5,0.10,14.0,397.0,NaN
2024-06-30T00:00,37.7,24.3,0.90,18.0,481.0,NaN
2024-06-30T01:00,32.1,19.7,2.50,28.0,413.0,NaN
2024-06-30T02:00,31.3,19.1,4.90,42.0,319.0,NaN
2024-06-30T03:00,33.1,20.5,7.20,57.0,246.0,NaN
2024-06-30T04:00,36.2,22.4,9.60,75.0,214.0,NaN
2024-06-30T05:00,39.5,24.3,9.80,94.0,204.0,NaN
2024-06-30T06:00,34.8,21.4,8.00,104.0,203.0,NaN
2024-06-30T07:00,34.3,21.2,4.75,101.0,202.0,NaN
2024-06-30T08:00,34.7,21.7,2.20,90.0,209.0,NaN
2024-06-30T09:00,31.0,19.6,1.15,77.0,240.0,NaN
2024-06-30T10:00,31.7,20.5,0.30,64.0,308.0,NaN
2024-06-30T11:00,34.8,23.2,0.00,50.0,400.0,NaN
2024-06-30T12:00,34.3,23.5,0.00,42.0,423.0,NaN
2024-06-30T13:00,41.0,28.3,0.00,34.0,464.0,NaN
2024-06-30T14:00,41.3,28.4,0.00,23.0,522.0,NaN
2024-06-30T15:00,45.1,31.1,0.00,14.0,578.0,NaN
2024-06-30T16:00,49.0,33.9,0.00,9.0,638.0,NaN
2024-06-30T17:00,51.1,35.4,0.00,5.0,696.0,NaN
2024-06-30T18:00,53.4,37.1,0.00,3.0,712.0,NaN
2024-06-30T19:00,48.2,33.4,0.00,2.0,656.0,NaN
2024-06-30T20:00,42.8,29.6,0.00,1.0,557.0,NaN
2024-06-30T21:00,39.9,27.4,0.00,3.0,467.0,NaN
2024-06-30T22:00,37.0,25.5,0.00,7.0,398.0,NaN
2024-06-30T23:00,29.7,20.5,0.10,13.0,338.0,NaN
2024-07-01T00:00,29.1,19.9,0.70,18.0,349.0,NaN
2024-07-01T01:00,25.6,17.3,1.70,26.0,335.0,NaN
2024-07-01T02:00,26.5,18.0,3.10,37.0,314.0,NaN
2024-07-01T03:00,29.4,20.0,6.45,52.0,295.0,NaN
2024-07-01T04:00,31.9,21.8,9.15,72.0,277.0,NaN
2024-07-01T05:00,31.5,21.5,8.95,96.0,260.0,NaN
2024-07-01T06:00,31.8,21.8,8.20,115.0,251.0,NaN
2024-07-01T07:00,33.6,23.2,6.90,129.0,244.0,NaN
2024-07-01T08:00,34.9,24.1,4.20,139.0,246.0,NaN
2024-07-01T09:00,37.5,25.8,1.60,136.0,281.0,NaN
2024-07-01T10:00,34.2,23.8,0.30,111.0,374.0,NaN
2024-07-01T11:00,34.6,24.1,0.00,73.0,500.0,NaN
2024-07-01T12:00,41.8,29.2,0.00,41.0,792.0,NaN
2024-07-01T13:00,50.4,35.3,0.00,31.0,873.0,NaN
2024-07-01T14:00,51.3,35.9,0.00,18.0,980.0,NaN
2024-07-01T15:00,51.7,36.2,0.00,8.0,1026.0,NaN
2024-07-01T16:00,48.8,34.1,0.00,5.0,957.0,NaN
2024-07-01T17:00,40.7,28.5,0.00,6.0,828.0,NaN
2024-07-01T18:00,33.8,23.6,0.00,6.0,712.0,NaN
2024-07-01T19:00,29.7,20.8,0.00,4.0,635.0,NaN
2024-07-01T20:00,28.1,19.6,0.00,2.0,572.0,NaN
2024-07-01T21:00,26.7,18.6,0.00,3.0,523.0,NaN
2024-07-01T22:00,25.0,17.4,0.00,6.0,497.0,NaN
2024-07-01T23:00,25.0,17.4,0.10,11.0,486.0,NaN
2024-07-02T00:00,33.5,23.3,0.85,24.0,573.0,NaN
2024-07-02T01:00,32.6,22.6,2.35,42.0,503.0,NaN
2024-07-02T02:00,30.9,21.5,4.80,67.0,406.0,NaN
2024-07-02T03:00,32.4,22.5,6.85,93.0,336.0,NaN
2024-07-02T04:00,38.0,26.4,8.90,124.0,317.0,NaN
2024-07-02T05:00,40.9,28.2,9.25,156.0,323.0,NaN
2024-07-02T06:00,44.1,30.5,7.85,172.0,334.0,NaN
2024-07-02T07:00,39.3,27.1,4.80,163.0,339.0,NaN
2024-07-02T08:00,45.4,31.2,1.95,139.0,348.0,NaN
2024-07-02T09:00,47.8,32.9,0.40,113.0,370.0,NaN
2024-07-02T10:00,42.0,28.8,0.10,88.0,414.0,NaN
2024-07-02T11:00,38.8,26.8,0.00,63.0,471.0,NaN
2024-07-02T12:00,46.9,32.6,0.00,53.0,485.0,NaN
2024-07-02T13:00,47.0,32.8,0.00,44.0,511.0,NaN
2024-07-02T14:00,48.1,33.6,0.00,31.0,548.0,NaN
2024-07-02T15:00,50.1,35.0,0.00,20.0,578.0,NaN
2024-07-02T16:00,51.7,36.1,0.00,12.0,595.0,NaN
2024-07-02T17:00,50.4,35.3,0.00,6.0,605.0,NaN
2024-07-02T18:00,50.4,35.3,0.00,2.0,608.0,NaN
2024-07-02T19:00,50.2,35.2,0.00,0.0,600.0,NaN
2024-07-02T20:00,49.5,34.7,0.00,0.0,586.0,NaN
2024-07-02T21:00,46.9,32.8,0.00,1.0,578.0,NaN
2024-07-02T22:00,46.2,32.4,0.00,5.0,589.0,NaN
2024-07-02T23:00,46.8,32.7,0.10,11.0,605.0,NaN
2024-07-03T00:00,47.7,33.3,0.85,16.0,632.0,NaN
2024-07-03T01:00,38.6,26.8,2.10,32.0,554.0,NaN
2024-07-03T02:00,37.4,25.8,4.50,55.0,445.0,NaN
2024-07-03T03:00,37.1,25.5,6.95,75.0,358.0,NaN
2024-07-03T04:00,37.3,25.3,7.05,90.0,313.0,NaN
2024-07-03T05:00,37.1,24.9,5.35,103.0,290.0,NaN
2024-07-03T06:00,39.5,26.6,3.55,113.0,281.0,NaN
2024-07-03T07:00,43.4,29.5,2.55,121.0,281.0,NaN
2024-07-03T08:00,47.4,32.2,2.20,125.0,296.0,NaN
2024-07-03T09:00,48.0,32.7,1.70,120.0,333.0,NaN
2024-07-03T10:00,43.8,29.9,0.35,100.0,412.0,NaN
2024-07-03T11:00,44.1,30.4,0.00,70.0,514.0,NaN
2024-07-03T12:00,47.5,33.2,0.00,46.0,565.0,NaN
2024-07-03T13:00,50.4,35.3,0.00,39.0,586.0,NaN
2024-07-03T14:00,52.6,36.9,0.00,30.0,615.0,NaN
2024-07-03T15:00,55.4,38.9,0.00,21.0,636.0,NaN
2024-07-03T16:00,56.5,39.6,0.00,15.0,644.0,NaN
2024-07-03T17:00,56.1,39.2,0.00,10.0,643.0,NaN
2024-07-03T18:00,54.7,38.3,0.00,6.0,635.0,NaN
2024-07-03T19:00,52.7,36.9,0.00,3.0,620.0,NaN
2024-07-03T20:00,50.3,35.4,0.00,1.0,596.0,NaN
2024-07-03T21:00,48.4,34.0,0.00,2.0,563.0,NaN
2024-07-03T22:00,43.5,30.4,0.00,5.0,510.0,NaN
2024-07-03T23:00,39.6,27.7,0.05,10.0,446.0,NaN
2024-07-04T00:00,36.1,25.5,0.25,16.0,372.0,NaN
2024-07-04T01:00,35.3,25.1,0.90,16.0,383.0,NaN
2024-07-04T02:00,34.5,24.4,1.45,16.0,398.0,NaN
2024-07-04T03:00,35.9,25.4,2.65,25.0,410.0,NaN
2024-07-04T04:00,39.1,27.6,4.20,49.0,419.0,NaN
2024-07-04T05:00,49.5,34.8,7.60,80.0,424.0,NaN
2024-07-04T06:00,56.8,39.5,7.45,104.0,417.0,NaN
2024-07-04T07:00,51.6,34.8,4.85,114.0,376.0,NaN
2024-07-04T08:00,45.6,30.4,2.75,116.0,322.0,NaN
2024-07-04T09:00,41.9,27.8,0.90,110.0,310.0,NaN
2024-07-04T10:00,40.3,27.2,0.20,91.0,370.0,NaN
2024-07-04T11:00,43.5,29.5,0.00,64.0,472.0,NaN
2024-07-04T12:00,46.1,32.1,0.00,38.0,723.0,NaN
2024-07-04T13:00,51.7,36.1,0.00,34.0,735.0,NaN
2024-07-04T14:00,54.0,37.6,0.00,28.0,752.0,NaN
2024-07-04T15:00,55.3,38.4,0.00,22.0,773.0,NaN
2024-07-04T16:00,61.7,43.0,0.00,17.0,802.0,NaN
2024-07-04T17:00,64.5,44.9,0.00,12.0,835.0,NaN
2024-07-04T18:00,62.6,43.4,0.00,8.0,850.0,NaN
2024-07-04T19:00,61.0,42.1,0.00,5.0,837.0,NaN
2024-07-04T20:00,62.2,42.8,0.00,4.0,807.0,NaN
2024-07-04T21:00,63.6,43.9,0.00,4.0,774.0,NaN
2024-07-04T22:00,63.8,43.9,0.00,6.0,745.0,NaN
2024-07-04T23:00,65.4,45.2,0.05,10.0,714.0,NaN
2024-07-05T00:00,58.3,40.7,0.50,17.0,782.0,NaN
2024-07-05T01:00,55.3,38.0,1.80,33.0,681.0,NaN
2024-07-05T02:00,50.5,34.2,4.85,57.0,539.0,NaN
2024-07-05T03:00,46.6,31.3,6.75,80.0,425.0,NaN
2024-07-05T04:00,43.7,29.2,8.90,103.0,365.0,NaN
2024-07-05T05:00,41.2,27.4,9.65,126.0,331.0,NaN
2024-07-05T06:00,39.3,26.1,8.70,141.0,309.0,NaN
2024-07-05T07:00,38.0,25.1,6.15,145.0,283.0,NaN
2024-07-05T08:00,38.6,25.7,3.80,141.0,269.0,NaN
2024-07-05T09:00,40.0,26.8,1.50,130.0,295.0,NaN
2024-07-05T10:00,42.4,28.8,0.35,110.0,392.0,NaN
2024-07-05T11:00,45.8,31.4,0.00,84.0,529.0,NaN
2024-07-05T12:00,47.6,32.2,0.00,66.0,536.0,NaN
2024-07-05T13:00,48.5,33.2,0.00,57.0,564.0,NaN
2024-07-05T14:00,49.8,34.2,0.00,44.0,602.0,NaN
2024-07-05T15:00,51.7,35.9,0.00,33.0,623.0,NaN
2024-07-05T16:00,51.6,35.9,0.00,26.0,614.0,NaN
2024-07-05T17:00,48.2,33.5,0.00,21.0,589.0,NaN
2024-07-05T18:00,44.6,31.0,0.00,17.0,561.0,NaN
2024-07-05T19:00,41.8,29.0,0.00,12.0,531.0,NaN
2024-07-05T20:00,39.1,27.1,0.00,8.0,498.0,NaN
2024-07-05T21:00,36.2,25.1,0.00,6.0,477.0,NaN
2024-07-05T22:00,35.3,24.3,0.00,7.0,486.0,NaN
2024-07-05T23:00,36.9,25.5,0.10,11.0,506.0,NaN
2024-07-06T00:00,34.7,24.0,0.90,18.0,519.0,NaN
2024-07-06T01:00,27.3,18.7,2.65,27.0,461.0,NaN
2024-07-06T02:00,26.4,18.1,5.25,41.0,381.0,NaN
2024-07-06T03:00,29.5,20.3,7.25,56.0,320.0,NaN
2024-07-06T04:00,33.8,23.3,8.75,74.0,295.0,NaN
2024-07-06T05:00,35.2,24.0,9.55,93.0,289.0,NaN
2024-07-06T06:00,36.2,24.7,8.40,110.0,292.0,NaN
2024-07-06T07:00,37.5,25.6,5.60,125.0,300.0,NaN
2024-07-06T08:00,41.8,28.5,3.15,138.0,317.0,NaN
2024-07-06T09:00,46.0,31.4,1.45,139.0,347.0,NaN
2024-07-06T10:00,48.9,33.3,0.30,122.0,398.0,NaN
2024-07-06T11:00,49.5,34.0,0.00,94.0,461.0,NaN
2024-07-06T12:00,68.7,47.1,0.00,93.0,709.0,NaN
2024-07-06T13:00,64.5,44.1,0.00,80.0,691.0,NaN
2024-07-06T14:00,58.6,40.0,0.00,62.0,663.0,NaN
2024-07-06T15:00,54.7,37.4,0.00,49.0,616.0,NaN
2024-07-06T16:00,48.7,33.1,0.00,44.0,536.0,NaN
2024-07-06T17:00,38.8,26.4,0.00,43.0,437.0,NaN
2024-07-06T18:00,33.2,22.6,0.00,43.0,349.0,NaN
2024-07-06T19:00,27.8,19.0,0.00,43.0,279.0,NaN
2024-07-06T20:00,22.0,15.0,0.00,43.0,221.0,NaN
2024-07-06T21:00,18.0,12.4,0.00,42.0,187.0,NaN
2024-07-06T22:00,17.3,12.0,0.00,38.0,188.0,NaN
2024-07-06T23:00,17.8,12.5,0.05,32.0,212.0,NaN
2024-07-07T00:00,17.8,12.4,0.60,32.0,260.0,NaN
2024-07-07T01:00,17.8,12.3,2.05,36.0,258.0,NaN
2024-07-07T02:00,19.3,13.2,4.80,42.0,256.0,NaN
2024-07-07T03:00,23.7,16.3,6.65,51.0,252.0,NaN
2024-07-07T04:00,27.4,18.8,8.40,66.0,245.0,NaN
2024-07-07T05:00,28.8,19.6,8.75,84.0,237.0,NaN
2024-07-07T06:00,30.2,20.5,8.10,95.0,230.0,NaN
2024-07-07T07:00,30.9,20.9,5.05,95.0,216.0,NaN
2024-07-07T08:00,27.8,18.8,2.25,89.0,203.0,NaN
2024-07-07T09:00,26.4,17.9,1.15,79.0,218.0,NaN
2024-07-07T10:00,25.4,17.3,0.20,63.0,286.0,NaN
2024-07-07T11:00,25.3,17.6,0.00,44.0,381.0,NaN
2024-07-07T12:00,36.2,24.9,0.00,35.0,440.0,NaN
2024-07-07T13:00,38.8,26.8,0.00,31.0,446.0,NaN
2024-07-07T14:00,39.8,27.5,0.00,25.0,453.0,NaN
2024-07-07T15:00,40.7,27.9,0.00,19.0,459.0,NaN
2024-07-07T16:00,39.3,26.9,0.00,14.0,463.0,NaN
2024-07-07T17:00,42.1,29.3,0.00,10.0,465.0,NaN
2024-07-07T18:00,40.0,27.8,0.00,7.0,462.0,NaN
2024-07-07T19:00,37.6,26.1,0.00,4.0,449.0,NaN
2024-07-07T20:00,35.9,25.0,0.00,2.0,430.0,NaN
2024-07-07T21:00,34.7,24.3,0.00,2.0,418.0,NaN
2024-07-07T22:00,32.8,22.9,0.00,4.0,423.0,NaN
2024-07-07T23:00,33.9,23.6,0.10,7.0,434.0,NaN
2024-07-08T00:00,62.6,43.9,0.75,11.0,798.0,NaN
2024-07-08T01:00,45.6,31.5,2.25,20.0,656.0,NaN
2024-07-08T02:00,37.1,25.4,4.45,34.0,460.0,NaN
2024-07-08T03:00,35.9,24.4,6.10,48.0,311.0,NaN
2024-07-08T04:00,37.1,25.2,7.40,64.0,255.0,NaN
2024-07-08T05:00,36.7,24.6,7.55,80.0,245.0,NaN
2024-07-08T06:00,36.2,24.1,6.20,92.0,244.0,NaN
2024-07-08T07:00,38.2,25.4,5.05,99.0,228.0,NaN
2024-07-08T08:00,38.5,25.7,2.95,101.0,222.0,NaN
2024-07-08T09:00,38.2,25.7,0.95,96.0,257.0,NaN
2024-07-08T10:00,36.7,25.1,0.20,80.0,371.0,NaN
2024-07-08T11:00,41.4,28.6,0.00,57.0,527.0,NaN
2024-07-08T12:00,47.1,32.8,0.00,43.0,519.0,NaN
2024-07-08T13:00,50.2,35.2,0.00,37.0,541.0,NaN
2024-07-08T14:00,52.6,36.9,0.00,29.0,572.0,NaN
2024-07-08T15:00,55.9,39.1,0.00,21.0,597.0,NaN
2024-07-08T16:00,56.9,39.8,0.00,14.0,620.0,NaN
2024-07-08T17:00,56.7,39.7,0.00,7.0,638.0,NaN
2024-07-08T18:00,57.3,40.0,0.00,3.0,628.0,NaN
2024-07-08T19:00,54.0,37.8,0.00,5.0,565.0,NaN
2024-07-08T20:00,49.6,34.6,0.00,10.0,474.0,NaN
2024-07-08T21:00,43.1,29.9,0.00,14.0,411.0,NaN
2024-07-08T22:00,39.8,27.5,0.00,14.0,408.0,NaN
2024-07-08T23:00,41.1,28.5,0.05,13.0,434.0,NaN
2024-07-09T00:00,62.6,43.4,0.80,19.0,669.0,NaN
2024-07-09T01:00,56.0,38.2,2.30,31.0,590.0,NaN
2024-07-09T02:00,50.4,33.8,3.90,49.0,479.0,NaN
2024-07-09T03:00,48.9,32.7,5.90,66.0,389.0,NaN
2024-07-09T04:00,46.8,31.2,7.00,85.0,338.0,NaN
2024-07-09T05:00,43.7,28.9,7.50,103.0,308.0,NaN
2024-07-09T06:00,42.0,27.6,6.75,113.0,290.0,NaN
2024-07-09T07:00,41.9,27.4,5.40,109.0,277.0,NaN
2024-07-09T08:00,38.4,25.1,1.55,96.0,276.0,NaN
2024-07-09T09:00,33.8,22.4,0.70,82.0,307.0,NaN
2024-07-09T10:00,33.4,22.4,0.35,66.0,394.0,NaN
2024-07-09T11:00,34.1,22.9,0.00,48.0,512.0,NaN
2024-07-09T12:00,43.9,29.1,0.00,43.0,565.0,NaN
2024-07-09T13:00,42.0,28.6,0.00,38.0,574.0,NaN
2024-07-09T14:00,45.5,31.2,0.00,31.0,587.0,NaN
2024-07-09T15:00,47.0,32.0,0.00,24.0,600.0,NaN
2024-07-09T16:00,51.1,34.8,0.00,18.0,619.0,NaN
2024-07-09T17:00,49.8,34.1,0.00,11.0,639.0,NaN
2024-07-09T18:00,44.9,30.9,0.00,7.0,635.0,NaN
2024-07-09T19:00,40.2,27.6,0.00,6.0,585.0,NaN
2024-07-09T20:00,36.9,25.3,0.00,6.0,512.0,NaN
2024-07-09T21:00,34.5,23.6,0.00,8.0,461.0,NaN
2024-07-09T22:00,32.6,22.4,0.00,9.0,460.0,NaN
2024-07-09T23:00,33.5,22.9,0.10,12.0,482.0,NaN
2024-07-10T00:00,46.6,32.0,0.40,13.0,612.0,NaN
2024-07-10T01:00,45.1,30.7,1.25,25.0,551.0,NaN
2024-07-10T02:00,39.0,26.0,4.55,43.0,466.0,NaN
2024-07-10T03:00,37.7,25.1,6.50,61.0,389.0,NaN
2024-07-10T04:00,37.7,25.0,9.30,80.0,329.0,NaN
2024-07-10T05:00,34.7,22.6,8.75,99.0,277.0,NaN
2024-07-10T06:00,33.3,21.5,7.70,111.0,240.0,NaN
2024-07-10T07:00,33.1,21.4,6.20,114.0,210.0,NaN
2024-07-10T08:00,31.8,20.7,3.60,110.0,194.0,NaN
2024-07-10T09:00,30.0,19.7,1.35,100.0,219.0,NaN
2024-07-10T10:00,26.3,17.5,0.25,82.0,309.0,NaN
2024-07-10T11:00,26.8,18.1,0.00,57.0,440.0,NaN
2024-07-10T12:00,35.5,23.9,0.00,43.0,551.0,NaN
2024-07-10T13:00,40.5,27.3,0.00,34.0,664.0,NaN
2024-07-10T14:00,48.5,32.9,0.00,21.0,819.0,NaN
2024-07-10T15:00,58.4,39.9,0.00,11.0,934.0,NaN
2024-07-10T16:00,62.4,42.7,0.00,6.0,985.0,NaN
2024-07-10T17:00,60.5,41.4,0.00,3.0,995.0,NaN
2024-07-10T18:00,56.6,38.8,0.00,3.0,950.0,NaN
2024-07-10T19:00,46.1,31.4,0.00,6.0,814.0,NaN
2024-07-10T20:00,36.2,24.6,0.00,11.0,623.0,NaN
2024-07-10T21:00,33.4,22.5,0.00,16.0,475.0,NaN
2024-07-10T22:00,35.6,23.9,0.00,20.0,418.0,NaN
2024-07-10T23:00,38.1,25.5,0.10,25.0,403.0,NaN
2024-07-11T00:00,32.8,22.1,0.75,27.0,434.0,NaN
2024-07-11T01:00,31.1,20.8,2.25,42.0,399.0,NaN
2024-07-11T02:00,29.7,20.0,4.80,64.0,351.0,NaN
2024-07-11T03:00,32.9,22.5,7.75,84.0,310.0,NaN
2024-07-11T04:00,32.8,22.4,8.05,103.0,281.0,NaN
2024-07-11T05:00,34.7,23.4,5.95,121.0,260.0,NaN
2024-07-11T06:00,41.1,27.6,3.85,127.0,252.0,NaN
2024-07-11T07:00,32.9,22.1,3.00,113.0,258.0,NaN
2024-07-11T08:00,31.3,21.3,0.90,88.0,276.0,NaN
2024-07-11T09:00,25.3,17.5,0.25,65.0,310.0,NaN
2024-07-11T10:00,24.4,17.1,0.15,48.0,375.0,NaN
2024-07-11T11:00,24.8,17.3,0.00,32.0,454.0,NaN
2024-07-11T12:00,26.8,18.8,0.00,25.0,463.0,NaN
2024-07-11T13:00,29.7,20.8,0.00,19.0,483.0,NaN
2024-07-11T14:00,30.3,21.2,0.00,11.0,510.0,NaN
2024-07-11T15:00,27.6,19.3,0.00,5.0,518.0,NaN
2024-07-11T16:00,26.0,18.3,0.00,3.0,494.0,NaN
2024-07-11T17:00,24.9,17.5,0.00,3.0,452.0,NaN
2024-07-11T18:00,22.2,15.7,0.00,4.0,408.0,NaN
2024-07-11T19:00,19.4,13.7,0.00,4.0,362.0,NaN
2024-07-11T20:00,17.2,12.1,0.00,5.0,313.0,NaN
2024-07-11T21:00,16.1,11.4,0.00,6.0,278.0,NaN
2024-07-11T22:00,14.2,10.1,0.00,8.0,266.0,NaN
2024-07-11T23:00,12.7,9.0,0.05,10.0,267.0,NaN
2024-07-12T00:00,15.8,11.1,0.75,17.0,267.0,NaN
2024-07-12T01:00,16.6,11.6,2.15,25.0,262.0,NaN
2024-07-12T02:00,16.6,11.6,4.75,38.0,254.0,NaN
2024-07-12T03:00,18.5,12.9,7.00,52.0,245.0,NaN
2024-07-12T04:00,23.2,16.2,8.95,71.0,231.0,NaN
2024-07-12T05:00,26.8,18.7,9.60,91.0,214.0,NaN
2024-07-12T06:00,27.2,19.0,7.85,103.0,206.0,NaN
2024-07-12T07:00,28.6,20.0,4.65,100.0,209.0,NaN
2024-07-12T08:00,27.4,19.2,2.75,89.0,219.0,NaN
2024-07-12T09:00,23.8,16.8,0.75,76.0,240.0,NaN
2024-07-12T10:00,20.5,14.5,0.15,61.0,280.0,NaN
2024-07-12T11:00,20.2,14.2,0.00,44.0,329.0,NaN
2024-07-12T12:00,21.8,15.3,0.00,38.0,347.0,NaN
2024-07-12T13:00,20.7,14.5,0.00,33.0,345.0,NaN
2024-07-12T14:00,20.0,14.0,0.00,26.0,343.0,NaN
2024-07-12T15:00,19.4,13.5,0.00,20.0,335.0,NaN
2024-07-12T16:00,18.7,13.1,0.00,17.0,320.0,NaN
2024-07-12T17:00,16.9,11.8,0.00,14.0,301.0,NaN
2024-07-12T18:00,15.5,10.9,0.00,13.0,281.0,NaN
2024-07-12T19:00,14.5,10.1,0.00,12.0,259.0,NaN
2024-07-12T20:00,13.9,9.6,0.00,12.0,236.0,NaN
2024-07-12T21:00,13.7,9.4,0.00,13.0,217.0,NaN
2024-07-12T22:00,14.1,9.4,0.00,15.0,204.0,NaN
2024-07-12T23:00,15.2,10.0,0.10,19.0,195.0,NaN
2024-07-13T00:00,14.9,9.1,0.75,26.0,192.0,NaN
2024-07-13T01:00,15.8,10.0,1.85,27.0,207.0,NaN
2024-07-13T02:00,16.5,11.0,2.65,28.0,227.0,NaN
2024-07-13T03:00,17.0,11.6,2.30,34.0,244.0,NaN
2024-07-13T04:00,18.0,12.4,2.50,48.0,253.0,NaN
2024-07-13T05:00,22.5,15.6,4.55,67.0,258.0,NaN
2024-07-13T06:00,27.4,19.0,6.00,82.0,260.0,NaN
2024-07-13T07:00,30.7,21.2,4.65,93.0,248.0,NaN
2024-07-13T08:00,32.4,22.4,2.80,101.0,232.0,NaN
2024-07-13T09:00,30.6,21.1,1.30,99.0,250.0,NaN
2024-07-13T10:00,27.4,19.2,0.20,81.0,332.0,NaN
2024-07-13T11:00,28.8,20.1,0.00,52.0,448.0,NaN
2024-07-13T12:00,32.9,22.9,0.00,29.0,508.0,NaN
2024-07-13T13:00,35.6,24.8,0.00,25.0,515.0,NaN
2024-07-13T14:00,36.4,25.1,0.00,20.0,521.0,NaN
2024-07-13T15:00,35.5,24.2,0.00,16.0,502.0,NaN
2024-07-13T16:00,32.5,21.9,0.00,15.0,435.0,NaN
2024-07-13T17:00,27.0,17.9,0.00,15.0,342.0,NaN
2024-07-13T18:00,21.4,13.7,0.00,16.0,264.0,NaN
2024-07-13T19:00,17.9,11.3,0.00,16.0,215.0,NaN
2024-07-13T20:00,16.1,10.0,0.00,17.0,181.0,NaN
2024-07-13T21:00,14.4,9.1,0.00,18.0,162.0,NaN
2024-07-13T22:00,12.7,8.3,0.00,18.0,165.0,NaN
2024-07-13T23:00,12.0,8.1,0.10,19.0,182.0,NaN
2024-07-14T00:00,15.1,10.1,0.75,21.0,200.0,NaN
2024-07-14T01:00,16.7,11.5,1.95,27.0,212.0,NaN
2024-07-14T02:00,17.4,12.2,3.85,37.0,228.0,NaN
2024-07-14T03:00,18.7,13.2,6.15,46.0,237.0,NaN
2024-07-14T04:00,20.0,14.3,6.80,56.0,227.0,NaN
2024-07-14T05:00,20.6,14.8,7.15,66.0,210.0,NaN
2024-07-14T06:00,20.1,14.4,5.30,72.0,205.0,NaN
2024-07-14T07:00,18.5,13.2,2.10,71.0,222.0,NaN
2024-07-14T08:00,21.4,15.3,1.55,66.0,252.0,NaN
2024-07-14T09:00,23.6,16.8,1.30,59.0,290.0,NaN
2024-07-14T10:00,23.5,16.8,0.35,51.0,345.0,NaN
2024-07-14T11:00,25.5,18.2,0.00,41.0,408.0,NaN
2024-07-14T12:00,22.9,16.3,0.00,22.0,397.0,NaN
2024-07-14T13:00,23.9,17.0,0.00,18.0,402.0,NaN
2024-07-14T14:00,24.2,17.2,0.00,13.0,406.0,NaN
2024-07-14T15:00,24.1,17.1,0.00,9.0,399.0,NaN
2024-07-14T16:00,22.6,16.0,0.00,8.0,370.0,NaN
2024-07-14T17:00,19.7,14.0,0.00,8.0,328.0,NaN
2024-07-14T18:00,17.8,12.7,0.00,8.0,291.0,NaN
2024-07-14T19:00,16.3,11.5,0.00,8.0,263.0,NaN
2024-07-14T20:00,14.8,10.5,0.00,8.0,239.0,NaN
2024-07-14T21:00,13.9,9.7,0.00,9.0,224.0,NaN
2024-07-14T22:00,13.7,9.6,0.00,10.0,223.0,NaN
2024-07-14T23:00,14.5,10.0,0.10,13.0,232.0,NaN
2024-07-15T00:00,17.8,11.8,0.75,17.0,259.0,NaN
2024-07-15T01:00,20.1,13.4,2.15,26.0,257.0,NaN
2024-07-15T02:00,20.6,13.7,4.20,38.0,253.0,NaN
2024-07-15T03:00,22.6,15.1,5.65,50.0,248.0,NaN
2024-07-15T04:00,26.3,17.9,6.55,62.0,233.0,NaN
2024-07-15T05:00,28.9,19.8,4.90,73.0,216.0,NaN
2024-07-15T06:00,26.8,18.5,2.50,78.0,223.0,NaN
2024-07-15T07:00,28.8,20.0,1.75,75.0,276.0,NaN
2024-07-15T08:00,34.1,23.9,0.95,66.0,354.0,NaN
2024-07-15T09:00,34.7,24.4,0.40,55.0,417.0,NaN
2024-07-15T10:00,30.4,21.5,0.15,42.0,453.0,NaN
2024-07-15T11:00,28.2,20.0,0.00,27.0,475.0,NaN
2024-07-15T12:00,29.2,20.6,0.00,24.0,501.0,NaN
2024-07-15T13:00,24.3,17.2,0.00,21.0,460.0,NaN
2024-07-15T14:00,21.6,15.3,0.00,17.0,404.0,NaN
2024-07-15T15:00,21.6,15.4,0.00,13.0,360.0,NaN
2024-07-15T16:00,21.3,15.2,0.00,10.0,341.0,NaN
2024-07-15T17:00,19.7,14.1,0.00,7.0,335.0,NaN
2024-07-15T18:00,18.6,13.3,0.00,5.0,329.0,NaN
2024-07-15T19:00,18.0,12.9,0.00,4.0,318.0,NaN
2024-07-15T20:00,18.1,12.9,0.00,3.0,307.0,NaN
2024-07-15T21:00,18.5,13.2,0.00,3.0,305.0,NaN
2024-07-15T22:00,18.8,13.4,0.00,3.0,324.0,NaN
2024-07-15T23:00,19.8,14.1,0.05,4.0,352.0,NaN
2024-07-16T00:00,21.9,15.5,0.40,5.0,362.0,NaN
2024-07-16T01:00,19.7,13.9,1.60,13.0,343.0,NaN
2024-07-16T02:00,17.9,12.5,3.70,24.0,317.0,NaN
2024-07-16T03:00,19.0,13.2,3.85,36.0,294.0,NaN
2024-07-16T04:00,19.3,13.4,3.45,49.0,275.0,NaN
2024-07-16T05:00,19.2,13.3,3.40,62.0,259.0,NaN
2024-07-16T06:00,20.7,14.3,3.55,71.0,254.0,NaN
2024-07-16T07:00,22.5,15.7,3.10,73.0,260.0,NaN
2024-07-16T08:00,23.9,16.7,1.60,70.0,277.0,NaN
2024-07-16T09:00,26.3,18.4,0.50,63.0,315.0,NaN
2024-07-16T10:00,28.1,19.8,0.10,51.0,399.0,NaN
2024-07-16T11:00,29.7,21.1,0.00,36.0,503.0,NaN
2024-07-16T12:00,29.3,20.8,0.00,25.0,502.0,NaN
2024-07-16T13:00,24.8,17.6,0.00,22.0,456.0,NaN
2024-07-16T14:00,19.4,13.8,0.00,17.0,392.0,NaN
2024-07-16T15:00,16.9,12.0,0.00,14.0,336.0,NaN
2024-07-16T16:00,15.7,11.1,0.00,13.0,298.0,NaN
2024-07-16T17:00,14.2,10.0,0.00,13.0,268.0,NaN
2024-07-16T18:00,13.2,9.3,0.00,13.0,244.0,NaN
2024-07-16T19:00,12.7,9.0,0.00,12.0,224.0,NaN
2024-07-16T20:00,12.3,8.8,0.00,11.0,210.0,NaN
2024-07-16T21:00,12.1,8.6,0.00,10.0,208.0,NaN
2024-07-16T22:00,12.3,8.7,0.00,9.0,224.0,NaN
2024-07-16T23:00,13.6,9.6,0.05,9.0,252.0,NaN
2024-07-17T00:00,18.1,12.3,0.75,14.0,281.0,NaN
2024-07-17T01:00,19.3,13.2,1.70,19.0,293.0,NaN
2024-07-17T02:00,19.6,13.2,2.80,28.0,310.0,NaN
2024-07-17T03:00,22.4,15.2,5.55,41.0,315.0,NaN
2024-07-17T04:00,25.1,17.1,8.10,66.0,296.0,NaN
2024-07-17T05:00,27.9,19.0,6.35,96.0,267.0,NaN
2024-07-17T06:00,31.3,21.2,6.95,112.0,253.0,NaN
2024-07-17T07:00,28.6,19.3,2.35,104.0,269.0,NaN
2024-07-17T08:00,27.0,18.5,1.10,82.0,301.0,NaN
2024-07-17T09:00,23.1,16.1,0.30,63.0,333.0,NaN
2024-07-17T10:00,21.6,15.1,0.10,52.0,366.0,NaN
2024-07-17T11:00,21.2,14.9,0.00,44.0,400.0,NaN
2024-07-17T12:00,25.2,17.3,0.00,33.0,436.0,NaN
2024-07-17T13:00,23.5,16.2,0.00,30.0,420.0,NaN
2024-07-17T14:00,22.9,15.8,0.00,25.0,396.0,NaN
2024-07-17T15:00,23.3,16.1,0.00,20.0,374.0,NaN
2024-07-17T16:00,24.2,16.7,0.00,16.0,358.0,NaN
2024-07-17T17:00,23.2,15.9,0.00,13.0,343.0,NaN
2024-07-17T18:00,21.9,15.0,0.00,10.0,322.0,NaN
2024-07-17T19:00,19.7,13.4,0.00,9.0,286.0,NaN
2024-07-17T20:00,17.7,12.1,0.00,9.0,244.0,NaN
2024-07-17T21:00,15.8,11.0,0.00,9.0,222.0,NaN
2024-07-17T22:00,14.8,10.4,0.00,7.0,235.0,NaN
2024-07-17T23:00,15.4,10.8,0.05,5.0,267.0,NaN
2024-07-18T00:00,18.8,12.9,0.60,15.0,253.0,NaN
2024-07-18T01:00,19.8,13.7,1.55,21.0,259.0,NaN
2024-07-18T02:00,21.2,14.7,2.80,29.0,267.0,NaN
2024-07-18T03:00,22.9,15.9,5.60,40.0,267.0,NaN
2024-07-18T04:00,24.0,16.6,7.60,57.0,248.0,NaN
2024-07-18T05:00,27.2,18.7,6.00,77.0,221.0,NaN
2024-07-18T06:00,28.7,19.7,3.75,85.0,212.0,NaN
2024-07-18T07:00,25.6,17.8,1.45,73.0,228.0,NaN
2024-07-18T08:00,21.0,14.7,0.25,51.0,260.0,NaN
2024-07-18T09:00,19.1,13.4,0.20,32.0,314.0,NaN
2024-07-18T10:00,21.4,15.1,0.15,24.0,402.0,NaN
2024-07-18T11:00,25.8,18.1,0.00,20.0,510.0,NaN
2024-07-18T12:00,37.8,26.1,0.00,18.0,669.0,NaN
2024-07-18T13:00,39.9,27.7,0.00,15.0,664.0,NaN
2024-07-18T14:00,36.9,25.6,0.00,11.0,654.0,NaN
2024-07-18T15:00,37.3,25.8,0.00,9.0,627.0,NaN
2024-07-18T16:00,35.0,24.3,0.00,10.0,569.0,NaN
2024-07-18T17:00,29.8,20.6,0.00,13.0,493.0,NaN
2024-07-18T18:00,26.7,18.4,0.00,17.0,424.0,NaN
2024-07-18T19:00,24.6,16.9,0.00,25.0,365.0,NaN
2024-07-18T20:00,23.1,15.8,0.00,35.0,313.0,NaN
2024-07-18T21:00,20.0,13.6,0.00,41.0,283.0,NaN
2024-07-18T22:00,16.1,11.1,0.00,41.0,285.0,NaN
2024-07-18T23:00,13.9,9.5,0.00,38.0,309.0,NaN
2024-07-19T00:00,28.0,19.2,0.15,22.0,425.0,NaN
2024-07-19T01:00,29.2,20.0,0.40,31.0,432.0,NaN
2024-07-19T02:00,31.8,21.8,1.45,44.0,441.0,NaN
2024-07-19T03:00,32.6,22.2,3.05,56.0,443.0,NaN
2024-07-19T04:00,37.4,25.7,3.80,68.0,428.0,NaN
2024-07-19T05:00,37.4,25.7,2.65,79.0,406.0,NaN
2024-07-19T06:00,38.4,26.4,3.50,86.0,395.0,NaN
2024-07-19T07:00,34.5,23.7,2.60,88.0,393.0,NaN
2024-07-19T08:00,31.7,21.9,0.95,86.0,403.0,NaN
2024-07-19T09:00,34.3,24.0,0.75,81.0,448.0,NaN
2024-07-19T10:00,39.6,27.6,0.35,72.0,554.0,NaN
2024-07-19T11:00,41.2,28.8,0.00,59.0,696.0,NaN
2024-07-19T12:00,44.0,30.6,0.00,43.0,698.0,NaN
2024-07-19T13:00,45.3,31.5,0.00,36.0,720.0,NaN
2024-07-19T14:00,47.3,33.1,0.00,27.0,747.0,NaN
2024-07-19T15:00,46.3,32.2,0.00,20.0,733.0,NaN
2024-07-19T16:00,39.9,27.8,0.00,17.0,643.0,NaN
2024-07-19T17:00,31.9,22.2,0.00,16.0,514.0,NaN
2024-07-19T18:00,26.0,18.0,0.00,15.0,408.0,NaN
2024-07-19T19:00,22.5,15.5,0.00,14.0,348.0,NaN
2024-07-19T20:00,20.7,14.3,0.00,14.0,311.0,NaN
2024-07-19T21:00,19.5,13.5,0.00,15.0,295.0,NaN
2024-07-19T22:00,19.5,13.6,0.00,17.0,307.0,NaN
2024-07-19T23:00,21.4,14.8,0.05,20.0,340.0,NaN
2024-07-20T00:00,26.2,18.2,0.40,15.0,433.0,NaN
2024-07-20T01:00,23.3,16.1,0.75,19.0,446.0,NaN
2024-07-20T02:00,25.0,17.3,1.10,25.0,463.0,NaN
2024-07-20T03:00,27.9,19.3,2.25,32.0,472.0,NaN
2024-07-20T04:00,28.8,19.9,2.00,39.0,462.0,NaN
2024-07-20T05:00,31.8,22.0,1.90,47.0,443.0,NaN
2024-07-20T06:00,32.0,22.1,1.45,53.0,432.0,NaN
2024-07-20T07:00,35.5,24.4,1.50,57.0,426.0,NaN
2024-07-20T08:00,33.2,22.9,0.45,60.0,427.0,NaN
2024-07-20T09:00,36.0,24.9,0.40,59.0,458.0,NaN
2024-07-20T10:00,41.6,28.9,0.20,51.0,550.0,NaN
2024-07-20T11:00,45.6,31.8,0.00,40.0,671.0,NaN
2024-07-20T12:00,42.3,29.2,0.00,39.0,670.0,NaN
2024-07-20T13:00,39.6,27.4,0.00,34.0,662.0,NaN
2024-07-20T14:00,39.7,27.5,0.00,28.0,648.0,NaN
2024-07-20T15:00,39.3,27.2,0.00,24.0,613.0,NaN
2024-07-20T16:00,36.6,25.2,0.00,24.0,541.0,NaN
2024-07-20T17:00,31.1,21.3,0.00,27.0,449.0,NaN
2024-07-20T18:00,26.7,18.2,0.00,29.0,371.0,NaN
2024-07-20T19:00,24.1,16.3,0.00,31.0,320.0,NaN
2024-07-20T20:00,22.4,15.1,0.00,32.0,284.0,NaN
2024-07-20T21:00,20.4,13.6,0.00,33.0,256.0,NaN
2024-07-20T22:00,17.2,11.5,0.00,32.0,233.0,NaN
2024-07-20T23:00,14.3,9.6,0.05,30.0,220.0,NaN
2024-07-21T00:00,19.9,13.7,0.50,25.0,269.0,NaN
2024-07-21T01:00,22.8,15.8,2.40,34.0,270.0,NaN
2024-07-21T02:00,22.6,15.6,4.15,46.0,270.0,NaN
2024-07-21T03:00,22.4,15.5,6.25,58.0,266.0,NaN
2024-07-21T04:00,24.4,16.9,8.95,69.0,252.0,NaN
2024-07-21T05:00,24.8,17.2,6.85,79.0,235.0,NaN
2024-07-21T06:00,23.9,16.6,4.85,86.0,228.0,NaN
2024-07-21T07:00,25.3,17.6,5.65,87.0,236.0,NaN
2024-07-21T08:00,26.6,18.5,2.70,85.0,256.0,NaN
2024-07-21T09:00,27.6,19.0,0.80,79.0,290.0,NaN
2024-07-21T10:00,32.1,22.2,0.20,69.0,352.0,NaN
2024-07-21T11:00,32.2,22.4,0.00,55.0,429.0,NaN
2024-07-21T12:00,36.7,25.4,0.00,43.0,506.0,NaN
2024-07-21T13:00,41.2,28.6,0.00,37.0,503.0,NaN
2024-07-21T14:00,38.0,26.4,0.00,29.0,497.0,NaN
2024-07-21T15:00,35.3,24.6,0.00,24.0,479.0,NaN
2024-07-21T16:00,30.7,21.4,0.00,24.0,440.0,NaN
2024-07-21T17:00,28.3,19.7,0.00,28.0,390.0,NaN
2024-07-21T18:00,27.5,19.0,0.00,31.0,345.0,NaN
2024-07-21T19:00,26.3,18.1,0.00,34.0,309.0,NaN
2024-07-21T20:00,21.3,14.7,0.00,37.0,279.0,NaN
2024-07-21T21:00,18.6,12.9,0.00,39.0,266.0,NaN
2024-07-21T22:00,18.6,12.9,0.00,37.0,283.0,NaN
2024-07-21T23:00,20.0,13.9,0.10,33.0,317.0,NaN
2024-07-22T00:00,27.9,18.5,0.70,41.0,327.0,NaN
2024-07-22T01:00,32.0,21.0,1.90,54.0,328.0,NaN
2024-07-22T02:00,38.5,24.7,4.05,73.0,329.0,NaN
2024-07-22T03:00,40.3,25.7,6.95,91.0,325.0,NaN
2024-07-22T04:00,39.2,25.1,8.55,109.0,308.0,NaN
2024-07-22T05:00,40.7,26.5,8.20,126.0,286.0,NaN
2024-07-22T06:00,40.5,26.5,5.70,133.0,276.0,NaN
2024-07-22T07:00,43.2,28.3,3.25,123.0,279.0,NaN
2024-07-22T08:00,39.7,26.4,1.35,104.0,295.0,NaN
2024-07-22T09:00,34.1,22.9,0.70,85.0,338.0,NaN
2024-07-22T10:00,33.4,22.9,0.20,69.0,436.0,NaN
2024-07-22T11:00,37.3,25.8,0.00,54.0,561.0,NaN
2024-07-22T12:00,37.6,26.1,0.00,39.0,576.0,NaN
2024-07-22T13:00,38.2,26.4,0.00,36.0,579.0,NaN
2024-07-22T14:00,39.3,27.2,0.00,32.0,582.0,NaN
2024-07-22T15:00,39.9,27.5,0.00,30.0,570.0,NaN
2024-07-22T16:00,38.5,26.5,0.00,31.0,531.0,NaN
2024-07-22T17:00,35.6,24.4,0.00,34.0,477.0,NaN
2024-07-22T18:00,34.0,23.2,0.00,37.0,430.0,NaN
2024-07-22T19:00,33.6,22.9,0.00,40.0,396.0,NaN
2024-07-22T20:00,34.7,23.3,0.00,42.0,369.0,NaN
2024-07-22T21:00,36.1,24.0,0.00,45.0,351.0,NaN
2024-07-22T22:00,37.3,24.6,0.00,46.0,348.0,NaN
2024-07-22T23:00,38.3,25.1,0.10,47.0,354.0,NaN
2024-07-23T00:00,56.0,34.3,0.60,45.0,375.0,NaN
2024-07-23T01:00,58.4,35.0,1.75,55.0,372.0,NaN
2024-07-23T02:00,61.0,36.7,4.10,70.0,367.0,NaN
2024-07-23T03:00,61.5,36.1,5.80,87.0,356.0,NaN
2024-07-23T04:00,65.4,39.1,8.40,108.0,333.0,NaN
2024-07-23T05:00,65.2,39.2,8.60,131.0,304.0,NaN
2024-07-23T06:00,62.9,38.3,6.80,144.0,281.0,NaN
2024-07-23T07:00,57.7,35.5,4.75,141.0,251.0,NaN
2024-07-23T08:00,51.3,31.4,2.85,128.0,227.0,NaN
2024-07-23T09:00,45.4,27.8,1.15,109.0,256.0,NaN
2024-07-23T10:00,43.1,27.5,0.20,83.0,378.0,NaN
2024-07-23T11:00,44.0,28.5,0.00,52.0,553.0,NaN
2024-07-23T12:00,55.3,35.6,0.00,53.0,619.0,NaN
2024-07-23T13:00,53.9,34.6,0.00,47.0,593.0,NaN
2024-07-23T14:00,50.1,32.0,0.00,39.0,555.0,NaN
2024-07-23T15:00,45.9,29.2,0.00,33.0,511.0,NaN
2024-07-23T16:00,41.8,26.4,0.00,32.0,459.0,NaN
2024-07-23T17:00,38.5,24.2,0.00,34.0,401.0,NaN
2024-07-23T18:00,36.7,22.9,0.00,35.0,353.0,NaN
2024-07-23T19:00,35.0,21.7,0.00,34.0,321.0,NaN
2024-07-23T20:00,33.3,20.5,0.00,33.0,298.0,NaN
2024-07-23T21:00,31.5,19.3,0.00,32.0,286.0,NaN
2024-07-23T22:00,29.5,18.0,0.00,29.0,289.0,NaN
2024-07-23T23:00,28.2,17.4,0.05,25.0,302.0,NaN
2024-07-24T00:00,36.9,23.0,0.75,24.0,381.0,NaN
2024-07-24T01:00,35.4,21.3,2.15,35.0,349.0,NaN
2024-07-24T02:00,33.2,19.7,4.50,51.0,304.0,NaN
2024-07-24T03:00,34.8,21.0,7.15,69.0,267.0,NaN
2024-07-24T04:00,39.5,24.2,8.90,91.0,243.0,NaN
2024-07-24T05:00,42.7,26.0,9.40,114.0,228.0,NaN
2024-07-24T06:00,46.0,28.7,7.80,127.0,225.0,NaN
2024-07-24T07:00,46.1,28.9,4.80,124.0,237.0,NaN
2024-07-24T08:00,42.8,26.9,2.55,110.0,262.0,NaN
2024-07-24T09:00,42.6,27.1,1.00,95.0,298.0,NaN
2024-07-24T10:00,42.0,26.9,0.30,78.0,361.0,NaN
2024-07-24T11:00,43.0,27.1,0.00,58.0,436.0,NaN
2024-07-24T12:00,50.1,31.0,0.00,43.0,493.0,NaN
2024-07-24T13:00,49.5,29.7,0.00,38.0,474.0,NaN
2024-07-24T14:00,48.4,28.8,0.00,30.0,448.0,NaN
2024-07-24T15:00,47.5,27.8,0.00,24.0,419.0,NaN
2024-07-24T16:00,46.4,27.1,0.00,21.0,389.0,NaN
2024-07-24T17:00,44.9,26.0,0.00,19.0,357.0,NaN
2024-07-24T18:00,44.2,25.4,0.00,19.0,327.0,NaN
2024-07-24T19:00,43.5,24.8,0.00,20.0,299.0,NaN
2024-07-24T20:00,42.5,23.9,0.00,22.0,272.0,NaN
2024-07-24T21:00,41.7,23.2,0.00,25.0,252.0,NaN
2024-07-24T22:00,40.6,22.7,0.00,27.0,241.0,NaN
2024-07-24T23:00,36.1,21.1,0.05,29.0,237.0,NaN
2024-07-25T00:00,30.9,17.8,0.75,33.0,267.0,NaN
2024-07-25T01:00,27.2,16.1,1.90,41.0,272.0,NaN
2024-07-25T02:00,25.6,15.9,3.70,52.0,278.0,NaN
2024-07-25T03:00,25.9,16.7,6.40,62.0,277.0,NaN
2024-07-25T04:00,30.0,19.7,9.50,71.0,258.0,NaN
2024-07-25T05:00,29.3,19.3,4.45,78.0,233.0,NaN
2024-07-25T06:00,26.0,17.1,2.50,81.0,227.0,NaN
2024-07-25T07:00,28.3,18.7,1.50,77.0,251.0,NaN
2024-07-25T08:00,29.7,19.8,1.20,68.0,293.0,NaN
2024-07-25T09:00,30.6,20.4,0.50,58.0,348.0,NaN
2024-07-25T10:00,28.9,19.8,0.15,48.0,428.0,NaN
2024-07-25T11:00,31.5,21.7,0.00,36.0,521.0,NaN
2024-07-25T12:00,42.4,28.6,0.00,24.0,578.0,NaN
2024-07-25T13:00,35.5,24.0,0.00,25.0,523.0,NaN
2024-07-25T14:00,29.3,19.8,0.00,27.0,446.0,NaN
2024-07-25T15:00,29.6,20.0,0.00,27.0,386.0,NaN
2024-07-25T16:00,31.7,21.4,0.00,25.0,364.0,NaN
2024-07-25T17:00,31.5,21.1,0.00,22.0,359.0,NaN
2024-07-25T18:00,29.9,20.0,0.00,20.0,346.0,NaN
2024-07-25T19:00,28.3,18.9,0.00,22.0,311.0,NaN
2024-07-25T20:00,26.4,17.5,0.00,25.0,268.0,NaN
2024-07-25T21:00,23.1,15.5,0.00,27.0,241.0,NaN
2024-07-25T22:00,20.4,13.9,0.00,25.0,244.0,NaN
2024-07-25T23:00,18.9,13.0,0.05,22.0,262.0,NaN
2024-07-26T00:00,14.6,10.6,0.35,27.0,266.0,NaN
2024-07-26T01:00,12.8,9.0,0.50,32.0,287.0,NaN
2024-07-26T02:00,15.0,10.6,1.35,40.0,315.0,NaN
2024-07-26T03:00,17.4,12.3,4.30,48.0,336.0,NaN
2024-07-26T04:00,18.7,13.1,2.15,56.0,339.0,NaN
2024-07-26T05:00,21.9,15.1,2.80,64.0,335.0,NaN
2024-07-26T06:00,27.6,19.2,2.30,73.0,339.0,NaN
2024-07-26T07:00,32.2,22.3,2.10,86.0,350.0,NaN
2024-07-26T08:00,37.6,25.7,2.80,99.0,369.0,NaN
2024-07-26T09:00,42.8,29.0,1.45,103.0,411.0,NaN
2024-07-26T10:00,45.6,30.9,0.25,92.0,497.0,NaN
2024-07-26T11:00,48.0,32.5,0.00,71.0,605.0,NaN
2024-07-26T12:00,50.5,34.0,0.00,68.0,562.0,NaN
2024-07-26T13:00,52.6,35.6,0.00,60.0,577.0,NaN
2024-07-26T14:00,52.6,35.9,0.00,48.0,596.0,NaN
2024-07-26T15:00,51.6,35.2,0.00,39.0,599.0,NaN
2024-07-26T16:00,51.0,34.7,0.00,36.0,573.0,NaN
2024-07-26T17:00,49.0,33.1,0.00,35.0,532.0,NaN
2024-07-26T18:00,47.0,31.5,0.00,35.0,491.0,NaN
2024-07-26T19:00,45.5,30.4,0.00,35.0,453.0,NaN
2024-07-26T20:00,44.1,29.4,0.00,36.0,417.0,NaN
2024-07-26T21:00,43.2,28.8,0.00,37.0,392.0,NaN
2024-07-26T22:00,42.3,28.0,0.00,36.0,388.0,NaN
2024-07-26T23:00,39.7,26.3,0.05,35.0,397.0,NaN
2024-07-27T00:00,44.0,28.8,0.65,51.0,383.0,NaN
2024-07-27T01:00,48.2,31.0,1.90,59.0,371.0,NaN
2024-07-27T02:00,47.6,30.5,2.80,71.0,354.0,NaN
2024-07-27T03:00,43.7,28.3,4.75,82.0,334.0,NaN
2024-07-27T04:00,41.8,27.1,5.20,91.0,306.0,NaN
2024-07-27T05:00,39.6,25.9,5.90,100.0,274.0,NaN
2024-07-27T06:00,45.3,29.5,4.45,104.0,255.0,NaN
2024-07-27T07:00,35.3,23.2,3.65,104.0,247.0,NaN
2024-07-27T08:00,32.7,21.9,3.20,99.0,252.0,NaN
2024-07-27T09:00,29.9,20.1,0.75,91.0,290.0,NaN
2024-07-27T10:00,31.4,21.7,0.10,76.0,393.0,NaN
2024-07-27T11:00,35.9,24.9,0.00,57.0,530.0,NaN
2024-07-27T12:00,47.1,32.7,0.00,45.0,617.0,NaN
2024-07-27T13:00,48.5,33.8,0.00,39.0,649.0,NaN
2024-07-27T14:00,50.8,35.2,0.00,32.0,691.0,NaN
2024-07-27T15:00,51.9,36.0,0.00,27.0,701.0,NaN
2024-07-27T16:00,50.4,34.8,0.00,28.0,651.0,NaN
2024-07-27T17:00,46.0,31.7,0.00,31.0,569.0,NaN
2024-07-27T18:00,41.8,28.6,0.00,34.0,498.0,NaN
2024-07-27T19:00,38.9,26.6,0.00,34.0,452.0,NaN
2024-07-27T20:00,37.4,25.6,0.00,34.0,418.0,NaN
2024-07-27T21:00,37.3,25.4,0.00,33.0,397.0,NaN
2024-07-27T22:00,37.8,25.7,0.00,31.0,397.0,NaN
2024-07-27T23:00,37.7,25.4,0.05,29.0,411.0,NaN
2024-07-28T00:00,42.3,28.4,0.45,34.0,428.0,NaN
2024-07-28T01:00,43.9,28.9,1.80,42.0,410.0,NaN
2024-07-28T02:00,44.0,28.5,2.40,53.0,386.0,NaN
2024-07-28T03:00,44.8,28.9,3.90,64.0,364.0,NaN
2024-07-28T04:00,47.3,30.6,5.35,73.0,347.0,NaN
2024-07-28T05:00,46.6,30.5,4.50,81.0,333.0,NaN
2024-07-28T06:00,47.0,31.5,2.75,89.0,326.0,NaN
2024-07-28T07:00,49.6,33.8,3.50,99.0,327.0,NaN
2024-07-28T08:00,50.6,34.8,3.05,109.0,335.0,NaN
2024-07-28T09:00,47.6,32.7,1.15,109.0,355.0,NaN
2024-07-28T10:00,42.6,29.3,0.20,91.0,390.0,NaN
2024-07-28T11:00,39.1,27.1,0.00,63.0,437.0,NaN
2024-07-28T12:00,38.1,26.4,0.00,54.0,439.0,NaN
2024-07-28T13:00,39.0,27.1,0.00,47.0,457.0,NaN
2024-07-28T14:00,41.1,28.5,0.00,37.0,483.0,NaN
2024-07-28T15:00,43.8,30.4,0.00,28.0,510.0,NaN
2024-07-28T16:00,46.7,32.4,0.00,21.0,539.0,NaN
2024-07-28T17:00,48.2,33.5,0.00,15.0,569.0,NaN
2024-07-28T18:00,47.1,32.7,0.00,10.0,584.0,NaN
2024-07-28T19:00,46.1,31.9,0.00,7.0,574.0,NaN
2024-07-28T20:00,45.9,31.5,0.00,6.0,549.0,NaN
2024-07-28T21:00,46.0,31.5,0.00,6.0,531.0,NaN
2024-07-28T22:00,46.2,31.5,0.00,7.0,535.0,NaN
2024-07-28T23:00,47.0,32.0,0.05,11.0,546.0,NaN
2024-07-29T00:00,44.4,30.3,0.55,16.0,615.0,NaN
2024-07-29T01:00,42.0,27.4,2.20,32.0,527.0,NaN
2024-07-29T02:00,43.2,27.5,4.50,55.0,406.0,NaN
2024-07-29T03:00,41.7,26.5,6.95,76.0,310.0,NaN
2024-07-29T04:00,40.4,26.0,9.40,94.0,265.0,NaN
2024-07-29T05:00,41.8,27.2,9.85,109.0,245.0,NaN
2024-07-29T06:00,41.0,26.8,7.40,116.0,237.0,NaN
2024-07-29T07:00,39.6,26.1,3.65,110.0,235.0,NaN
2024-07-29T08:00,40.4,26.7,1.60,96.0,245.0,NaN
2024-07-29T09:00,38.9,25.6,1.00,82.0,271.0,NaN
2024-07-29T10:00,35.2,23.3,0.20,69.0,320.0,NaN
2024-07-29T11:00,33.3,22.8,0.00,55.0,385.0,NaN
2024-07-29T12:00,48.5,33.2,0.00,49.0,559.0,NaN
2024-07-29T13:00,48.4,33.4,0.00,42.0,604.0,NaN
2024-07-29T14:00,49.4,34.2,0.00,32.0,664.0,NaN
2024-07-29T15:00,50.4,35.0,0.00,25.0,694.0,NaN
2024-07-29T16:00,49.8,34.6,0.00,23.0,667.0,NaN
2024-07-29T17:00,44.9,31.2,0.00,24.0,610.0,NaN
2024-07-29T18:00,39.8,27.6,0.00,25.0,557.0,NaN
2024-07-29T19:00,35.9,24.9,0.00,24.0,515.0,NaN
2024-07-29T20:00,33.6,23.3,0.00,22.0,477.0,NaN
2024-07-29T21:00,33.6,23.2,0.00,22.0,459.0,NaN
2024-07-29T22:00,34.8,24.1,0.00,21.0,483.0,NaN
2024-07-29T23:00,38.0,26.3,0.10,21.0,528.0,NaN
2024-07-30T00:00,43.2,29.6,0.80,24.0,613.0,NaN
2024-07-30T01:00,36.7,24.6,2.45,44.0,542.0,NaN
2024-07-30T02:00,34.6,23.3,5.30,71.0,442.0,NaN
2024-07-30T03:00,36.8,25.1,8.35,96.0,363.0,NaN
2024-07-30T04:00,41.0,28.1,9.60,118.0,322.0,NaN
2024-07-30T05:00,43.3,29.6,9.05,138.0,301.0,NaN
2024-07-30T06:00,47.3,32.4,5.40,145.0,293.0,NaN
2024-07-30T07:00,48.8,33.5,3.10,131.0,287.0,NaN
2024-07-30T08:00,41.4,28.5,1.40,105.0,293.0,NaN
2024-07-30T09:00,38.0,26.3,0.60,80.0,335.0,NaN
2024-07-30T10:00,35.5,24.7,0.25,62.0,440.0,NaN
2024-07-30T11:00,38.5,26.9,0.00,46.0,581.0,NaN
2024-07-30T12:00,48.0,33.5,0.00,38.0,698.0,NaN
2024-07-30T13:00,53.3,37.3,0.00,30.0,740.0,NaN
2024-07-30T14:00,56.2,39.3,0.00,18.0,800.0,NaN
2024-07-30T15:00,62.2,43.4,0.00,9.0,864.0,NaN
2024-07-30T16:00,65.0,45.4,0.00,5.0,941.0,NaN
2024-07-30T17:00,67.8,47.5,0.00,3.0,1022.0,NaN
2024-07-30T18:00,70.3,49.2,0.00,2.0,1060.0,NaN
2024-07-30T19:00,66.4,46.3,0.00,0.0,1033.0,NaN
2024-07-30T20:00,64.5,45.1,0.00,0.0,963.0,NaN
2024-07-30T21:00,63.1,43.9,0.00,1.0,878.0,NaN
2024-07-30T22:00,55.2,38.3,0.00,7.0,778.0,NaN
2024-07-30T23:00,49.0,34.1,0.10,16.0,661.0,NaN
2024-07-31T00:00,62.2,43.0,0.65,21.0,777.0,NaN
2024-07-31T01:00,50.4,34.7,2.25,37.0,645.0,NaN
2024-07-31T02:00,39.0,25.9,4.95,59.0,463.0,NaN
2024-07-31T03:00,37.7,24.5,7.55,79.0,324.0,NaN
2024-07-31T04:00,39.6,25.7,8.95,97.0,272.0,NaN
2024-07-31T05:00,42.6,27.9,9.20,113.0,264.0,NaN
2024-07-31T06:00,47.4,31.2,8.20,123.0,264.0,NaN
2024-07-31T07:00,50.6,33.4,5.55,124.0,254.0,NaN
2024-07-31T08:00,49.7,33.1,2.40,118.0,254.0,NaN
2024-07-31T09:00,47.1,31.4,0.65,106.0,283.0,NaN
2024-07-31T10:00,41.9,28.3,0.10,86.0,366.0,NaN
2024-07-31T11:00,37.7,26.0,0.00,60.0,479.0,NaN
2024-07-31T12:00,45.4,31.3,0.00,46.0,565.0,NaN
2024-07-31T13:00,50.3,34.7,0.00,41.0,579.0,NaN
2024-07-31T14:00,51.7,35.4,0.00,33.0,599.0,NaN
2024-07-31T15:00,55.5,38.1,0.00,26.0,624.0,NaN
2024-07-31T16:00,59.0,40.5,0.00,19.0,664.0,NaN
2024-07-31T17:00,59.5,41.0,0.00,12.0,709.0,NaN
2024-07-31T18:00,58.9,40.6,0.00,7.0,729.0,NaN
2024-07-31T19:00,57.4,39.5,0.00,5.0,700.0,NaN
2024-07-31T20:00,55.4,38.0,0.00,4.0,646.0,NaN
2024-07-31T21:00,51.0,34.8,0.00,6.0,604.0,NaN
2024-07-31T22:00,45.6,31.1,0.00,9.0,601.0,NaN
2024-07-31T23:00,46.2,31.4,0.10,14.0,611.0,NaN
2024-08-01T00:00,54.4,37.0,0.70,18.0,748.0,NaN
2024-08-01T01:00,44.4,29.3,2.15,29.0,627.0,NaN
2024-08-01T02:00,39.6,25.6,4.45,44.0,459.0,NaN
2024-08-01T03:00,39.0,25.0,6.45,62.0,333.0,NaN
2024-08-01T04:00,40.3,26.0,7.95,85.0,287.0,NaN
2024-08-01T05:00,44.0,28.8,8.55,110.0,283.0,NaN
2024-08-01T06:00,50.2,33.4,7.40,123.0,286.0,NaN
2024-08-01T07:00,52.0,34.8,4.75,117.0,278.0,NaN
2024-08-01T08:00,52.0,34.9,2.25,100.0,278.0,NaN
2024-08-01T09:00,42.3,28.5,0.50,82.0,311.0,NaN
2024-08-01T10:00,41.4,28.2,0.20,65.0,395.0,NaN
2024-08-01T11:00,45.8,31.1,0.00,46.0,512.0,NaN
2024-08-01T12:00,53.1,36.2,0.00,53.0,579.0,NaN
2024-08-01T13:00,59.8,41.1,0.00,45.0,632.0,NaN
2024-08-01T14:00,64.7,44.6,0.00,34.0,706.0,NaN
2024-08-01T15:00,68.2,47.0,0.00,24.0,761.0,NaN
2024-08-01T16:00,68.7,47.4,0.00,18.0,779.0,NaN
2024-08-01T17:00,67.5,46.8,0.00,13.0,778.0,NaN
2024-08-01T18:00,67.3,46.4,0.00,9.0,779.0,NaN
2024-08-01T19:00,67.3,46.4,0.00,5.0,790.0,NaN
2024-08-01T20:00,68.7,47.4,0.00,3.0,802.0,NaN
2024-08-01T21:00,69.8,48.1,0.00,3.0,810.0,NaN
2024-08-01T22:00,70.5,48.8,0.00,6.0,827.0,NaN
2024-08-01T23:00,68.7,47.0,0.10,11.0,840.0,NaN
2024-08-02T00:00,70.5,48.3,0.75,20.0,767.0,NaN
2024-08-02T01:00,57.6,38.4,2.25,33.0,658.0,NaN
2024-08-02T02:00,54.4,35.4,4.65,51.0,508.0,NaN
2024-08-02T03:00,55.3,35.9,6.85,71.0,391.0,NaN
2024-08-02T04:00,58.0,38.0,8.30,92.0,342.0,NaN
2024-08-02T05:00,61.7,40.9,8.00,115.0,326.0,NaN
2024-08-02T06:00,65.4,43.8,6.60,131.0,318.0,NaN
2024-08-02T07:00,68.2,45.9,4.90,139.0,304.0,NaN
2024-08-02T08:00,68.0,45.8,2.70,141.0,297.0,NaN
2024-08-02T09:00,64.7,43.7,1.05,134.0,313.0,NaN
2024-08-02T10:00,52.2,35.4,0.15,111.0,361.0,NaN
2024-08-02T11:00,48.9,33.6,0.00,79.0,431.0,NaN
2024-08-02T12:00,43.3,30.0,0.00,53.0,483.0,NaN
2024-08-02T13:00,43.3,30.2,0.00,46.0,518.0,NaN
2024-08-02T14:00,46.2,32.2,0.00,36.0,565.0,NaN
2024-08-02T15:00,48.5,33.9,0.00,28.0,601.0,NaN
2024-08-02T16:00,50.8,35.4,0.00,22.0,612.0,NaN
2024-08-02T17:00,49.4,34.5,0.00,18.0,612.0,NaN
2024-08-02T18:00,48.9,34.1,0.00,14.0,611.0,NaN
2024-08-02T19:00,49.2,34.3,0.00,9.0,606.0,NaN
2024-08-02T20:00,50.5,35.2,0.00,4.0,600.0,NaN
2024-08-02T21:00,52.3,36.3,0.00,2.0,617.0,NaN
2024-08-02T22:00,54.2,37.8,0.00,3.0,697.0,NaN
2024-08-02T23:00,57.9,40.4,0.10,7.0,799.0,NaN
2024-08-03T00:00,47.1,32.7,0.75,21.0,642.0,NaN
2024-08-03T01:00,43.7,29.7,2.35,35.0,555.0,NaN
2024-08-03T02:00,38.9,25.6,4.80,55.0,434.0,NaN
2024-08-03T03:00,40.6,26.6,7.05,76.0,342.0,NaN
2024-08-03T04:00,47.7,31.5,8.75,102.0,308.0,NaN
2024-08-03T05:00,54.9,36.8,8.25,130.0,304.0,NaN
2024-08-03T06:00,60.3,40.6,7.95,146.0,303.0,NaN
2024-08-03T07:00,65.7,44.5,5.60,141.0,289.0,NaN
2024-08-03T08:00,65.0,44.0,2.15,124.0,280.0,NaN
2024-08-03T09:00,49.4,33.5,0.45,105.0,300.0,NaN
2024-08-03T10:00,43.7,29.7,0.20,84.0,379.0,NaN
2024-08-03T11:00,43.8,29.7,0.00,61.0,488.0,NaN
2024-08-03T12:00,42.4,28.9,0.00,45.0,461.0,NaN
2024-08-03T13:00,41.3,28.5,0.00,39.0,471.0,NaN
2024-08-03T14:00,41.0,28.3,0.00,31.0,484.0,NaN
2024-08-03T15:00,39.5,27.4,0.00,24.0,494.0,NaN
2024-08-03T16:00,38.5,26.8,0.00,18.0,501.0,NaN
2024-08-03T17:00,37.5,26.2,0.00,13.0,504.0,NaN
2024-08-03T18:00,34.6,24.2,0.00,10.0,496.0,NaN
2024-08-03T19:00,31.5,22.1,0.00,9.0,465.0,NaN
2024-08-03T20:00,28.9,20.3,0.00,10.0,421.0,NaN
2024-08-03T21:00,26.3,18.5,0.00,12.0,390.0,NaN
2024-08-03T22:00,24.4,17.1,0.00,15.0,384.0,NaN
2024-08-03T23:00,24.6,17.2,0.05,18.0,391.0,NaN
2024-08-04T00:00,17.8,12.1,0.55,23.0,390.0,NaN
2024-08-04T01:00,21.5,14.7,2.30,35.0,378.0,NaN
2024-08-04T02:00,24.8,16.8,4.45,51.0,361.0,NaN
2024-08-04T03:00,28.5,19.3,6.70,66.0,344.0,NaN
2024-08-04T04:00,39.1,26.6,8.40,77.0,328.0,NaN
2024-08-04T05:00,40.6,27.8,3.05,86.0,313.0,NaN
2024-08-04T06:00,40.2,27.5,2.70,92.0,303.0,NaN
2024-08-04T07:00,38.8,26.6,3.55,93.0,292.0,NaN
2024-08-04T08:00,34.3,23.6,2.55,90.0,285.0,NaN
2024-08-04T09:00,33.5,23.2,1.25,84.0,310.0,NaN
2024-08-04T10:00,34.7,24.0,0.30,74.0,391.0,NaN
2024-08-04T11:00,38.5,26.8,0.00,61.0,503.0,NaN
2024-08-04T12:00,43.1,29.8,0.00,39.0,678.0,NaN
2024-08-04T13:00,42.4,29.5,0.00,33.0,689.0,NaN
2024-08-04T14:00,41.8,29.0,0.00,26.0,702.0,NaN
2024-08-04T15:00,43.5,30.3,0.00,19.0,701.0,NaN
2024-08-04T16:00,45.2,31.4,0.00,14.0,677.0,NaN
2024-08-04T17:00,39.1,27.2,0.00,11.0,638.0,NaN
2024-08-04T18:00,34.6,24.0,0.00,8.0,597.0,NaN
2024-08-04T19:00,31.8,22.1,0.00,6.0,554.0,NaN
2024-08-04T20:00,29.6,20.5,0.00,4.0,507.0,NaN
2024-08-04T21:00,28.5,19.7,0.00,5.0,466.0,NaN
2024-08-04T22:00,28.6,19.8,0.00,8.0,434.0,NaN
2024-08-04T23:00,30.7,21.4,0.10,12.0,406.0,NaN
2024-08-05T00:00,25.5,17.6,0.75,18.0,441.0,NaN
2024-08-05T01:00,24.2,16.5,2.40,30.0,408.0,NaN
2024-08-05T02:00,23.8,16.2,4.95,46.0,362.0,NaN
2024-08-05T03:00,26.8,18.2,8.20,62.0,320.0,NaN
2024-08-05T04:00,32.2,22.0,9.60,76.0,284.0,NaN
2024-08-05T05:00,34.1,23.3,5.70,89.0,252.0,NaN
2024-08-05T06:00,35.5,24.2,3.65,96.0,238.0,NaN
2024-08-05T07:00,33.4,23.0,1.60,93.0,244.0,NaN
2024-08-05T08:00,31.4,21.8,1.15,83.0,269.0,NaN
2024-08-05T09:00,32.9,22.9,1.50,71.0,320.0,NaN
2024-08-05T10:00,35.0,24.3,0.30,58.0,422.0,NaN
2024-08-05T11:00,40.2,28.1,0.00,43.0,550.0,NaN
2024-08-05T12:00,35.6,24.7,0.00,51.0,536.0,NaN
2024-08-05T13:00,39.5,27.6,0.00,43.0,594.0,NaN
2024-08-05T14:00,43.2,30.2,0.00,31.0,670.0,NaN
2024-08-05T15:00,43.1,30.0,0.00,22.0,696.0,NaN
2024-08-05T16:00,35.7,24.9,0.00,18.0,628.0,NaN
2024-08-05T17:00,29.5,20.5,0.00,17.0,510.0,NaN
2024-08-05T18:00,27.0,18.7,0.00,16.0,412.0,NaN
2024-08-05T19:00,24.9,17.3,0.00,14.0,358.0,NaN
2024-08-05T20:00,22.6,15.7,0.00,11.0,323.0,NaN
2024-08-05T21:00,21.0,14.6,0.00,10.0,303.0,NaN
2024-08-05T22:00,21.2,14.7,0.00,10.0,305.0,NaN
2024-08-05T23:00,22.2,15.3,0.05,11.0,322.0,NaN
2024-08-06T00:00,23.5,16.4,0.80,15.0,380.0,NaN
2024-08-06T01:00,21.0,14.5,2.35,24.0,350.0,NaN
2024-08-06T02:00,21.1,14.5,5.30,37.0,307.0,NaN
2024-08-06T03:00,22.4,15.2,7.95,53.0,274.0,NaN
2024-08-06T04:00,27.1,18.5,10.35,75.0,258.0,NaN
2024-08-06T05:00,33.8,23.1,10.60,100.0,250.0,NaN
2024-08-06T06:00,40.7,28.1,8.30,115.0,247.0,NaN
2024-08-06T07:00,45.4,31.4,5.30,116.0,241.0,NaN
2024-08-06T08:00,44.2,30.6,2.50,107.0,239.0,NaN
2024-08-06T09:00,37.0,25.7,0.55,93.0,260.0,NaN
2024-08-06T10:00,28.9,20.2,0.10,71.0,321.0,NaN
2024-08-06T11:00,25.4,17.9,0.00,44.0,406.0,NaN
2024-08-06T12:00,31.9,22.3,0.00,32.0,482.0,NaN
2024-08-06T13:00,34.5,24.2,0.00,24.0,539.0,NaN
2024-08-06T14:00,38.1,26.7,0.00,12.0,615.0,NaN
2024-08-06T15:00,40.4,28.2,0.00,4.0,655.0,NaN
2024-08-06T16:00,39.7,27.6,0.00,2.0,627.0,NaN
2024-08-06T17:00,34.5,24.0,0.00,2.0,564.0,NaN
2024-08-06T18:00,31.2,21.7,0.00,3.0,507.0,NaN
2024-08-06T19:00,29.2,20.1,0.00,2.0,471.0,NaN
2024-08-06T20:00,28.7,19.7,0.00,1.0,442.0,NaN
2024-08-06T21:00,28.7,19.8,0.00,1.0,420.0,NaN
2024-08-06T22:00,30.0,20.8,0.00,3.0,412.0,NaN
2024-08-06T23:00,29.0,20.1,0.10,7.0,412.0,NaN
2024-08-07T00:00,28.2,19.6,0.80,13.0,446.0,NaN
2024-08-07T01:00,20.9,14.5,2.30,23.0,404.0,NaN
2024-08-07T02:00,20.7,14.4,4.95,37.0,345.0,NaN
2024-08-07T03:00,21.3,14.8,6.95,51.0,294.0,NaN
2024-08-07T04:00,23.1,16.1,9.05,65.0,257.0,NaN
2024-08-07T05:00,24.9,17.3,6.00,80.0,228.0,NaN
2024-08-07T06:00,28.3,19.7,4.80,89.0,215.0,NaN
2024-08-07T07:00,33.2,23.1,4.25,91.0,217.0,NaN
2024-08-07T08:00,34.0,23.6,2.20,88.0,234.0,NaN
2024-08-07T09:00,32.9,23.1,1.00,81.0,276.0,NaN
2024-08-07T10:00,30.2,21.1,0.25,67.0,361.0,NaN
2024-08-07T11:00,31.8,22.3,0.00,50.0,470.0,NaN
2024-08-07T12:00,35.7,24.9,0.00,36.0,466.0,NaN
2024-08-07T13:00,41.3,28.9,0.00,28.0,525.0,NaN
2024-08-07T14:00,44.5,31.1,0.00,17.0,603.0,NaN
2024-08-07T15:00,46.6,32.6,0.00,9.0,642.0,NaN
2024-08-07T16:00,47.5,33.3,0.00,7.0,609.0,NaN
2024-08-07T17:00,39.5,27.5,0.00,8.0,538.0,NaN
2024-08-07T18:00,31.1,21.7,0.00,9.0,470.0,NaN
2024-08-07T19:00,25.6,17.8,0.00,9.0,409.0,NaN
2024-08-07T20:00,21.1,14.6,0.00,9.0,352.0,NaN
2024-08-07T21:00,20.4,14.2,0.00,9.0,324.0,NaN
2024-08-07T22:00,21.2,14.7,0.00,8.0,355.0,NaN
2024-08-07T23:00,22.9,15.8,0.05,8.0,417.0,NaN
2024-08-08T00:00,30.0,21.1,0.80,13.0,622.0,NaN
2024-08-08T01:00,21.4,14.8,2.40,25.0,524.0,NaN
2024-08-08T02:00,20.5,14.1,4.85,42.0,388.0,NaN
2024-08-08T03:00,22.6,15.6,7.60,59.0,286.0,NaN
2024-08-08T04:00,26.8,18.6,9.20,77.0,249.0,NaN
2024-08-08T05:00,31.9,22.1,8.90,95.0,245.0,NaN
2024-08-08T06:00,36.2,25.1,8.40,109.0,247.0,NaN
2024-08-08T07:00,38.4,26.7,6.15,118.0,242.0,NaN
2024-08-08T08:00,40.4,28.1,3.75,121.0,243.0,NaN
2024-08-08T09:00,39.1,27.2,1.65,117.0,268.0,NaN
2024-08-08T10:00,35.9,25.0,0.35,99.0,334.0,NaN
2024-08-08T11:00,39.3,27.4,0.00,72.0,424.0,NaN
2024-08-08T12:00,49.1,34.1,0.00,43.0,680.0,NaN
2024-08-08T13:00,50.4,34.9,0.00,38.0,678.0,NaN
2024-08-08T14:00,49.2,34.1,0.00,30.0,672.0,NaN
2024-08-08T15:00,48.8,33.6,0.00,24.0,651.0,NaN
2024-08-08T16:00,46.8,32.1,0.00,21.0,603.0,NaN
2024-08-08T17:00,42.5,29.0,0.00,20.0,540.0,NaN
2024-08-08T18:00,38.5,26.4,0.00,18.0,482.0,NaN
2024-08-08T19:00,35.6,24.3,0.00,15.0,432.0,NaN
2024-08-08T20:00,32.8,22.4,0.00,11.0,388.0,NaN
2024-08-08T21:00,29.0,19.6,0.00,9.0,361.0,NaN
2024-08-08T22:00,26.4,17.8,0.00,9.0,369.0,NaN
2024-08-08T23:00,25.5,17.1,0.05,11.0,395.0,NaN
2024-08-09T00:00,36.4,23.8,0.70,17.0,396.0,NaN
2024-08-09T01:00,33.8,21.2,2.30,29.0,364.0,NaN
2024-08-09T02:00,32.6,20.3,4.80,45.0,320.0,NaN
2024-08-09T03:00,34.6,21.9,7.05,63.0,284.0,NaN
2024-08-09T04:00,37.8,24.4,7.65,85.0,264.0,NaN
2024-08-09T05:00,42.8,28.0,8.65,107.0,252.0,NaN
2024-08-09T06:00,48.1,31.9,7.45,119.0,250.0,NaN
2024-08-09T07:00,49.6,33.2,4.20,112.0,249.0,NaN
2024-08-09T08:00,44.5,29.9,1.60,94.0,258.0,NaN
2024-08-09T09:00,36.2,24.6,0.75,75.0,300.0,NaN
2024-08-09T10:00,33.3,22.6,0.20,57.0,404.0,NaN
2024-08-09T11:00,37.1,25.5,0.00,39.0,542.0,NaN
2024-08-09T12:00,44.0,30.2,0.00,39.0,505.0,NaN
2024-08-09T13:00,50.2,34.6,0.00,32.0,532.0,NaN
2024-08-09T14:00,49.6,34.1,0.00,23.0,568.0,NaN
2024-08-09T15:00,52.2,36.0,0.00,16.0,593.0,NaN
2024-08-09T16:00,54.0,37.3,0.00,12.0,597.0,NaN
2024-08-09T17:00,52.4,36.1,0.00,9.0,590.0,NaN
2024-08-09T18:00,49.4,34.0,0.00,8.0,576.0,NaN
2024-08-09T19:00,47.0,32.2,0.00,7.0,552.0,NaN
2024-08-09T20:00,45.3,31.1,0.00,7.0,521.0,NaN
2024-08-09T21:00,42.5,29.1,0.00,9.0,497.0,NaN
2024-08-09T22:00,40.9,27.9,0.00,12.0,492.0,NaN
2024-08-09T23:00,41.0,28.0,0.10,17.0,493.0,NaN
2024-08-10T00:00,33.5,22.6,0.80,24.0,473.0,NaN
2024-08-10T01:00,29.1,19.4,2.50,37.0,417.0,NaN
2024-08-10T02:00,24.4,16.1,5.10,55.0,339.0,NaN
2024-08-10T03:00,25.6,17.1,8.20,74.0,279.0,NaN
2024-08-10T04:00,29.0,19.6,9.65,96.0,253.0,NaN
2024-08-10T05:00,34.1,23.2,10.10,118.0,245.0,NaN
2024-08-10T06:00,39.8,27.1,9.50,131.0,246.0,NaN
2024-08-10T07:00,44.6,30.5,6.80,130.0,243.0,NaN
2024-08-10T08:00,43.1,29.5,2.75,120.0,249.0,NaN
2024-08-10T09:00,37.3,25.6,1.00,106.0,299.0,NaN
2024-08-10T10:00,33.5,23.0,0.25,86.0,424.0,NaN
2024-08-10T11:00,38.3,26.4,0.00,61.0,591.0,NaN
2024-08-10T12:00,45.1,30.7,0.00,47.0,620.0,NaN
2024-08-10T13:00,48.9,33.4,0.00,40.0,657.0,NaN
2024-08-10T14:00,51.2,34.9,0.00,30.0,708.0,NaN
2024-08-10T15:00,56.1,38.3,0.00,22.0,747.0,NaN
2024-08-10T16:00,60.3,41.3,0.00,16.0,775.0,NaN
2024-08-10T17:00,59.0,40.5,0.00,12.0,791.0,NaN
2024-08-10T18:00,53.4,36.6,0.00,10.0,771.0,NaN
2024-08-10T19:00,46.3,31.7,0.00,11.0,683.0,NaN
2024-08-10T20:00,39.5,26.7,0.00,13.0,559.0,NaN
2024-08-10T21:00,32.0,21.6,0.00,16.0,462.0,NaN
2024-08-10T22:00,27.4,18.5,0.00,16.0,424.0,NaN
2024-08-10T23:00,27.3,18.5,0.05,16.0,415.0,NaN
2024-08-11T00:00,32.8,21.9,0.80,22.0,505.0,NaN
2024-08-11T01:00,27.6,18.0,2.20,32.0,437.0,NaN
2024-08-11T02:00,26.3,17.2,4.50,47.0,343.0,NaN
2024-08-11T03:00,25.7,17.1,6.35,62.0,274.0,NaN
2024-08-11T04:00,27.2,18.3,7.30,77.0,254.0,NaN
2024-08-11T05:00,30.7,20.8,7.05,93.0,258.0,NaN
2024-08-11T06:00,35.2,24.1,6.90,102.0,265.0,NaN
2024-08-11T07:00,40.5,27.8,6.20,103.0,259.0,NaN
2024-08-11T08:00,42.5,29.3,3.15,98.0,255.0,NaN
2024-08-11T09:00,33.5,23.2,0.80,89.0,276.0,NaN
2024-08-11T10:00,27.8,19.2,0.35,72.0,347.0,NaN
2024-08-11T11:00,28.6,19.8,0.00,51.0,442.0,NaN
2024-08-11T12:00,35.7,24.8,0.00,48.0,538.0,NaN
2024-08-11T13:00,34.3,23.9,0.00,41.0,527.0,NaN
2024-08-11T14:00,32.2,22.4,0.00,31.0,510.0,NaN
2024-08-11T15:00,29.9,20.7,0.00,24.0,483.0,NaN
2024-08-11T16:00,26.6,18.3,0.00,21.0,437.0,NaN
2024-08-11T17:00,23.2,15.9,0.00,21.0,380.0,NaN
2024-08-11T18:00,21.4,14.6,0.00,21.0,334.0,NaN
2024-08-11T19:00,20.3,13.8,0.00,20.0,307.0,NaN
2024-08-11T20:00,19.5,13.2,0.00,18.0,291.0,NaN
2024-08-11T21:00,19.2,13.0,0.00,18.0,281.0,NaN
2024-08-11T22:00,20.1,13.6,0.00,19.0,278.0,NaN
2024-08-11T23:00,22.6,15.3,0.05,22.0,282.0,NaN
2024-08-12T00:00,22.7,15.1,0.80,25.0,367.0,NaN
2024-08-12T01:00,22.0,14.4,2.25,41.0,339.0,NaN
2024-08-12T02:00,22.5,14.7,5.30,63.0,300.0,NaN
2024-08-12T03:00,25.8,17.1,7.60,82.0,272.0,NaN
2024-08-12T04:00,31.2,21.1,9.00,97.0,262.0,NaN
2024-08-12T05:00,32.6,22.1,7.00,110.0,263.0,NaN
2024-08-12T06:00,33.8,23.1,4.55,116.0,268.0,NaN
2024-08-12T07:00,33.3,22.7,3.95,114.0,265.0,NaN
2024-08-12T08:00,29.8,20.3,2.10,107.0,266.0,NaN
2024-08-12T09:00,26.4,17.9,0.90,96.0,307.0,NaN
2024-08-12T10:00,29.8,20.3,0.35,82.0,418.0,NaN
2024-08-12T11:00,34.7,23.7,0.00,65.0,569.0,NaN
2024-08-12T12:00,40.2,27.8,0.00,47.0,667.0,NaN
2024-08-12T13:00,43.5,30.2,0.00,41.0,691.0,NaN
2024-08-12T14:00,45.9,31.8,0.00,31.0,723.0,NaN
2024-08-12T15:00,47.1,32.6,0.00,24.0,731.0,NaN
2024-08-12T16:00,48.9,33.9,0.00,20.0,697.0,NaN
2024-08-12T17:00,42.0,29.2,0.00,18.0,640.0,NaN
2024-08-12T18:00,36.9,25.6,0.00,15.0,589.0,NaN
2024-08-12T19:00,34.7,24.0,0.00,11.0,545.0,NaN
2024-08-12T20:00,34.8,24.0,0.00,6.0,506.0,NaN
2024-08-12T21:00,34.2,23.6,0.00,4.0,495.0,NaN
2024-08-12T22:00,34.8,24.0,0.00,5.0,548.0,NaN
2024-08-12T23:00,38.4,26.5,0.10,8.0,629.0,NaN
2024-08-13T00:00,40.5,27.9,0.85,17.0,640.0,NaN
2024-08-13T01:00,29.7,20.2,2.60,30.0,523.0,NaN
2024-08-13T02:00,22.5,15.1,5.35,48.0,363.0,NaN
2024-08-13T03:00,22.4,15.1,7.95,66.0,244.0,NaN
2024-08-13T04:00,26.3,17.9,9.45,84.0,206.0,NaN
2024-08-13T05:00,31.0,21.1,10.15,103.0,209.0,NaN
2024-08-13T06:00,35.2,24.1,8.40,114.0,222.0,NaN
2024-08-13T07:00,37.5,25.7,6.30,116.0,231.0,NaN
2024-08-13T08:00,38.5,26.5,3.65,110.0,249.0,NaN
2024-08-13T09:00,35.4,24.3,1.10,100.0,288.0,NaN
2024-08-13T10:00,32.4,22.2,0.25,82.0,361.0,NaN
2024-08-13T11:00,32.6,22.6,0.00,59.0,455.0,NaN
2024-08-13T12:00,47.1,32.6,0.00,50.0,658.0,NaN
2024-08-13T13:00,49.0,34.0,0.00,41.0,704.0,NaN
2024-08-13T14:00,49.1,34.2,0.00,29.0,765.0,NaN
2024-08-13T15:00,50.9,35.4,0.00,20.0,790.0,NaN
2024-08-13T16:00,50.4,35.2,0.00,16.0,751.0,NaN
2024-08-13T17:00,44.9,31.3,0.00,14.0,676.0,NaN
2024-08-13T18:00,38.9,27.0,0.00,12.0,606.0,NaN
2024-08-13T19:00,34.2,23.7,0.00,9.0,550.0,NaN
2024-08-13T20:00,31.0,21.5,0.00,6.0,498.0,NaN
2024-08-13T21:00,28.2,19.6,0.00,5.0,460.0,NaN
2024-08-13T22:00,25.0,17.3,0.00,6.0,447.0,NaN
2024-08-13T23:00,25.1,17.4,0.10,9.0,447.0,NaN
2024-08-14T00:00,15.9,11.2,0.85,19.0,474.0,NaN
2024-08-14T01:00,14.0,9.7,2.70,30.0,421.0,NaN
2024-08-14T02:00,16.1,11.2,5.40,45.0,347.0,NaN
2024-08-14T03:00,19.7,13.6,8.00,63.0,289.0,NaN
2024-08-14T04:00,25.8,17.8,10.30,85.0,263.0,NaN
2024-08-14T05:00,31.5,21.7,9.70,110.0,253.0,NaN
2024-08-14T06:00,41.0,28.3,8.75,125.0,250.0,NaN
2024-08-14T07:00,39.8,27.4,4.40,125.0,245.0,NaN
2024-08-14T08:00,39.9,27.4,1.90,117.0,248.0,NaN
2024-08-14T09:00,39.9,27.3,1.25,104.0,279.0,NaN
2024-08-14T10:00,35.9,24.4,0.20,87.0,356.0,NaN
2024-08-14T11:00,37.5,25.8,0.00,66.0,461.0,NaN
2024-08-14T12:00,42.8,29.4,0.00,54.0,539.0,NaN
2024-08-14T13:00,49.6,34.1,0.00,45.0,629.0,NaN
2024-08-14T14:00,53.8,37.0,0.00,32.0,750.0,NaN
2024-08-14T15:00,56.9,39.2,0.00,22.0,814.0,NaN
2024-08-14T16:00,53.9,37.3,0.00,19.0,770.0,NaN
2024-08-14T17:00,48.8,33.6,0.00,20.0,669.0,NaN
2024-08-14T18:00,41.3,28.5,0.00,20.0,579.0,NaN
2024-08-14T19:00,33.5,22.9,0.00,17.0,517.0,NaN
2024-08-14T20:00,31.5,21.5,0.00,12.0,467.0,NaN
2024-08-14T21:00,32.1,21.9,0.00,10.0,444.0,NaN
2024-08-14T22:00,33.6,22.9,0.00,9.0,476.0,NaN
2024-08-14T23:00,36.0,24.6,0.05,11.0,536.0,NaN
2024-08-15T00:00,22.2,15.4,0.85,19.0,525.0,NaN
2024-08-15T01:00,16.1,11.1,2.70,31.0,455.0,NaN
2024-08-15T02:00,16.4,11.4,5.60,49.0,358.0,NaN
2024-08-15T03:00,20.5,14.3,9.20,68.0,283.0,NaN
2024-08-15T04:00,26.9,18.7,11.20,91.0,253.0,NaN
2024-08-15T05:00,33.6,23.4,11.15,115.0,246.0,NaN
2024-08-15T06:00,41.7,29.0,9.55,131.0,245.0,NaN
2024-08-15T07:00,50.5,35.3,6.35,136.0,237.0,NaN
2024-08-15T08:00,55.5,38.6,3.25,133.0,236.0,NaN
2024-08-15T09:00,46.2,32.1,0.60,123.0,261.0,NaN
2024-08-15T10:00,37.3,25.8,0.25,100.0,334.0,NaN
2024-08-15T11:00,33.8,23.6,0.00,70.0,434.0,NaN
2024-08-15T12:00,43.4,30.2,0.00,51.0,524.0,NaN
2024-08-15T13:00,42.3,29.4,0.00,45.0,528.0,NaN
2024-08-15T14:00,47.5,33.1,0.00,36.0,533.0,NaN
2024-08-15T15:00,47.0,32.8,0.00,28.0,536.0,NaN
2024-08-15T16:00,48.3,33.6,0.00,23.0,534.0,NaN
2024-08-15T17:00,46.0,32.0,0.00,19.0,530.0,NaN
2024-08-15T18:00,45.8,31.8,0.00,15.0,524.0,NaN
2024-08-15T19:00,45.9,31.8,0.00,11.0,514.0,NaN
2024-08-15T20:00,45.6,31.5,0.00,7.0,501.0,NaN
2024-08-15T21:00,44.5,30.7,0.00,6.0,495.0,NaN
2024-08-15T22:00,45.1,31.1,0.00,8.0,507.0,NaN
2024-08-15T23:00,45.5,31.3,0.10,12.0,525.0,NaN
2024-08-16T00:00,45.6,31.4,0.80,20.0,569.0,NaN
2024-08-16T01:00,39.2,26.8,2.45,31.0,492.0,NaN
2024-08-16T02:00,32.9,22.2,5.00,48.0,386.0,NaN
2024-08-16T03:00,32.9,22.4,8.25,66.0,305.0,NaN
2024-08-16T04:00,37.3,25.4,9.40,89.0,275.0,NaN
2024-08-16T05:00,43.9,30.2,10.65,115.0,270.0,NaN
2024-08-16T06:00,51.5,35.5,8.85,129.0,270.0,NaN
2024-08-16T07:00,56.7,39.1,5.70,125.0,259.0,NaN
2024-08-16T08:00,55.9,38.6,2.35,109.0,254.0,NaN
2024-08-16T09:00,39.8,27.4,0.70,91.0,278.0,NaN
2024-08-16T10:00,32.0,22.0,0.25,72.0,358.0,NaN
2024-08-16T11:00,32.4,22.4,0.00,51.0,468.0,NaN
2024-08-16T12:00,48.0,32.9,0.00,47.0,665.0,NaN
2024-08-16T13:00,49.5,34.1,0.00,41.0,688.0,NaN
2024-08-16T14:00,49.2,33.9,0.00,32.0,717.0,NaN
2024-08-16T15:00,47.5,32.6,0.00,25.0,720.0,NaN
2024-08-16T16:00,42.4,29.2,0.00,23.0,674.0,NaN
2024-08-16T17:00,38.4,26.4,0.00,24.0,602.0,NaN
2024-08-16T18:00,38.0,26.1,0.00,24.0,541.0,NaN
2024-08-16T19:00,38.2,26.3,0.00,21.0,504.0,NaN
2024-08-16T20:00,37.5,25.7,0.00,17.0,478.0,NaN
2024-08-16T21:00,36.4,25.0,0.00,15.0,460.0,NaN
2024-08-16T22:00,37.5,25.6,0.00,15.0,454.0,NaN
2024-08-16T23:00,38.9,26.7,0.05,16.0,455.0,NaN
2024-08-17T00:00,53.3,36.2,0.65,19.0,616.0,NaN
2024-08-17T01:00,45.3,30.3,2.40,30.0,528.0,NaN
2024-08-17T02:00,39.9,26.3,4.75,45.0,406.0,NaN
2024-08-17T03:00,38.8,25.3,7.45,61.0,313.0,NaN
2024-08-17T04:00,41.8,27.5,9.25,80.0,276.0,NaN
2024-08-17T05:00,45.4,30.0,8.65,100.0,268.0,NaN
2024-08-17T06:00,48.5,32.4,7.65,110.0,266.0,NaN
2024-08-17T07:00,48.8,32.5,3.40,103.0,257.0,NaN
2024-08-17T08:00,46.7,31.1,1.10,86.0,253.0,NaN
2024-08-17T09:00,38.2,25.4,0.80,69.0,273.0,NaN
2024-08-17T10:00,32.7,21.7,0.35,53.0,332.0,NaN
2024-08-17T11:00,31.1,20.7,0.00,37.0,414.0,NaN
2024-08-17T12:00,54.5,36.7,0.00,34.0,562.0,NaN
2024-08-17T13:00,60.5,41.0,0.00,26.0,601.0,NaN
2024-08-17T14:00,61.2,41.6,0.00,16.0,657.0,NaN
2024-08-17T15:00,62.6,42.5,0.00,8.0,707.0,NaN
2024-08-17T16:00,63.6,43.4,0.00,5.0,755.0,NaN
2024-08-17T17:00,61.9,42.5,0.00,4.0,797.0,NaN
2024-08-17T18:00,58.4,40.0,0.00,4.0,805.0,NaN
2024-08-17T19:00,53.9,37.0,0.00,2.0,753.0,NaN
2024-08-17T20:00,49.4,33.9,0.00,1.0,667.0,NaN
2024-08-17T21:00,41.6,28.6,0.00,2.0,589.0,NaN
2024-08-17T22:00,36.4,25.1,0.00,5.0,538.0,NaN
2024-08-17T23:00,30.7,21.2,0.05,11.0,496.0,NaN
2024-08-18T00:00,35.9,24.3,0.75,18.0,480.0,NaN
2024-08-18T01:00,33.5,22.6,2.55,27.0,432.0,NaN
2024-08-18T02:00,32.1,21.6,5.20,40.0,365.0,NaN
2024-08-18T03:00,34.1,22.9,8.05,55.0,312.0,NaN
2024-08-18T04:00,37.8,25.5,10.25,73.0,288.0,NaN
2024-08-18T05:00,43.3,29.3,9.90,93.0,279.0,NaN
2024-08-18T06:00,49.9,34.0,9.90,107.0,273.0,NaN
2024-08-18T07:00,53.9,36.7,6.80,114.0,264.0,NaN
2024-08-18T08:00,53.9,36.7,4.15,115.0,257.0,NaN
2024-08-18T09:00,49.0,33.2,1.70,108.0,263.0,NaN
2024-08-18T10:00,40.6,27.2,0.40,88.0,289.0,NaN
2024-08-18T11:00,31.9,21.1,0.00,59.0,326.0,NaN
2024-08-18T12:00,53.2,36.0,0.00,52.0,599.0,NaN
2024-08-18T13:00,44.6,29.7,0.00,44.0,554.0,NaN
2024-08-18T14:00,37.8,24.8,0.00,33.0,492.0,NaN
2024-08-18T15:00,33.8,21.8,0.00,24.0,439.0,NaN
2024-08-18T16:00,31.5,20.1,0.00,20.0,407.0,NaN
2024-08-18T17:00,29.2,18.5,0.00,19.0,386.0,NaN
2024-08-18T18:00,28.6,18.0,0.00,17.0,370.0,NaN
2024-08-18T19:00,27.5,17.9,0.00,14.0,355.0,NaN
2024-08-18T20:00,27.1,17.9,0.00,10.0,345.0,NaN
2024-08-18T21:00,27.4,18.3,0.00,8.0,350.0,NaN
2024-08-18T22:00,28.2,19.0,0.00,8.0,388.0,NaN
2024-08-18T23:00,30.6,20.8,0.10,10.0,441.0,NaN
2024-08-19T00:00,35.5,23.6,0.80,18.0,462.0,NaN
2024-08-19T01:00,29.4,19.4,2.40,29.0,402.0,NaN
2024-08-19T02:00,26.8,17.6,5.50,45.0,320.0,NaN
2024-08-19T03:00,29.6,19.6,8.35,61.0,258.0,NaN
2024-08-19T04:00,33.8,22.5,10.25,77.0,236.0,NaN
2024-08-19T05:00,39.0,26.3,10.45,94.0,233.0,NaN
2024-08-19T06:00,43.1,29.2,8.85,105.0,234.0,NaN
2024-08-19T07:00,43.5,29.5,6.80,110.0,227.0,NaN
2024-08-19T08:00,42.7,28.9,4.10,110.0,223.0,NaN
2024-08-19T09:00,40.4,27.2,1.55,103.0,239.0,NaN
2024-08-19T10:00,36.0,24.2,0.35,85.0,290.0,NaN
2024-08-19T11:00,32.9,22.0,0.00,60.0,361.0,NaN
2024-08-19T12:00,46.9,31.9,0.00,38.0,661.0,NaN
2024-08-19T13:00,43.7,29.5,0.00,33.0,632.0,NaN
2024-08-19T14:00,39.6,26.5,0.00,26.0,591.0,NaN
2024-08-19T15:00,36.9,24.6,0.00,20.0,556.0,NaN
2024-08-19T16:00,35.9,23.9,0.00,16.0,535.0,NaN
2024-08-19T17:00,34.3,22.9,0.00,14.0,518.0,NaN
2024-08-19T18:00,33.4,22.3,0.00,12.0,498.0,NaN
2024-08-19T19:00,31.4,21.3,0.00,10.0,463.0,NaN
2024-08-19T20:00,30.4,20.7,0.00,8.0,425.0,NaN
2024-08-19T21:00,29.8,20.5,0.00,7.0,402.0,NaN
2024-08-19T22:00,30.4,21.0,0.00,8.0,415.0,NaN
2024-08-19T23:00,32.6,22.6,0.05,10.0,444.0,NaN
2024-08-20T00:00,42.4,29.0,0.65,15.0,502.0,NaN
2024-08-20T01:00,36.2,24.7,2.15,28.0,440.0,NaN
2024-08-20T02:00,32.1,21.7,4.75,46.0,354.0,NaN
2024-08-20T03:00,35.9,24.3,7.80,64.0,288.0,NaN
2024-08-20T04:00,42.8,29.1,8.65,83.0,262.0,NaN
2024-08-20T05:00,50.5,34.6,10.10,101.0,257.0,NaN
2024-08-20T06:00,55.3,37.8,8.75,114.0,257.0,NaN
2024-08-20T07:00,58.4,40.0,6.05,120.0,250.0,NaN
2024-08-20T08:00,60.3,41.3,3.15,120.0,247.0,NaN
2024-08-20T09:00,56.9,39.0,1.25,112.0,273.0,NaN
2024-08-20T10:00,51.0,34.9,0.30,92.0,350.0,NaN
2024-08-20T11:00,44.2,30.3,0.00,65.0,455.0,NaN
2024-08-20T12:00,52.4,36.2,0.00,38.0,826.0,NaN
2024-08-20T13:00,45.9,31.5,0.00,31.0,813.0,NaN
2024-08-20T14:00,42.6,29.2,0.00,22.0,793.0,NaN
2024-08-20T15:00,44.7,30.5,0.00,14.0,761.0,NaN
2024-08-20T16:00,45.3,31.0,0.00,10.0,713.0,NaN
2024-08-20T17:00,39.9,27.2,0.00,9.0,653.0,NaN
2024-08-20T18:00,35.0,23.8,0.00,8.0,594.0,NaN
2024-08-20T19:00,31.5,21.4,0.00,7.0,533.0,NaN
2024-08-20T20:00,29.8,20.1,0.00,7.0,473.0,NaN
2024-08-20T21:00,28.6,19.4,0.00,8.0,433.0,NaN
2024-08-20T22:00,27.8,18.9,0.00,9.0,432.0,NaN
2024-08-20T23:00,28.9,19.6,0.05,12.0,452.0,NaN
2024-08-21T00:00,40.7,27.3,0.70,17.0,502.0,NaN
2024-08-21T01:00,34.2,22.7,2.20,28.0,449.0,NaN
2024-08-21T02:00,31.4,20.8,4.80,44.0,375.0,NaN
2024-08-21T03:00,32.8,21.8,7.35,60.0,315.0,NaN
2024-08-21T04:00,35.6,23.9,9.10,77.0,283.0,NaN
2024-08-21T05:00,38.8,26.1,9.30,95.0,265.0,NaN
2024-08-21T06:00,40.7,27.6,7.85,105.0,254.0,NaN
2024-08-21T07:00,42.1,28.7,6.15,105.0,244.0,NaN
2024-08-21T08:00,40.9,27.8,3.05,98.0,242.0,NaN
2024-08-21T09:00,35.6,24.2,1.20,87.0,262.0,NaN
2024-08-21T10:00,29.8,20.1,0.25,72.0,317.0,NaN
2024-08-21T11:00,28.8,19.6,0.00,53.0,394.0,NaN
2024-08-21T12:00,38.6,26.4,0.00,39.0,590.0,NaN
2024-08-21T13:00,32.1,21.9,0.00,33.0,607.0,NaN
2024-08-21T14:00,32.8,22.5,0.00,24.0,629.0,NaN
2024-08-21T15:00,36.6,25.1,0.00,17.0,639.0,NaN
2024-08-21T16:00,36.8,25.2,0.00,13.0,629.0,NaN
2024-08-21T17:00,33.9,23.3,0.00,12.0,606.0,NaN
2024-08-21T18:00,31.8,21.9,0.00,10.0,583.0,NaN
2024-08-21T19:00,30.7,21.2,0.00,8.0,560.0,NaN
2024-08-21T20:00,30.6,21.0,0.00,6.0,536.0,NaN
2024-08-21T21:00,30.7,21.2,0.00,6.0,515.0,NaN
2024-08-21T22:00,29.2,20.1,0.00,9.0,506.0,NaN
2024-08-21T23:00,29.9,20.7,0.05,14.0,500.0,NaN
2024-08-22T00:00,41.8,28.8,0.80,17.0,617.0,NaN
2024-08-22T01:00,33.8,23.0,2.50,25.0,528.0,NaN
2024-08-22T02:00,28.2,19.1,4.85,36.0,404.0,NaN
2024-08-22T03:00,31.0,21.0,7.00,48.0,308.0,NaN
2024-08-22T04:00,34.3,23.3,9.25,61.0,267.0,NaN
2024-08-22T05:00,36.0,24.4,9.40,74.0,253.0,NaN
2024-08-22T06:00,36.9,25.0,8.15,83.0,245.0,NaN
2024-08-22T07:00,36.7,24.7,6.05,85.0,228.0,NaN
2024-08-22T08:00,35.4,23.7,3.55,82.0,215.0,NaN
2024-08-22T09:00,31.8,21.2,1.35,74.0,229.0,NaN
2024-08-22T10:00,28.6,19.0,0.30,58.0,287.0,NaN
2024-08-22T11:00,28.0,18.6,0.00,36.0,371.0,NaN
2024-08-22T12:00,32.8,21.7,0.00,24.0,474.0,NaN
2024-08-22T13:00,31.2,20.6,0.00,19.0,492.0,NaN
2024-08-22T14:00,31.3,20.8,0.00,11.0,518.0,NaN
2024-08-22T15:00,31.4,20.9,0.00,5.0,537.0,NaN
2024-08-22T16:00,29.9,19.8,0.00,2.0,541.0,NaN
2024-08-22T17:00,28.9,19.2,0.00,1.0,538.0,NaN
2024-08-22T18:00,30.7,20.4,0.00,1.0,544.0,NaN
2024-08-22T19:00,33.4,22.3,0.00,0.0,577.0,NaN
2024-08-22T20:00,36.0,24.2,0.00,0.0,618.0,NaN
2024-08-22T21:00,36.9,25.0,0.00,1.0,623.0,NaN
2024-08-22T22:00,34.7,23.6,0.00,3.0,559.0,NaN
2024-08-22T23:00,30.3,20.7,0.00,6.0,460.0,NaN
2024-08-23T00:00,39.7,27.0,0.50,12.0,489.0,NaN
2024-08-23T01:00,38.9,26.5,2.05,21.0,447.0,NaN
2024-08-23T02:00,37.1,25.1,4.20,33.0,388.0,NaN
2024-08-23T03:00,34.9,23.5,6.95,46.0,339.0,NaN
2024-08-23T04:00,36.2,24.4,7.70,60.0,311.0,NaN
2024-08-23T05:00,40.7,27.6,8.25,75.0,293.0,NaN
2024-08-23T06:00,43.8,29.8,7.70,83.0,282.0,NaN
2024-08-23T07:00,46.4,31.7,5.55,81.0,270.0,NaN
2024-08-23T08:00,42.6,29.0,2.00,72.0,264.0,NaN
2024-08-23T09:00,35.9,24.4,0.80,60.0,290.0,NaN
2024-08-23T10:00,33.8,22.9,0.25,45.0,368.0,NaN
2024-08-23T11:00,33.9,23.1,0.00,27.0,477.0,NaN
2024-08-23T12:00,45.2,31.2,0.00,35.0,615.0,NaN
2024-08-23T13:00,42.7,29.6,0.00,29.0,652.0,NaN
2024-08-23T14:00,45.4,31.4,0.00,20.0,701.0,NaN
2024-08-23T15:00,51.7,36.0,0.00,14.0,731.0,NaN
2024-08-23T16:00,57.9,40.3,0.00,12.0,726.0,NaN
2024-08-23T17:00,58.1,40.5,0.00,11.0,701.0,NaN
2024-08-23T18:00,58.2,40.5,0.00,11.0,669.0,NaN
2024-08-23T19:00,56.3,39.2,0.00,9.0,628.0,NaN
2024-08-23T20:00,54.8,38.1,0.00,8.0,579.0,NaN
2024-08-23T21:00,54.6,38.0,0.00,8.0,548.0,NaN
2024-08-23T22:00,56.7,39.2,0.00,10.0,555.0,NaN
2024-08-23T23:00,61.0,42.4,0.05,13.0,578.0,NaN
2024-08-24T00:00,52.6,36.4,0.70,21.0,537.0,NaN
2024-08-24T01:00,54.4,37.6,2.40,35.0,495.0,NaN
2024-08-24T02:00,49.4,34.2,4.55,55.0,437.0,NaN
2024-08-24T03:00,53.7,37.3,6.40,77.0,390.0,NaN
2024-08-24T04:00,60.3,41.9,8.15,102.0,365.0,NaN
2024-08-24T05:00,68.2,47.5,8.95,130.0,351.0,NaN
2024-08-24T06:00,73.3,51.0,7.30,148.0,339.0,NaN
2024-08-24T07:00,76.8,53.4,5.20,154.0,321.0,NaN
2024-08-24T08:00,76.1,53.0,3.05,152.0,305.0,NaN
2024-08-24T09:00,63.8,44.4,0.90,140.0,307.0,NaN
2024-08-24T10:00,51.0,35.4,0.20,114.0,339.0,NaN
2024-08-24T11:00,39.2,27.1,0.00,80.0,389.0,NaN
2024-08-24T12:00,54.1,37.8,0.00,63.0,543.0,NaN
2024-08-24T13:00,59.6,41.7,0.00,53.0,572.0,NaN
2024-08-24T14:00,61.0,42.7,0.00,40.0,612.0,NaN
2024-08-24T15:00,61.0,42.5,0.00,28.0,641.0,NaN
2024-08-24T16:00,59.6,41.7,0.00,20.0,652.0,NaN
2024-08-24T17:00,60.3,42.3,0.00,15.0,652.0,NaN
2024-08-24T18:00,54.4,38.0,0.00,11.0,644.0,NaN
2024-08-24T19:00,52.0,36.4,0.00,8.0,627.0,NaN
2024-08-24T20:00,52.5,36.7,0.00,7.0,601.0,NaN
2024-08-24T21:00,47.3,33.1,0.00,8.0,569.0,NaN
2024-08-24T22:00,45.6,31.9,0.00,11.0,530.0,NaN
2024-08-24T23:00,42.7,29.8,0.05,15.0,486.0,NaN
2024-08-25T00:00,35.5,24.7,0.65,20.0,512.0,NaN
2024-08-25T01:00,31.7,22.1,2.00,30.0,468.0,NaN
2024-08-25T02:00,31.5,22.1,4.00,44.0,406.0,NaN
2024-08-25T03:00,36.0,25.1,6.50,59.0,353.0,NaN
2024-08-25T04:00,33.3,23.3,5.40,74.0,316.0,NaN
2024-08-25T05:00,35.3,24.6,4.25,88.0,288.0,NaN
2024-08-25T06:00,41.0,28.6,4.25,99.0,270.0,NaN
2024-08-25T07:00,46.3,32.4,3.25,106.0,258.0,NaN
2024-08-25T08:00,50.3,35.2,2.40,109.0,257.0,NaN
2024-08-25T09:00,46.8,32.7,0.75,104.0,281.0,NaN
2024-08-25T10:00,41.0,28.6,0.10,84.0,348.0,NaN
2024-08-25T11:00,39.6,27.8,0.00,55.0,440.0,NaN
2024-08-25T12:00,33.5,23.5,0.00,43.0,472.0,NaN
2024-08-25T13:00,32.6,22.9,0.00,35.0,480.0,NaN
2024-08-25T14:00,33.4,23.5,0.00,24.0,492.0,NaN
2024-08-25T15:00,34.9,24.5,0.00,15.0,503.0,NaN
2024-08-25T16:00,34.9,24.4,0.00,9.0,511.0,NaN
2024-08-25T17:00,34.1,23.9,0.00,6.0,518.0,NaN
2024-08-25T18:00,34.9,24.4,0.00,3.0,524.0,NaN
2024-08-25T19:00,35.5,24.9,0.00,2.0,529.0,NaN
2024-08-25T20:00,35.5,24.8,0.00,2.0,533.0,NaN
2024-08-25T21:00,35.7,25.0,0.00,3.0,539.0,NaN
2024-08-25T22:00,35.7,25.0,0.00,4.0,553.0,NaN
2024-08-25T23:00,35.5,24.9,0.05,5.0,568.0,NaN
2024-08-26T00:00,25.6,18.0,0.70,13.0,422.0,NaN
2024-08-26T01:00,27.7,19.4,1.85,19.0,393.0,NaN
2024-08-26T02:00,26.5,18.5,4.10,29.0,353.0,NaN
2024-08-26T03:00,26.0,18.0,6.50,43.0,318.0,NaN
2024-08-26T04:00,28.6,20.0,9.15,67.0,292.0,NaN
2024-08-26T05:00,35.4,24.7,8.85,97.0,272.0,NaN
2024-08-26T06:00,42.6,29.7,7.70,115.0,264.0,NaN
2024-08-26T07:00,48.2,33.8,5.20,115.0,271.0,NaN
2024-08-26T08:00,45.2,31.7,1.90,104.0,292.0,NaN
2024-08-26T09:00,41.1,28.8,0.55,90.0,326.0,NaN
2024-08-26T10:00,37.5,26.2,0.10,72.0,380.0,NaN
2024-08-26T11:00,36.1,25.1,0.00,51.0,448.0,NaN
2024-08-26T12:00,37.4,26.0,0.00,42.0,509.0,NaN
2024-08-26T13:00,30.9,21.5,0.00,35.0,502.0,NaN
2024-08-26T14:00,27.6,19.3,0.00,24.0,492.0,NaN
2024-08-26T15:00,29.1,20.4,0.00,16.0,476.0,NaN
2024-08-26T16:00,29.6,20.7,0.00,11.0,450.0,NaN
2024-08-26T17:00,25.0,17.5,0.00,8.0,418.0,NaN
2024-08-26T18:00,23.6,16.5,0.00,6.0,392.0,NaN
2024-08-26T19:00,23.4,16.3,0.00,4.0,376.0,NaN
2024-08-26T20:00,24.1,16.8,0.00,3.0,367.0,NaN
2024-08-26T21:00,23.9,16.6,0.00,3.0,366.0,NaN
2024-08-26T22:00,24.4,16.9,0.00,3.0,381.0,NaN
2024-08-26T23:00,26.3,18.3,0.05,4.0,404.0,NaN
2024-08-27T00:00,20.5,14.3,0.70,13.0,352.0,NaN
2024-08-27T01:00,20.5,14.3,2.25,20.0,318.0,NaN
2024-08-27T02:00,16.7,11.6,3.50,31.0,271.0,NaN
2024-08-27T03:00,17.5,12.1,4.15,41.0,236.0,NaN
2024-08-27T04:00,19.5,13.5,4.30,51.0,222.0,NaN
2024-08-27T05:00,23.4,16.2,3.90,61.0,219.0,NaN
2024-08-27T06:00,28.1,19.6,4.15,68.0,221.0,NaN
2024-08-27T07:00,32.8,22.9,3.50,73.0,216.0,NaN
2024-08-27T08:00,35.4,24.6,2.65,75.0,217.0,NaN
2024-08-27T09:00,30.4,21.2,0.75,71.0,254.0,NaN
2024-08-27T10:00,28.6,20.0,0.10,57.0,356.0,NaN
2024-08-27T11:00,33.1,23.1,0.00,38.0,494.0,NaN
2024-08-27T12:00,47.0,32.8,0.00,31.0,751.0,NaN
2024-08-27T13:00,47.4,33.1,0.00,28.0,717.0,NaN
2024-08-27T14:00,45.5,31.8,0.00,24.0,667.0,NaN
2024-08-27T15:00,41.6,29.0,0.00,21.0,606.0,NaN
2024-08-27T16:00,36.1,25.2,0.00,19.0,526.0,NaN
2024-08-27T17:00,30.2,21.0,0.00,18.0,435.0,NaN
2024-08-27T18:00,26.5,18.4,0.00,17.0,364.0,NaN
2024-08-27T19:00,24.5,17.0,0.00,14.0,328.0,NaN
2024-08-27T20:00,23.5,16.3,0.00,11.0,313.0,NaN
2024-08-27T21:00,23.2,16.1,0.00,10.0,304.0,NaN
2024-08-27T22:00,23.3,16.1,0.00,11.0,301.0,NaN
2024-08-27T23:00,25.7,17.8,0.10,14.0,304.0,NaN
2024-08-28T00:00,30.5,20.9,0.85,15.0,428.0,NaN
2024-08-28T01:00,26.1,17.7,2.50,28.0,383.0,NaN
2024-08-28T02:00,24.6,16.6,5.75,46.0,320.0,NaN
2024-08-28T03:00,24.4,16.6,8.55,63.0,270.0,NaN
2024-08-28T04:00,25.7,17.5,9.55,78.0,239.0,NaN
2024-08-28T05:00,26.7,18.3,7.20,92.0,221.0,NaN
2024-08-28T06:00,31.0,21.3,5.55,97.0,225.0,NaN
2024-08-28T07:00,28.8,19.9,2.20,87.0,247.0,NaN
2024-08-28T08:00,26.7,18.5,0.50,68.0,291.0,NaN
2024-08-28T09:00,28.6,19.9,0.65,50.0,377.0,NaN
2024-08-28T10:00,31.7,22.0,0.20,35.0,549.0,NaN
2024-08-28T11:00,38.5,26.8,0.00,20.0,763.0,NaN
2024-08-28T12:00,39.8,27.6,0.00,30.0,622.0,NaN
2024-08-28T13:00,43.3,30.0,0.00,23.0,646.0,NaN
2024-08-28T14:00,38.9,27.0,0.00,13.0,675.0,NaN
2024-08-28T15:00,40.0,27.7,0.00,6.0,663.0,NaN
2024-08-28T16:00,38.4,26.4,0.00,6.0,576.0,NaN
2024-08-28T17:00,27.6,18.8,0.00,8.0,449.0,NaN
2024-08-28T18:00,20.5,13.9,0.00,11.0,342.0,NaN
2024-08-28T19:00,15.9,10.7,0.00,13.0,276.0,NaN
2024-08-28T20:00,13.7,9.3,0.00,14.0,231.0,NaN
2024-08-28T21:00,9.1,6.2,0.00,15.0,207.0,NaN
2024-08-28T22:00,8.3,5.8,0.00,13.0,212.0,NaN
2024-08-28T23:00,8.7,6.1,0.00,11.0,239.0,NaN
2024-08-29T00:00,15.2,10.5,0.35,10.0,294.0,NaN
2024-08-29T01:00,16.5,11.4,1.40,13.0,294.0,NaN
2024-08-29T02:00,16.1,11.2,2.75,18.0,294.0,NaN
2024-08-29T03:00,16.0,11.1,2.25,26.0,290.0,NaN
2024-08-29T04:00,20.7,14.3,3.55,42.0,278.0,NaN
2024-08-29T05:00,26.6,18.5,6.75,61.0,262.0,NaN
2024-08-29T06:00,26.6,18.5,5.30,76.0,251.0,NaN
2024-08-29T07:00,25.6,17.8,4.80,86.0,234.0,NaN
2024-08-29T08:00,25.1,17.4,3.45,92.0,222.0,NaN
2024-08-29T09:00,23.5,16.3,1.45,89.0,253.0,NaN
2024-08-29T10:00,21.6,15.0,0.20,70.0,359.0,NaN
2024-08-29T11:00,23.7,16.6,0.00,42.0,509.0,NaN
2024-08-29T12:00,35.2,24.3,0.00,25.0,625.0,NaN
2024-08-29T13:00,38.3,26.7,0.00,18.0,718.0,NaN
2024-08-29T14:00,45.6,31.7,0.00,10.0,841.0,NaN
2024-08-29T15:00,51.0,35.4,0.00,3.0,901.0,NaN
2024-08-29T16:00,51.1,35.5,0.00,1.0,843.0,NaN
2024-08-29T17:00,42.4,29.4,0.00,2.0,723.0,NaN
2024-08-29T18:00,34.0,23.6,0.00,3.0,611.0,NaN
2024-08-29T19:00,28.3,19.6,0.00,3.0,526.0,NaN
2024-08-29T20:00,24.9,17.2,0.00,2.0,450.0,NaN
2024-08-29T21:00,22.9,15.8,0.00,3.0,399.0,NaN
2024-08-29T22:00,21.7,15.0,0.00,3.0,391.0,NaN
2024-08-29T23:00,21.2,14.6,0.10,5.0,408.0,NaN
2024-08-30T00:00,20.8,14.3,0.65,12.0,342.0,NaN
2024-08-30T01:00,23.2,15.8,2.35,24.0,321.0,NaN
2024-08-30T02:00,22.3,15.1,5.40,41.0,292.0,NaN
2024-08-30T03:00,21.1,14.4,8.20,57.0,264.0,NaN
2024-08-30T04:00,21.1,14.5,9.65,72.0,237.0,NaN
2024-08-30T05:00,21.3,14.7,10.65,87.0,211.0,NaN
2024-08-30T06:00,22.1,15.3,9.35,96.0,200.0,NaN
2024-08-30T07:00,22.8,15.8,6.35,96.0,205.0,NaN
2024-08-30T08:00,22.2,15.4,3.35,91.0,224.0,NaN
2024-08-30T09:00,22.8,15.9,1.10,81.0,264.0,NaN
2024-08-30T10:00,26.2,18.3,0.20,65.0,339.0,NaN
2024-08-30T11:00,28.6,20.0,0.00,45.0,434.0,NaN
2024-08-30T12:00,40.7,28.3,0.00,21.0,780.0,NaN
2024-08-30T13:00,44.7,31.1,0.00,16.0,819.0,NaN
2024-08-30T14:00,46.1,32.0,0.00,9.0,867.0,NaN
2024-08-30T15:00,46.8,32.5,0.00,4.0,864.0,NaN
2024-08-30T16:00,42.8,29.7,0.00,4.0,764.0,NaN
2024-08-30T17:00,34.8,24.0,0.00,7.0,612.0,NaN
2024-08-30T18:00,28.3,19.5,0.00,9.0,483.0,NaN
2024-08-30T19:00,23.6,16.2,0.00,9.0,399.0,NaN
2024-08-30T20:00,20.4,14.0,0.00,9.0,337.0,NaN
2024-08-30T21:00,18.3,12.6,0.00,8.0,306.0,NaN
2024-08-30T22:00,17.5,12.0,0.00,6.0,324.0,NaN
2024-08-30T23:00,17.9,12.3,0.05,4.0,373.0,NaN
2024-08-31T00:00,19.6,13.4,0.70,12.0,359.0,NaN
2024-08-31T01:00,20.1,13.6,2.50,25.0,346.0,NaN
2024-08-31T02:00,20.7,14.0,5.45,43.0,326.0,NaN
2024-08-31T03:00,23.6,15.9,8.25,61.0,306.0,NaN
2024-08-31T04:00,27.6,18.7,10.00,81.0,283.0,NaN
2024-08-31T05:00,31.1,21.1,8.85,101.0,258.0,NaN
2024-08-31T06:00,34.1,23.3,6.65,112.0,246.0,NaN
2024-08-31T07:00,34.6,23.6,4.80,110.0,246.0,NaN
2024-08-31T08:00,34.0,23.3,2.45,99.0,258.0,NaN
2024-08-31T09:00,34.5,23.6,0.50,84.0,293.0,NaN
2024-08-31T10:00,33.3,23.0,0.05,64.0,362.0,NaN
2024-08-31T11:00,31.5,21.8,0.00,40.0,454.0,NaN
2024-08-31T12:00,43.3,29.9,0.00,18.0,774.0,NaN
2024-08-31T13:00,47.7,33.1,0.00,14.0,802.0,NaN
2024-08-31T14:00,50.4,34.9,0.00,10.0,841.0,NaN
2024-08-31T15:00,52.4,36.2,0.00,6.0,873.0,NaN
2024-08-31T16:00,54.4,37.6,0.00,5.0,904.0,NaN
2024-08-31T17:00,55.4,38.4,0.00,5.0,928.0,NaN
2024-08-31T18:00,53.3,36.9,0.00,5.0,913.0,NaN
2024-08-31T19:00,47.1,32.6,0.00,5.0,825.0,NaN
2024-08-31T20:00,40.3,27.8,0.00,4.0,698.0,NaN
2024-08-31T21:00,35.7,24.6,0.00,4.0,603.0,NaN
2024-08-31T22:00,32.5,22.4,0.00,3.0,580.0,NaN
2024-08-31T23:00,31.2,21.5,0.00,2.0,590.0,NaN
2024-09-01T00:00,45.9,31.4,0.60,9.0,729.0,NaN
2024-09-01T01:00,31.9,21.3,1.20,17.0,637.0,NaN
2024-09-01T02:00,30.3,20.3,2.15,29.0,511.0,NaN
2024-09-01T03:00,31.0,20.9,5.10,41.0,416.0,NaN
2024-09-01T04:00,36.2,24.6,4.70,53.0,383.0,NaN
2024-09-01T05:00,37.3,25.5,3.45,65.0,380.0,NaN
2024-09-01T06:00,40.2,27.6,3.30,74.0,383.0,NaN
2024-09-01T07:00,44.9,31.1,4.20,80.0,370.0,NaN
2024-09-01T08:00,46.3,32.1,1.90,84.0,362.0,NaN
2024-09-01T09:00,44.6,31.0,0.30,80.0,396.0,NaN
2024-09-01T10:00,50.4,35.2,0.05,64.0,508.0,NaN
2024-09-01T11:00,53.6,37.4,0.00,42.0,662.0,NaN
2024-09-01T12:00,42.4,29.5,0.00,9.0,726.0,NaN
2024-09-01T13:00,37.4,26.0,0.00,7.0,709.0,NaN
2024-09-01T14:00,37.1,25.8,0.00,4.0,683.0,NaN
2024-09-01T15:00,35.9,25.0,0.00,2.0,644.0,NaN
2024-09-01T16:00,31.7,22.1,0.00,2.0,583.0,NaN
2024-09-01T17:00,26.8,18.7,0.00,2.0,510.0,NaN
2024-09-01T18:00,23.5,16.4,0.00,3.0,450.0,NaN
2024-09-01T19:00,21.9,15.3,0.00,3.0,413.0,NaN
2024-09-01T20:00,20.8,14.5,0.00,2.0,389.0,NaN
2024-09-01T21:00,20.1,14.0,0.00,3.0,372.0,NaN
2024-09-01T22:00,20.0,14.0,0.00,5.0,363.0,NaN
2024-09-01T23:00,22.5,15.7,0.05,9.0,361.0,NaN
2024-09-02T00:00,19.3,13.4,0.50,10.0,386.0,NaN
2024-09-02T01:00,19.2,13.4,1.55,17.0,370.0,NaN
2024-09-02T02:00,21.0,14.6,3.80,27.0,348.0,NaN
2024-09-02T03:00,19.4,13.4,7.05,38.0,323.0,NaN
2024-09-02T04:00,22.2,15.4,7.85,52.0,291.0,NaN
2024-09-02T05:00,28.4,19.7,6.05,66.0,258.0,NaN
2024-09-02T06:00,25.7,17.9,5.45,75.0,243.0,NaN
2024-09-02T07:00,23.5,16.4,3.05,73.0,261.0,NaN
2024-09-02T08:00,21.0,14.6,0.95,66.0,297.0,NaN
2024-09-02T09:00,22.8,15.9,0.70,57.0,333.0,NaN
2024-09-02T10:00,21.7,15.1,0.10,49.0,367.0,NaN
2024-09-02T11:00,20.8,14.6,0.00,40.0,400.0,NaN
2024-09-02T12:00,24.9,17.2,0.00,37.0,431.0,NaN
2024-09-02T13:00,24.3,16.9,0.00,30.0,438.0,NaN
2024-09-02T14:00,23.6,16.4,0.00,20.0,446.0,NaN
2024-09-02T15:00,22.8,15.8,0.00,13.0,439.0,NaN
2024-09-02T16:00,21.1,14.6,0.00,11.0,403.0,NaN
2024-09-02T17:00,17.9,12.3,0.00,12.0,352.0,NaN
2024-09-02T18:00,16.1,11.1,0.00,12.0,309.0,NaN
2024-09-02T19:00,15.0,10.3,0.00,11.0,280.0,NaN
2024-09-02T20:00,14.3,9.8,0.00,10.0,258.0,NaN
2024-09-02T21:00,14.1,9.7,0.00,10.0,246.0,NaN
2024-09-02T22:00,13.8,9.5,0.00,10.0,252.0,NaN
2024-09-02T23:00,14.6,10.1,0.05,12.0,269.0,NaN
2024-09-03T00:00,14.3,9.8,0.75,19.0,260.0,NaN
2024-09-03T01:00,16.0,11.0,2.45,28.0,255.0,NaN
2024-09-03T02:00,17.1,11.7,5.35,41.0,248.0,NaN
2024-09-03T03:00,18.5,12.7,7.95,54.0,239.0,NaN
2024-09-03T04:00,22.6,15.7,11.15,69.0,225.0,NaN
2024-09-03T05:00,26.5,18.3,10.85,85.0,209.0,NaN
2024-09-03T06:00,30.4,20.7,4.00,93.0,204.0,NaN
2024-09-03T07:00,26.6,18.3,3.95,88.0,213.0,NaN
2024-09-03T08:00,26.6,18.3,2.05,76.0,233.0,NaN
2024-09-03T09:00,23.5,16.3,0.60,63.0,270.0,NaN
2024-09-03T10:00,24.4,17.1,0.25,51.0,333.0,NaN
2024-09-03T11:00,25.8,17.9,0.00,37.0,413.0,NaN
2024-09-03T12:00,36.1,24.6,0.00,20.0,549.0,NaN
2024-09-03T13:00,46.6,31.8,0.00,15.0,629.0,NaN
2024-09-03T14:00,50.3,34.5,0.00,7.0,735.0,NaN
2024-09-03T15:00,49.6,33.9,0.00,2.0,785.0,NaN
2024-09-03T16:00,45.9,31.2,0.00,1.0,727.0,NaN
2024-09-03T17:00,40.0,27.2,0.00,2.0,613.0,NaN
2024-09-03T18:00,36.3,24.4,0.00,4.0,511.0,NaN
2024-09-03T19:00,33.5,22.4,0.00,5.0,440.0,NaN
2024-09-03T20:00,30.0,19.9,0.00,6.0,382.0,NaN
2024-09-03T21:00,27.5,18.2,0.00,8.0,347.0,NaN
2024-09-03T22:00,25.6,17.0,0.00,10.0,353.0,NaN
2024-09-03T23:00,26.0,17.3,0.10,12.0,383.0,NaN
2024-09-04T00:00,29.6,19.7,0.85,16.0,452.0,NaN
2024-09-04T01:00,27.1,18.0,2.95,26.0,396.0,NaN
2024-09-04T02:00,22.2,14.9,4.30,39.0,319.0,NaN
2024-09-04T03:00,19.2,13.0,6.30,53.0,256.0,NaN
2024-09-04T04:00,19.2,13.2,10.20,68.0,220.0,NaN
2024-09-04T05:00,19.4,13.4,11.90,83.0,199.0,NaN
2024-09-04T06:00,18.4,12.8,10.10,92.0,190.0,NaN
2024-09-04T07:00,17.6,12.2,6.65,91.0,192.0,NaN
2024-09-04T08:00,18.0,12.5,3.65,84.0,207.0,NaN
2024-09-04T09:00,18.0,12.5,1.25,73.0,241.0,NaN
2024-09-04T10:00,20.2,14.1,0.20,58.0,312.0,NaN
2024-09-04T11:00,20.0,13.9,0.00,40.0,401.0,NaN
2024-09-04T12:00,17.7,12.1,0.00,26.0,350.0,NaN
2024-09-04T13:00,17.9,12.3,0.00,21.0,361.0,NaN
2024-09-04T14:00,18.0,12.4,0.00,14.0,376.0,NaN
2024-09-04T15:00,18.2,12.5,0.00,9.0,376.0,NaN
2024-09-04T16:00,16.6,11.4,0.00,8.0,351.0,NaN
2024-09-04T17:00,14.3,9.7,0.00,8.0,311.0,NaN
2024-09-04T18:00,13.0,8.8,0.00,9.0,275.0,NaN
2024-09-04T19:00,12.4,8.3,0.00,10.0,244.0,NaN
2024-09-04T20:00,11.9,7.9,0.00,12.0,217.0,NaN
2024-09-04T21:00,11.8,7.7,0.00,13.0,206.0,NaN
2024-09-04T22:00,11.8,7.7,0.00,13.0,224.0,NaN
2024-09-04T23:00,12.6,8.3,0.05,13.0,258.0,NaN
2024-09-05T00:00,19.0,12.2,0.75,19.0,261.0,NaN
2024-09-05T01:00,18.6,12.2,2.35,29.0,251.0,NaN
2024-09-05T02:00,17.6,11.7,4.65,43.0,237.0,NaN
2024-09-05T03:00,18.7,12.6,6.70,57.0,226.0,NaN
2024-09-05T04:00,21.7,14.9,8.15,73.0,215.0,NaN
2024-09-05T05:00,25.4,17.5,7.75,88.0,206.0,NaN
2024-09-05T06:00,27.0,18.6,4.55,94.0,211.0,NaN
2024-09-05T07:00,26.7,18.5,1.85,84.0,231.0,NaN
2024-09-05T08:00,23.6,16.5,0.90,64.0,265.0,NaN
2024-09-05T09:00,22.5,15.7,0.30,46.0,320.0,NaN
2024-09-05T10:00,26.5,18.6,0.10,32.0,424.0,NaN
2024-09-05T11:00,29.6,20.7,0.00,18.0,549.0,NaN
2024-09-05T12:00,36.9,25.6,0.00,7.0,683.0,NaN
2024-09-05T13:00,38.6,26.9,0.00,6.0,685.0,NaN
2024-09-05T14:00,36.1,25.0,0.00,4.0,683.0,NaN
2024-09-05T15:00,36.1,24.9,0.00,3.0,648.0,NaN
2024-09-05T16:00,29.4,20.2,0.00,3.0,550.0,NaN
2024-09-05T17:00,21.5,14.8,0.00,5.0,418.0,NaN
2024-09-05T18:00,15.7,10.7,0.00,6.0,311.0,NaN
2024-09-05T19:00,12.2,8.3,0.00,7.0,250.0,NaN
2024-09-05T20:00,10.5,7.1,0.00,9.0,214.0,NaN
2024-09-05T21:00,9.7,6.6,0.00,11.0,197.0,NaN
2024-09-05T22:00,10.1,6.8,0.00,12.0,207.0,NaN
2024-09-05T23:00,12.6,8.5,0.10,13.0,237.0,NaN
2024-09-06T00:00,14.8,10.0,0.70,14.0,294.0,NaN
2024-09-06T01:00,14.3,9.6,1.80,25.0,286.0,NaN
2024-09-06T02:00,17.6,11.9,4.20,40.0,273.0,NaN
2024-09-06T03:00,20.3,13.9,6.95,53.0,257.0,NaN
2024-09-06T04:00,21.9,14.9,7.15,63.0,231.0,NaN
2024-09-06T05:00,21.4,14.4,6.30,72.0,200.0,NaN
2024-09-06T06:00,21.8,14.7,4.45,76.0,187.0,NaN
2024-09-06T07:00,19.4,13.2,2.20,73.0,200.0,NaN
2024-09-06T08:00,18.7,12.9,1.85,64.0,229.0,NaN
2024-09-06T09:00,20.5,14.2,0.75,55.0,267.0,NaN
2024-09-06T10:00,22.2,15.4,0.15,44.0,323.0,NaN
2024-09-06T11:00,20.3,14.0,0.00,32.0,388.0,NaN
2024-09-06T12:00,21.9,15.1,0.00,23.0,419.0,NaN
2024-09-06T13:00,21.0,14.5,0.00,20.0,398.0,NaN
2024-09-06T14:00,19.8,13.7,0.00,16.0,368.0,NaN
2024-09-06T15:00,17.4,11.9,0.00,14.0,335.0,NaN
2024-09-06T16:00,15.1,10.3,0.00,15.0,297.0,NaN
2024-09-06T17:00,13.4,9.1,0.00,17.0,256.0,NaN
2024-09-06T18:00,12.5,8.4,0.00,19.0,223.0,NaN
2024-09-06T19:00,12.3,8.1,0.00,20.0,202.0,NaN
2024-09-06T20:00,12.2,8.1,0.00,21.0,190.0,NaN
2024-09-06T21:00,11.9,7.9,0.00,21.0,187.0,NaN
2024-09-06T22:00,11.6,7.7,0.00,21.0,198.0,NaN
2024-09-06T23:00,12.3,8.3,0.05,20.0,217.0,NaN
2024-09-07T00:00,14.7,9.8,0.60,21.0,247.0,NaN
2024-09-07T01:00,14.9,10.0,2.00,27.0,236.0,NaN
2024-09-07T02:00,14.8,10.0,3.65,36.0,222.0,NaN
2024-09-07T03:00,13.5,9.0,3.40,44.0,214.0,NaN
2024-09-07T04:00,15.8,10.4,2.40,50.0,214.0,NaN
2024-09-07T05:00,20.5,13.7,4.40,55.0,220.0,NaN
2024-09-07T06:00,20.8,14.0,4.40,58.0,234.0,NaN
2024-09-07T07:00,20.4,13.9,2.45,60.0,259.0,NaN
2024-09-07T08:00,23.1,15.8,2.40,60.0,292.0,NaN
2024-09-07T09:00,23.6,16.3,1.05,57.0,325.0,NaN
2024-09-07T10:00,25.8,17.8,0.20,49.0,359.0,NaN
2024-09-07T11:00,24.3,16.7,0.00,37.0,393.0,NaN
2024-09-07T12:00,30.2,20.8,0.00,35.0,509.0,NaN
2024-09-07T13:00,28.9,19.8,0.00,30.0,475.0,NaN
2024-09-07T14:00,25.8,17.5,0.00,23.0,426.0,NaN
2024-09-07T15:00,22.6,15.2,0.00,18.0,378.0,NaN
2024-09-07T16:00,18.9,12.5,0.00,16.0,331.0,NaN
2024-09-07T17:00,16.0,10.5,0.00,16.0,285.0,NaN
2024-09-07T18:00,14.7,9.6,0.00,15.0,251.0,NaN
2024-09-07T19:00,14.1,9.3,0.00,13.0,239.0,NaN
2024-09-07T20:00,14.3,9.5,0.00,10.0,240.0,NaN
2024-09-07T21:00,14.9,9.8,0.00,9.0,241.0,NaN
2024-09-07T22:00,15.7,10.4,0.00,11.0,238.0,NaN
2024-09-07T23:00,17.5,11.7,0.10,15.0,236.0,NaN
2024-09-08T00:00,18.4,11.8,0.75,18.0,279.0,NaN
2024-09-08T01:00,18.6,12.0,2.40,29.0,270.0,NaN
2024-09-08T02:00,19.4,12.7,5.55,45.0,257.0,NaN
2024-09-08T03:00,21.6,14.2,8.55,59.0,246.0,NaN
2024-09-08T04:00,24.4,16.1,6.95,69.0,237.0,NaN
2024-09-08T05:00,26.8,17.8,5.25,77.0,230.0,NaN
2024-09-08T06:00,30.5,20.4,4.05,81.0,231.0,NaN
2024-09-08T07:00,30.3,20.2,2.25,79.0,233.0,NaN
2024-09-08T08:00,27.1,18.3,1.55,73.0,243.0,NaN
2024-09-08T09:00,24.8,16.9,1.00,64.0,290.0,NaN
2024-09-08T10:00,28.2,19.2,0.20,52.0,413.0,NaN
2024-09-08T11:00,32.2,22.2,0.00,37.0,573.0,NaN
2024-09-08T12:00,46.9,31.9,0.00,23.0,743.0,NaN
2024-09-08T13:00,54.0,36.9,0.00,19.0,762.0,NaN
2024-09-08T14:00,55.6,38.1,0.00,14.0,782.0,NaN
2024-09-08T15:00,48.1,32.8,0.00,10.0,759.0,NaN
2024-09-08T16:00,37.7,25.7,0.00,10.0,653.0,NaN
2024-09-08T17:00,29.7,20.1,0.00,12.0,503.0,NaN
2024-09-08T18:00,24.8,16.6,0.00,13.0,385.0,NaN
2024-09-08T19:00,21.9,14.6,0.00,12.0,331.0,NaN
2024-09-08T20:00,20.8,13.7,0.00,10.0,309.0,NaN
2024-09-08T21:00,21.1,13.9,0.00,10.0,297.0,NaN
2024-09-08T22:00,22.4,14.8,0.00,11.0,292.0,NaN
2024-09-08T23:00,25.4,16.9,0.10,14.0,298.0,NaN
2024-09-09T00:00,22.9,14.9,0.85,20.0,312.0,NaN
2024-09-09T01:00,20.4,13.3,2.35,27.0,293.0,NaN
2024-09-09T02:00,19.8,13.1,5.00,38.0,266.0,NaN
2024-09-09T03:00,19.2,12.7,6.85,52.0,244.0,NaN
2024-09-09T04:00,23.8,15.8,10.25,72.0,229.0,NaN
2024-09-09T05:00,28.4,18.9,10.20,95.0,219.0,NaN
2024-09-09T06:00,33.3,22.3,8.65,107.0,224.0,NaN
2024-09-09T07:00,36.2,24.2,4.85,101.0,246.0,NaN
2024-09-09T08:00,33.3,22.1,1.20,84.0,283.0,NaN
2024-09-09T09:00,34.3,23.0,0.30,67.0,333.0,NaN
2024-09-09T10:00,29.3,20.1,0.10,50.0,400.0,NaN
2024-09-09T11:00,27.3,18.9,0.00,33.0,481.0,NaN
2024-09-09T12:00,55.4,38.0,0.00,17.0,979.0,NaN
2024-09-09T13:00,45.5,31.2,0.00,13.0,936.0,NaN
2024-09-09T14:00,46.4,32.0,0.00,9.0,874.0,NaN
2024-09-09T15:00,47.7,32.9,0.00,5.0,812.0,NaN
2024-09-09T16:00,44.4,30.7,0.00,4.0,751.0,NaN
2024-09-09T17:00,39.5,27.3,0.00,4.0,689.0,NaN
2024-09-09T18:00,36.9,25.6,0.00,4.0,638.0,NaN
2024-09-09T19:00,36.7,25.4,0.00,3.0,599.0,NaN
2024-09-09T20:00,35.2,24.3,0.00,2.0,571.0,NaN
2024-09-09T21:00,33.2,23.0,0.00,3.0,558.0,NaN
2024-09-09T22:00,32.4,22.3,0.00,4.0,581.0,NaN
2024-09-09T23:00,35.4,24.3,0.10,7.0,620.0,NaN
2024-09-10T00:00,55.8,38.0,0.85,14.0,749.0,NaN
2024-09-10T01:00,43.8,28.6,2.45,27.0,620.0,NaN
2024-09-10T02:00,37.1,23.7,5.10,46.0,441.0,NaN
2024-09-10T03:00,37.0,23.3,7.75,67.0,309.0,NaN
2024-09-10T04:00,41.0,26.2,9.90,95.0,264.0,NaN
2024-09-10T05:00,48.0,30.6,10.55,126.0,266.0,NaN
2024-09-10T06:00,51.7,32.6,7.90,141.0,283.0,NaN
2024-09-10T07:00,51.6,33.1,4.60,128.0,307.0,NaN
2024-09-10T08:00,47.0,30.3,1.45,99.0,348.0,NaN
2024-09-10T09:00,43.2,28.4,0.50,73.0,401.0,NaN
2024-09-10T10:00,46.1,30.7,0.10,55.0,473.0,NaN
2024-09-10T11:00,45.5,31.0,0.00,41.0,557.0,NaN
2024-09-10T12:00,32.2,21.8,0.00,41.0,454.0,NaN
2024-09-10T13:00,31.9,21.7,0.00,33.0,482.0,NaN
2024-09-10T14:00,34.2,23.4,0.00,23.0,520.0,NaN
2024-09-10T15:00,36.8,25.1,0.00,14.0,548.0,NaN
2024-09-10T16:00,37.6,25.6,0.00,9.0,561.0,NaN
2024-09-10T17:00,38.8,26.0,0.00,6.0,563.0,NaN
2024-09-10T18:00,39.9,26.5,0.00,4.0,551.0,NaN
2024-09-10T19:00,40.9,27.0,0.00,3.0,508.0,NaN
2024-09-10T20:00,36.2,24.0,0.00,3.0,451.0,NaN
2024-09-10T21:00,31.3,20.6,0.00,3.0,422.0,NaN
2024-09-10T22:00,30.5,20.3,0.00,3.0,459.0,NaN
2024-09-10T23:00,34.0,22.5,0.05,3.0,524.0,NaN
2024-09-11T00:00,30.7,19.8,0.65,12.0,483.0,NaN
2024-09-11T01:00,30.7,19.7,2.10,18.0,448.0,NaN
2024-09-11T02:00,29.3,18.4,4.15,27.0,398.0,NaN
2024-09-11T03:00,29.0,18.3,5.70,40.0,354.0,NaN
2024-09-11T04:00,30.3,19.2,6.50,59.0,319.0,NaN
2024-09-11T05:00,34.6,22.3,7.60,82.0,289.0,NaN
2024-09-11T06:00,39.2,25.5,6.40,99.0,271.0,NaN
2024-09-11T07:00,42.5,27.5,4.10,106.0,266.0,NaN
2024-09-11T08:00,44.4,28.8,2.15,108.0,273.0,NaN
2024-09-11T09:00,44.5,29.1,0.55,101.0,298.0,NaN
2024-09-11T10:00,46.0,30.5,0.05,82.0,354.0,NaN
2024-09-11T11:00,40.3,27.5,0.00,55.0,428.0,NaN
2024-09-11T12:00,45.9,31.4,0.00,16.0,665.0,NaN
2024-09-11T13:00,47.3,32.5,0.00,12.0,684.0,NaN
2024-09-11T14:00,49.4,34.1,0.00,6.0,712.0,NaN
2024-09-11T15:00,52.2,36.1,0.00,2.0,737.0,NaN
2024-09-11T16:00,54.4,37.6,0.00,1.0,763.0,NaN
2024-09-11T17:00,55.3,38.3,0.00,1.0,786.0,NaN
2024-09-11T18:00,54.9,38.1,0.00,1.0,793.0,NaN
2024-09-11T19:00,52.5,36.4,0.00,0.0,771.0,NaN
2024-09-11T20:00,48.7,33.9,0.00,0.0,733.0,NaN
2024-09-11T21:00,46.2,32.1,0.00,0.0,693.0,NaN
2024-09-11T22:00,44.6,31.0,0.00,1.0,662.0,NaN
2024-09-11T23:00,46.6,32.4,0.05,3.0,631.0,NaN
2024-09-12T00:00,45.2,31.0,0.50,10.0,598.0,NaN
2024-09-12T01:00,41.6,28.3,2.10,23.0,537.0,NaN
2024-09-12T02:00,38.1,25.7,4.45,41.0,453.0,NaN
2024-09-12T03:00,38.8,26.0,7.00,62.0,388.0,NaN
2024-09-12T04:00,45.3,30.5,9.20,89.0,363.0,NaN
2024-09-12T05:00,50.2,33.4,9.55,118.0,357.0,NaN
2024-09-12T06:00,52.7,34.9,7.65,137.0,351.0,NaN
2024-09-12T07:00,54.2,36.0,5.60,140.0,329.0,NaN
2024-09-12T08:00,55.4,36.7,2.30,132.0,308.0,NaN
2024-09-12T09:00,49.0,32.4,0.35,116.0,314.0,NaN
2024-09-12T10:00,36.1,24.6,0.10,87.0,375.0,NaN
2024-09-12T11:00,31.9,22.2,0.00,49.0,465.0,NaN
2024-09-12T12:00,36.7,25.7,0.00,35.0,568.0,NaN
2024-09-12T13:00,36.7,25.7,0.00,28.0,567.0,NaN
2024-09-12T14:00,35.4,24.7,0.00,18.0,564.0,NaN
2024-09-12T15:00,32.1,22.6,0.00,10.0,543.0,NaN
2024-09-12T16:00,25.8,18.2,0.00,8.0,490.0,NaN
2024-09-12T17:00,21.5,15.1,0.00,8.0,420.0,NaN
2024-09-12T18:00,19.0,13.4,0.00,8.0,361.0,NaN
2024-09-12T19:00,17.1,11.9,0.00,8.0,320.0,NaN
2024-09-12T20:00,15.7,10.9,0.00,8.0,290.0,NaN
2024-09-12T21:00,15.7,10.8,0.00,8.0,283.0,NaN
2024-09-12T22:00,16.4,11.3,0.00,7.0,321.0,NaN
2024-09-12T23:00,19.2,13.2,0.05,6.0,382.0,NaN
2024-09-13T00:00,17.4,11.9,0.60,12.0,376.0,NaN
2024-09-13T01:00,16.4,11.1,1.95,19.0,349.0,NaN
2024-09-13T02:00,17.1,11.5,4.45,30.0,311.0,NaN
2024-09-13T03:00,19.3,13.0,6.80,43.0,278.0,NaN
2024-09-13T04:00,23.5,15.9,9.80,61.0,251.0,NaN
2024-09-13T05:00,27.4,18.6,9.80,81.0,228.0,NaN
2024-09-13T06:00,26.8,18.2,5.40,92.0,218.0,NaN
2024-09-13T07:00,27.6,18.9,2.75,87.0,225.0,NaN
2024-09-13T08:00,27.6,19.0,1.15,73.0,244.0,NaN
2024-09-13T09:00,23.7,16.4,0.50,58.0,279.0,NaN
2024-09-13T10:00,22.5,15.7,0.05,45.0,336.0,NaN
2024-09-13T11:00,25.7,18.0,0.00,30.0,407.0,NaN
2024-09-13T12:00,31.9,22.3,0.00,21.0,513.0,NaN
2024-09-13T13:00,33.2,23.1,0.00,16.0,540.0,NaN
2024-09-13T14:00,35.4,24.6,0.00,10.0,574.0,NaN
2024-09-13T15:00,34.9,24.2,0.00,6.0,572.0,NaN
2024-09-13T16:00,29.6,20.4,0.00,7.0,502.0,NaN
2024-09-13T17:00,23.8,16.4,0.00,12.0,396.0,NaN
2024-09-13T18:00,19.5,13.3,0.00,15.0,310.0,NaN
2024-09-13T19:00,17.0,11.6,0.00,16.0,262.0,NaN
2024-09-13T20:00,15.7,10.7,0.00,17.0,234.0,NaN
2024-09-13T21:00,14.0,9.6,0.00,17.0,226.0,NaN
2024-09-13T22:00,12.3,8.6,0.00,15.0,250.0,NaN
2024-09-13T23:00,12.5,8.9,0.05,12.0,295.0,NaN
2024-09-14T00:00,11.0,7.8,0.15,14.0,297.0,NaN
2024-09-14T01:00,9.5,6.7,0.35,15.0,303.0,NaN
2024-09-14T02:00,10.3,7.3,0.60,16.0,311.0,NaN
2024-09-14T03:00,11.7,8.3,1.30,18.0,322.0,NaN
2024-09-14T04:00,14.1,9.9,2.55,23.0,338.0,NaN
2024-09-14T05:00,14.8,10.4,3.30,30.0,356.0,NaN
2024-09-14T06:00,17.3,12.2,2.25,35.0,371.0,NaN
2024-09-14T07:00,17.5,12.3,2.45,38.0,373.0,NaN
2024-09-14T08:00,15.9,11.1,1.35,40.0,371.0,NaN
2024-09-14T09:00,20.6,14.4,0.80,39.0,384.0,NaN
2024-09-14T10:00,19.7,13.8,0.15,32.0,430.0,NaN
2024-09-14T11:00,22.6,15.8,0.00,22.0,491.0,NaN
2024-09-14T12:00,25.9,18.0,0.00,19.0,461.0,NaN
2024-09-14T13:00,27.9,19.4,0.00,16.0,451.0,NaN
2024-09-14T14:00,25.6,17.9,0.00,11.0,435.0,NaN
2024-09-14T15:00,20.5,14.4,0.00,8.0,412.0,NaN
2024-09-14T16:00,16.2,11.4,0.00,7.0,378.0,NaN
2024-09-14T17:00,14.6,10.2,0.00,7.0,337.0,NaN
2024-09-14T18:00,14.1,9.8,0.00,7.0,301.0,NaN
2024-09-14T19:00,12.7,8.8,0.00,7.0,270.0,NaN
2024-09-14T20:00,11.8,8.2,0.00,7.0,244.0,NaN
2024-09-14T21:00,11.1,7.7,0.00,7.0,231.0,NaN
2024-09-14T22:00,11.2,7.7,0.00,7.0,243.0,NaN
2024-09-14T23:00,12.4,8.5,0.05,9.0,270.0,NaN
2024-09-15T00:00,13.0,8.8,0.65,12.0,285.0,NaN
2024-09-15T01:00,13.5,9.2,2.30,17.0,283.0,NaN
2024-09-15T02:00,15.4,10.5,3.70,25.0,279.0,NaN
2024-09-15T03:00,15.9,10.9,3.60,35.0,270.0,NaN
2024-09-15T04:00,18.0,12.5,6.70,50.0,245.0,NaN
2024-09-15T05:00,21.5,14.9,7.30,68.0,215.0,NaN
2024-09-15T06:00,19.5,13.4,4.00,78.0,205.0,NaN
2024-09-15T07:00,21.0,14.3,2.15,74.0,225.0,NaN
2024-09-15T08:00,22.2,15.1,1.30,63.0,265.0,NaN
2024-09-15T09:00,24.0,16.5,0.35,50.0,325.0,NaN
2024-09-15T10:00,29.7,20.5,0.05,38.0,422.0,NaN
2024-09-15T11:00,31.7,22.0,0.00,24.0,539.0,NaN
2024-09-15T12:00,41.3,28.2,0.00,22.0,670.0,NaN
2024-09-15T13:00,38.2,26.3,0.00,19.0,643.0,NaN
2024-09-15T14:00,36.2,24.9,0.00,14.0,602.0,NaN
2024-09-15T15:00,34.9,23.9,0.00,11.0,548.0,NaN
2024-09-15T16:00,30.5,20.9,0.00,11.0,469.0,NaN
2024-09-15T17:00,23.3,15.9,0.00,11.0,376.0,NaN
2024-09-15T18:00,17.4,11.9,0.00,12.0,302.0,NaN
2024-09-15T19:00,14.6,10.0,0.00,11.0,260.0,NaN
2024-09-15T20:00,13.4,9.2,0.00,10.0,237.0,NaN
2024-09-15T21:00,12.8,8.7,0.00,10.0,232.0,NaN
2024-09-15T22:00,12.7,8.7,0.00,9.0,256.0,NaN
2024-09-15T23:00,14.1,9.7,0.05,8.0,299.0,NaN
2024-09-16T00:00,13.2,9.1,0.70,17.0,280.0,NaN
2024-09-16T01:00,12.9,8.9,2.05,30.0,277.0,NaN
2024-09-16T02:00,14.4,10.0,5.45,48.0,272.0,NaN
2024-09-16T03:00,18.6,12.7,8.25,64.0,263.0,NaN
2024-09-16T04:00,24.2,16.4,10.45,77.0,240.0,NaN
2024-09-16T05:00,23.1,15.3,8.50,89.0,213.0,NaN
2024-09-16T06:00,24.0,15.9,5.00,95.0,203.0,NaN
2024-09-16T07:00,32.0,21.4,4.05,94.0,219.0,NaN
2024-09-16T08:00,39.7,26.4,2.40,88.0,253.0,NaN
2024-09-16T09:00,38.0,25.5,0.55,79.0,301.0,NaN
2024-09-16T10:00,39.0,26.6,0.05,64.0,382.0,NaN
2024-09-16T11:00,40.0,27.7,0.00,45.0,477.0,NaN
2024-09-16T12:00,36.9,24.9,0.00,37.0,488.0,NaN
2024-09-16T13:00,28.2,19.1,0.00,34.0,449.0,NaN
2024-09-16T14:00,24.6,16.7,0.00,30.0,393.0,NaN
2024-09-16T15:00,21.6,14.7,0.00,26.0,344.0,NaN
2024-09-16T16:00,18.4,12.5,0.00,23.0,310.0,NaN
2024-09-16T17:00,16.1,11.0,0.00,21.0,281.0,NaN
2024-09-16T18:00,14.7,10.0,0.00,20.0,257.0,NaN
2024-09-16T19:00,13.0,8.9,0.00,21.0,230.0,NaN
2024-09-16T20:00,11.7,8.1,0.00,23.0,207.0,NaN
2024-09-16T21:00,10.9,7.5,0.00,24.0,203.0,NaN
2024-09-16T22:00,10.4,7.2,0.00,23.0,232.0,NaN
2024-09-16T23:00,12.2,8.4,0.05,21.0,280.0,NaN
2024-09-17T00:00,16.4,11.3,0.60,17.0,320.0,NaN
2024-09-17T01:00,14.3,9.7,1.75,27.0,306.0,NaN
2024-09-17T02:00,17.1,11.7,3.95,42.0,286.0,NaN
2024-09-17T03:00,19.2,13.1,4.60,57.0,271.0,NaN
2024-09-17T04:00,21.0,14.4,5.35,75.0,257.0,NaN
2024-09-17T05:00,22.6,15.7,6.80,93.0,247.0,NaN
2024-09-17T06:00,23.1,16.1,5.50,101.0,262.0,NaN
2024-09-17T07:00,22.9,16.1,1.55,90.0,322.0,NaN
2024-09-17T08:00,23.0,16.1,0.35,69.0,407.0,NaN
2024-09-17T09:00,26.0,18.3,0.20,51.0,474.0,NaN
2024-09-17T10:00,26.3,18.5,0.05,41.0,511.0,NaN
2024-09-17T11:00,25.5,17.9,0.00,34.0,530.0,NaN
2024-09-17T12:00,34.8,24.4,0.00,24.0,636.0,NaN
2024-09-17T13:00,32.9,23.1,0.00,25.0,583.0,NaN
2024-09-17T14:00,29.7,20.8,0.00,26.0,507.0,NaN
2024-09-17T15:00,26.8,18.9,0.00,27.0,436.0,NaN
2024-09-17T16:00,22.9,16.1,0.00,29.0,376.0,NaN
2024-09-17T17:00,18.5,13.1,0.00,31.0,321.0,NaN
2024-09-17T18:00,12.2,8.7,0.00,33.0,279.0,NaN
2024-09-17T19:00,8.9,6.3,0.00,33.0,254.0,NaN
2024-09-17T20:00,8.3,5.9,0.00,32.0,242.0,NaN
2024-09-17T21:00,7.1,5.1,0.00,31.0,245.0,NaN
2024-09-17T22:00,5.6,4.0,0.00,31.0,269.0,NaN
2024-09-17T23:00,6.1,4.3,0.00,32.0,308.0,NaN
2024-09-18T00:00,15.9,11.4,0.20,40.0,300.0,NaN
2024-09-18T01:00,19.7,14.0,0.55,40.0,316.0,NaN
2024-09-18T02:00,19.7,14.0,0.85,41.0,337.0,NaN
2024-09-18T03:00,18.7,13.2,2.70,50.0,348.0,NaN
2024-09-18T04:00,22.8,16.1,5.40,75.0,336.0,NaN
2024-09-18T05:00,30.3,21.3,7.60,106.0,314.0,NaN
2024-09-18T06:00,28.0,19.6,6.40,125.0,304.0,NaN
2024-09-18T07:00,25.7,18.0,4.20,119.0,313.0,NaN
2024-09-18T08:00,24.3,17.1,1.30,99.0,334.0,NaN
2024-09-18T09:00,23.9,16.8,0.30,80.0,371.0,NaN
2024-09-18T10:00,25.3,17.8,0.05,66.0,436.0,NaN
2024-09-18T11:00,27.5,19.4,0.00,52.0,518.0,NaN
2024-09-18T12:00,38.3,27.0,0.00,43.0,642.0,NaN
2024-09-18T13:00,39.6,27.8,0.00,37.0,637.0,NaN
2024-09-18T14:00,37.6,26.4,0.00,30.0,628.0,NaN
2024-09-18T15:00,33.4,23.5,0.00,24.0,600.0,NaN
2024-09-18T16:00,28.5,20.0,0.00,22.0,539.0,NaN
2024-09-18T17:00,23.8,16.7,0.00,21.0,460.0,NaN
2024-09-18T18:00,20.5,14.3,0.00,21.0,393.0,NaN
2024-09-18T19:00,18.4,12.8,0.00,20.0,347.0,NaN
2024-09-18T20:00,16.9,11.7,0.00,20.0,313.0,NaN
2024-09-18T21:00,15.9,11.0,0.00,21.0,290.0,NaN
2024-09-18T22:00,15.3,10.6,0.00,24.0,280.0,NaN
2024-09-18T23:00,15.8,10.9,0.05,28.0,280.0,NaN
2024-09-19T00:00,15.1,10.5,0.80,38.0,306.0,NaN
2024-09-19T01:00,15.3,10.6,2.05,43.0,294.0,NaN
2024-09-19T02:00,14.1,9.8,2.65,51.0,278.0,NaN
2024-09-19T03:00,14.2,9.9,3.50,60.0,264.0,NaN
2024-09-19T04:00,15.7,11.0,3.95,70.0,251.0,NaN
2024-09-19T05:00,21.2,14.8,4.55,81.0,241.0,NaN
2024-09-19T06:00,21.8,15.2,3.80,88.0,242.0,NaN
2024-09-19T07:00,22.9,15.9,2.25,88.0,260.0,NaN
2024-09-19T08:00,24.2,16.9,2.00,83.0,289.0,NaN
2024-09-19T09:00,23.8,16.6,0.80,76.0,324.0,NaN
2024-09-19T10:00,26.1,18.2,0.15,65.0,376.0,NaN
2024-09-19T11:00,27.4,19.1,0.00,51.0,434.0,NaN
2024-09-19T12:00,22.4,15.4,0.00,30.0,416.0,NaN
2024-09-19T13:00,21.0,14.5,0.00,28.0,395.0,NaN
2024-09-19T14:00,19.4,13.4,0.00,24.0,364.0,NaN
2024-09-19T15:00,17.5,12.0,0.00,22.0,330.0,NaN
2024-09-19T16:00,15.0,10.1,0.00,22.0,293.0,NaN
2024-09-19T17:00,12.7,8.6,0.00,24.0,253.0,NaN
2024-09-19T18:00,10.8,7.3,0.00,25.0,221.0,NaN
2024-09-19T19:00,9.1,6.2,0.00,26.0,200.0,NaN
2024-09-19T20:00,8.4,5.7,0.00,27.0,186.0,NaN
2024-09-19T21:00,8.2,5.6,0.00,29.0,181.0,NaN
2024-09-19T22:00,8.1,5.5,0.00,31.0,189.0,NaN
2024-09-19T23:00,8.8,6.0,0.10,33.0,205.0,NaN
2024-09-20T00:00,13.7,8.7,0.70,36.0,220.0,NaN
2024-09-20T01:00,14.9,9.7,2.55,47.0,216.0,NaN
2024-09-20T02:00,16.4,10.8,4.75,62.0,210.0,NaN
2024-09-20T03:00,18.4,12.3,6.25,74.0,211.0,NaN
2024-09-20T04:00,22.3,14.7,3.55,78.0,223.0,NaN
2024-09-20T05:00,21.5,14.3,3.05,79.0,241.0,NaN
2024-09-20T06:00,22.9,15.7,3.55,78.0,257.0,NaN
2024-09-20T07:00,20.7,14.3,3.10,77.0,262.0,NaN
2024-09-20T08:00,21.0,14.4,1.70,75.0,264.0,NaN
2024-09-20T09:00,22.9,15.7,0.70,69.0,281.0,NaN
2024-09-20T10:00,21.8,15.0,0.10,55.0,335.0,NaN
2024-09-20T11:00,22.7,15.7,0.00,37.0,405.0,NaN
2024-09-20T12:00,31.3,21.2,0.00,30.0,500.0,NaN
2024-09-20T13:00,32.0,21.5,0.00,27.0,465.0,NaN
2024-09-20T14:00,30.0,20.0,0.00,23.0,416.0,NaN
2024-09-20T15:00,24.9,16.5,0.00,20.0,366.0,NaN
2024-09-20T16:00,19.8,13.1,0.00,20.0,318.0,NaN
2024-09-20T17:00,16.1,10.6,0.00,22.0,269.0,NaN
2024-09-20T18:00,12.7,8.5,0.00,23.0,232.0,NaN
2024-09-20T19:00,10.8,7.3,0.00,23.0,211.0,NaN
2024-09-20T20:00,10.0,6.8,0.00,22.0,201.0,NaN
2024-09-20T21:00,9.8,6.7,0.00,22.0,199.0,NaN
2024-09-20T22:00,9.9,6.8,0.00,23.0,208.0,NaN
2024-09-20T23:00,11.6,7.9,0.05,25.0,226.0,NaN
2024-09-21T00:00,9.3,6.4,0.55,27.0,233.0,NaN
2024-09-21T01:00,10.3,7.0,2.00,35.0,237.0,NaN
2024-09-21T02:00,12.7,8.6,4.20,47.0,242.0,NaN
2024-09-21T03:00,17.8,11.9,7.50,58.0,242.0,NaN
2024-09-21T04:00,20.9,14.1,10.65,67.0,230.0,NaN
2024-09-21T05:00,20.9,13.6,4.85,76.0,214.0,NaN
2024-09-21T06:00,20.3,13.3,2.05,78.0,209.0,NaN
2024-09-21T07:00,21.6,14.4,2.55,71.0,225.0,NaN
2024-09-21T08:00,18.5,12.4,0.55,58.0,252.0,NaN
2024-09-21T09:00,17.2,11.6,0.20,46.0,283.0,NaN
2024-09-21T10:00,18.0,12.2,0.05,37.0,321.0,NaN
2024-09-21T11:00,18.9,13.0,0.00,30.0,362.0,NaN
2024-09-21T12:00,27.2,18.3,0.00,30.0,458.0,NaN
2024-09-21T13:00,27.8,18.7,0.00,27.0,451.0,NaN
2024-09-21T14:00,26.8,18.0,0.00,24.0,440.0,NaN
2024-09-21T15:00,26.6,17.9,0.00,21.0,420.0,NaN
2024-09-21T16:00,25.0,16.8,0.00,20.0,384.0,NaN
2024-09-21T17:00,22.6,15.1,0.00,20.0,339.0,NaN
2024-09-21T18:00,21.3,14.1,0.00,20.0,301.0,NaN
2024-09-21T19:00,20.7,13.7,0.00,19.0,274.0,NaN
2024-09-21T20:00,20.1,13.4,0.00,18.0,254.0,NaN
2024-09-21T21:00,19.9,13.2,0.00,18.0,250.0,NaN
2024-09-21T22:00,19.7,13.2,0.00,17.0,275.0,NaN
2024-09-21T23:00,20.0,13.4,0.05,17.0,316.0,NaN
2024-09-22T00:00,23.6,16.2,0.50,17.0,397.0,NaN
2024-09-22T01:00,18.9,12.9,0.55,20.0,396.0,NaN
2024-09-22T02:00,21.1,14.5,1.05,25.0,395.0,NaN
2024-09-22T03:00,22.5,15.5,2.10,31.0,392.0,NaN
2024-09-22T04:00,24.6,16.9,2.70,41.0,379.0,NaN
2024-09-22T05:00,26.6,18.3,2.15,54.0,363.0,NaN
2024-09-22T06:00,30.0,20.6,1.60,62.0,366.0,NaN
2024-09-22T07:00,32.7,22.4,1.25,64.0,402.0,NaN
2024-09-22T08:00,34.6,23.6,1.05,61.0,456.0,NaN
2024-09-22T09:00,36.7,25.3,0.35,56.0,503.0,NaN
2024-09-22T10:00,36.4,25.1,0.05,47.0,534.0,NaN
2024-09-22T11:00,35.4,24.3,0.00,35.0,559.0,NaN
2024-09-22T12:00,39.2,27.2,0.00,16.0,707.0,NaN
2024-09-22T13:00,39.2,27.2,0.00,13.0,718.0,NaN
2024-09-22T14:00,39.6,27.2,0.00,9.0,731.0,NaN
2024-09-22T15:00,43.2,29.7,0.00,6.0,729.0,NaN
2024-09-22T16:00,43.8,30.0,0.00,4.0,707.0,NaN
2024-09-22T17:00,41.8,28.6,0.00,3.0,670.0,NaN
2024-09-22T18:00,39.1,26.5,0.00,3.0,619.0,NaN
2024-09-22T19:00,37.4,25.2,0.00,6.0,538.0,NaN
2024-09-22T20:00,33.8,22.5,0.00,11.0,443.0,NaN
2024-09-22T21:00,28.8,18.9,0.00,14.0,382.0,NaN
2024-09-22T22:00,26.2,17.1,0.00,14.0,391.0,NaN
2024-09-22T23:00,26.0,16.8,0.05,12.0,434.0,NaN
2024-09-23T00:00,35.5,23.2,0.80,16.0,526.0,NaN
2024-09-23T01:00,34.1,21.8,2.55,26.0,451.0,NaN
2024-09-23T02:00,29.5,18.1,4.80,41.0,348.0,NaN
2024-09-23T03:00,29.4,17.5,6.95,53.0,270.0,NaN
2024-09-23T04:00,29.6,17.1,7.25,62.0,241.0,NaN
2024-09-23T05:00,31.1,17.3,6.15,70.0,236.0,NaN
2024-09-23T06:00,33.2,18.3,4.80,73.0,239.0,NaN
2024-09-23T07:00,33.1,18.3,3.25,71.0,232.0,NaN
2024-09-23T08:00,32.4,18.5,1.95,65.0,233.0,NaN
2024-09-23T09:00,29.9,17.3,0.65,56.0,270.0,NaN
2024-09-23T10:00,28.4,16.6,0.10,43.0,373.0,NaN
2024-09-23T11:00,30.7,19.0,0.00,26.0,514.0,NaN
2024-09-23T12:00,38.1,24.7,0.00,23.0,557.0,NaN
2024-09-23T13:00,38.6,25.4,0.00,19.0,566.0,NaN
2024-09-23T14:00,40.0,26.9,0.00,13.0,579.0,NaN
2024-09-23T15:00,41.8,28.2,0.00,8.0,593.0,NaN
2024-09-23T16:00,43.3,29.2,0.00,6.0,609.0,NaN
2024-09-23T17:00,44.5,29.9,0.00,5.0,626.0,NaN
2024-09-23T18:00,46.0,31.0,0.00,4.0,641.0,NaN
2024-09-23T19:00,47.0,31.8,0.00,3.0,651.0,NaN
2024-09-23T20:00,48.2,32.7,0.00,2.0,660.0,NaN
2024-09-23T21:00,49.8,33.9,0.00,2.0,670.0,NaN
2024-09-23T22:00,51.2,35.0,0.00,3.0,698.0,NaN
2024-09-23T23:00,54.1,37.1,0.05,4.0,729.0,NaN
2024-09-24T00:00,50.5,34.1,0.70,7.0,704.0,NaN
2024-09-24T01:00,46.8,30.6,2.25,14.0,604.0,NaN
2024-09-24T02:00,38.5,24.5,3.95,23.0,466.0,NaN
2024-09-24T03:00,34.2,21.6,5.35,32.0,364.0,NaN
2024-09-24T04:00,36.3,23.2,6.30,40.0,332.0,NaN
2024-09-24T05:00,37.4,24.0,6.25,48.0,336.0,NaN
2024-09-24T06:00,39.3,25.3,5.20,55.0,349.0,NaN
2024-09-24T07:00,42.3,27.3,3.70,63.0,359.0,NaN
2024-09-24T08:00,45.1,29.2,2.05,70.0,377.0,NaN
2024-09-24T09:00,48.7,31.5,0.75,71.0,414.0,NaN
2024-09-24T10:00,54.0,35.2,0.10,62.0,483.0,NaN
2024-09-24T11:00,57.7,37.8,0.00,46.0,569.0,NaN
2024-09-24T12:00,106.2,71.9,0.00,9.0,1690.0,NaN
2024-09-24T13:00,101.0,68.2,0.00,13.0,1505.0,NaN
2024-09-24T14:00,85.7,57.5,0.00,19.0,1247.0,NaN
2024-09-24T15:00,77.5,52.5,0.00,23.0,1029.0,NaN
2024-09-24T16:00,72.9,49.5,0.00,23.0,905.0,NaN
2024-09-24T17:00,65.9,44.9,0.00,21.0,822.0,NaN
2024-09-24T18:00,61.7,42.1,0.00,20.0,735.0,NaN
2024-09-24T19:00,52.5,35.9,0.00,23.0,613.0,NaN
2024-09-24T20:00,42.8,29.2,0.00,27.0,487.0,NaN
2024-09-24T21:00,38.9,26.7,0.00,30.0,402.0,NaN
2024-09-24T22:00,38.3,26.4,0.00,29.0,389.0,NaN
2024-09-24T23:00,38.2,26.3,0.05,27.0,417.0,NaN
2024-09-25T00:00,45.4,31.0,0.50,24.0,502.0,NaN
2024-09-25T01:00,46.1,31.3,2.05,38.0,475.0,NaN
2024-09-25T02:00,41.9,28.3,4.10,59.0,438.0,NaN
2024-09-25T03:00,38.4,26.0,7.30,79.0,402.0,NaN
2024-09-25T04:00,38.0,25.7,9.60,100.0,370.0,NaN
2024-09-25T05:00,36.0,24.1,9.75,120.0,339.0,NaN
2024-09-25T06:00,33.9,22.3,6.75,132.0,319.0,NaN
2024-09-25T07:00,33.8,22.2,4.35,133.0,299.0,NaN
2024-09-25T08:00,32.7,21.7,2.40,125.0,289.0,NaN
2024-09-25T09:00,31.3,20.7,1.00,112.0,325.0,NaN
2024-09-25T10:00,33.1,21.7,0.15,91.0,441.0,NaN
2024-09-25T11:00,40.0,26.5,0.00,65.0,602.0,NaN
2024-09-25T12:00,53.6,35.0,0.00,36.0,747.0,NaN
2024-09-25T13:00,56.5,37.1,0.00,30.0,759.0,NaN
2024-09-25T14:00,54.8,35.7,0.00,21.0,773.0,NaN
2024-09-25T15:00,53.1,34.5,0.00,15.0,770.0,NaN
2024-09-25T16:00,51.6,33.2,0.00,13.0,733.0,NaN
2024-09-25T17:00,46.9,30.3,0.00,14.0,679.0,NaN
2024-09-25T18:00,46.3,29.8,0.00,14.0,631.0,NaN
2024-09-25T19:00,45.4,29.2,0.00,12.0,597.0,NaN
2024-09-25T20:00,43.7,28.4,0.00,9.0,570.0,NaN
2024-09-25T21:00,43.5,28.8,0.00,9.0,552.0,NaN
2024-09-25T22:00,47.3,31.7,0.00,12.0,556.0,NaN
2024-09-25T23:00,52.2,35.3,0.10,18.0,569.0,NaN
2024-09-26T00:00,45.4,29.7,0.80,25.0,595.0,NaN
2024-09-26T01:00,37.1,23.1,2.50,35.0,489.0,NaN
2024-09-26T02:00,30.5,18.5,5.65,50.0,343.0,NaN
2024-09-26T03:00,26.6,16.2,8.85,62.0,233.0,NaN
2024-09-26T04:00,24.1,14.6,10.40,72.0,190.0,NaN
2024-09-26T05:00,22.7,13.7,9.85,79.0,182.0,NaN
2024-09-26T06:00,22.3,13.2,5.05,82.0,191.0,NaN
2024-09-26T07:00,23.1,13.9,2.20,77.0,215.0,NaN
2024-09-26T08:00,28.0,17.5,1.50,67.0,256.0,NaN
2024-09-26T09:00,27.1,17.1,0.45,57.0,298.0,NaN
2024-09-26T10:00,27.6,17.6,0.10,47.0,340.0,NaN
2024-09-26T11:00,29.1,18.7,0.00,37.0,383.0,NaN
2024-09-26T12:00,27.9,18.0,0.00,25.0,450.0,NaN
2024-09-26T13:00,28.1,18.3,0.00,22.0,444.0,NaN
2024-09-26T14:00,27.4,18.0,0.00,18.0,434.0,NaN
2024-09-26T15:00,27.5,18.2,0.00,15.0,424.0,NaN
2024-09-26T16:00,27.6,18.4,0.00,12.0,413.0,NaN
2024-09-26T17:00,26.0,17.3,0.00,10.0,400.0,NaN
2024-09-26T18:00,25.4,16.9,0.00,8.0,387.0,NaN
2024-09-26T19:00,24.6,16.6,0.00,6.0,367.0,NaN
2024-09-26T20:00,24.4,16.6,0.00,5.0,346.0,NaN
2024-09-26T21:00,22.2,15.1,0.00,5.0,343.0,NaN
2024-09-26T22:00,21.0,14.3,0.00,6.0,382.0,NaN
2024-09-26T23:00,25.5,17.6,0.10,9.0,439.0,NaN
2024-09-27T00:00,20.5,14.0,0.85,20.0,345.0,NaN
2024-09-27T01:00,20.3,13.8,2.85,29.0,315.0,NaN
2024-09-27T02:00,19.0,13.0,5.70,43.0,274.0,NaN
2024-09-27T03:00,19.2,13.2,7.15,55.0,240.0,NaN
2024-09-27T04:00,17.2,11.6,7.30,66.0,219.0,NaN
2024-09-27T05:00,17.5,11.7,7.85,75.0,206.0,NaN
2024-09-27T06:00,16.8,11.2,6.05,80.0,201.0,NaN
2024-09-27T07:00,15.5,10.2,3.55,78.0,198.0,NaN
2024-09-27T08:00,19.2,12.7,2.25,72.0,203.0,NaN
2024-09-27T09:00,18.3,12.0,0.95,63.0,235.0,NaN
2024-09-27T10:00,17.8,11.7,0.15,50.0,317.0,NaN
2024-09-27T11:00,20.8,13.9,0.00,35.0,427.0,NaN
2024-09-27T12:00,22.3,14.7,0.00,30.0,391.0,NaN
2024-09-27T13:00,26.5,17.6,0.00,24.0,476.0,NaN
2024-09-27T14:00,32.1,21.5,0.00,15.0,591.0,NaN
2024-09-27T15:00,37.3,25.1,0.00,9.0,658.0,NaN
2024-09-27T16:00,36.7,24.7,0.00,7.0,635.0,NaN
2024-09-27T17:00,32.4,21.8,0.00,8.0,564.0,NaN
2024-09-27T18:00,27.3,18.3,0.00,9.0,497.0,NaN
2024-09-27T19:00,23.5,15.7,0.00,10.0,441.0,NaN
2024-09-27T20:00,21.7,14.4,0.00,11.0,389.0,NaN
2024-09-27T21:00,21.4,14.2,0.00,12.0,368.0,NaN
2024-09-27T22:00,20.8,13.9,0.00,11.0,413.0,NaN
2024-09-27T23:00,23.7,15.9,0.10,10.0,488.0,NaN
2024-09-28T00:00,28.1,18.8,0.80,14.0,508.0,NaN
2024-09-28T01:00,21.0,13.5,2.65,24.0,418.0,NaN
2024-09-28T02:00,16.7,10.5,5.15,38.0,294.0,NaN
2024-09-28T03:00,16.6,10.5,7.60,52.0,205.0,NaN
2024-09-28T04:00,18.5,11.7,9.25,65.0,183.0,NaN
2024-09-28T05:00,20.9,13.0,9.00,76.0,194.0,NaN
2024-09-28T06:00,23.7,14.6,7.45,84.0,211.0,NaN
2024-09-28T07:00,25.5,15.7,5.20,87.0,215.0,NaN
2024-09-28T08:00,26.7,16.5,2.80,85.0,225.0,NaN
2024-09-28T09:00,29.0,18.2,0.90,78.0,259.0,NaN
2024-09-28T10:00,29.4,18.6,0.15,62.0,341.0,NaN
2024-09-28T11:00,33.8,21.9,0.00,40.0,449.0,NaN
2024-09-28T12:00,44.2,29.2,0.00,19.0,727.0,NaN
2024-09-28T13:00,38.0,25.0,0.00,16.0,666.0,NaN
2024-09-28T14:00,33.3,21.8,0.00,13.0,580.0,NaN
2024-09-28T15:00,29.3,19.2,0.00,10.0,505.0,NaN
2024-09-28T16:00,25.8,16.9,0.00,10.0,454.0,NaN
2024-09-28T17:00,22.9,15.0,0.00,10.0,414.0,NaN
2024-09-28T18:00,20.8,13.8,0.00,11.0,382.0,NaN
2024-09-28T19:00,20.6,13.8,0.00,11.0,358.0,NaN
2024-09-28T20:00,21.2,14.2,0.00,10.0,343.0,NaN
2024-09-28T21:00,21.7,14.6,0.00,11.0,336.0,NaN
2024-09-28T22:00,22.2,14.9,0.00,13.0,342.0,NaN
2024-09-28T23:00,23.7,16.2,0.05,17.0,355.0,NaN
2024-09-29T00:00,39.2,26.1,0.75,21.0,455.0,NaN
2024-09-29T01:00,37.3,24.5,2.25,36.0,414.0,NaN
2024-09-29T02:00,37.7,24.9,4.35,58.0,357.0,NaN
2024-09-29T03:00,42.5,28.3,6.75,82.0,317.0,NaN
2024-09-29T04:00,45.6,30.6,8.70,111.0,310.0,NaN
2024-09-29T05:00,47.0,31.7,8.90,142.0,321.0,NaN
2024-09-29T06:00,50.6,34.2,7.05,162.0,331.0,NaN
2024-09-29T07:00,57.6,39.1,4.40,165.0,330.0,NaN
2024-09-29T08:00,58.1,39.5,1.90,158.0,329.0,NaN
2024-09-29T09:00,48.9,33.2,0.35,143.0,346.0,NaN
2024-09-29T10:00,49.1,33.8,0.05,118.0,397.0,NaN
2024-09-29T11:00,48.9,33.8,0.00,85.0,466.0,NaN
2024-09-29T12:00,68.0,46.9,0.00,68.0,752.0,NaN
2024-09-29T13:00,75.9,52.6,0.00,59.0,794.0,NaN
2024-09-29T14:00,78.0,54.0,0.00,46.0,851.0,NaN
2024-09-29T15:00,79.9,55.5,0.00,35.0,886.0,NaN
2024-09-29T16:00,80.1,55.5,0.00,28.0,885.0,NaN
2024-09-29T17:00,79.6,55.3,0.00,24.0,861.0,NaN
2024-09-29T18:00,78.0,54.0,0.00,20.0,817.0,NaN
2024-09-29T19:00,72.2,50.1,0.00,16.0,739.0,NaN
2024-09-29T20:00,60.1,41.6,0.00,13.0,640.0,NaN
2024-09-29T21:00,50.8,35.0,0.00,12.0,561.0,NaN
2024-09-29T22:00,42.5,29.4,0.00,11.0,526.0,NaN
2024-09-29T23:00,40.0,27.7,0.10,12.0,510.0,NaN
2024-09-30T00:00,34.3,23.6,0.85,16.0,581.0,NaN
2024-09-30T01:00,25.6,17.4,2.70,27.0,499.0,NaN
2024-09-30T02:00,25.1,17.0,5.25,42.0,386.0,NaN
2024-09-30T03:00,27.4,18.6,7.55,60.0,300.0,NaN
2024-09-30T04:00,29.8,20.1,8.75,82.0,268.0,NaN
2024-09-30T05:00,30.3,20.4,8.95,107.0,263.0,NaN
2024-09-30T06:00,33.1,22.4,7.70,122.0,265.0,NaN
2024-09-30T07:00,34.9,23.6,5.20,122.0,261.0,NaN
2024-09-30T08:00,34.5,23.3,1.90,113.0,263.0,NaN
2024-09-30T09:00,33.5,22.6,0.20,99.0,288.0,NaN
2024-09-30T10:00,36.6,24.9,0.05,79.0,350.0,NaN
2024-09-30T11:00,33.5,23.1,0.00,54.0,434.0,NaN
2024-09-30T12:00,54.6,37.4,0.00,45.0,713.0,NaN
2024-09-30T13:00,53.9,36.9,0.00,37.0,726.0,NaN
2024-09-30T14:00,52.4,36.0,0.00,27.0,743.0,NaN
2024-09-30T15:00,52.5,36.2,0.00,18.0,739.0,NaN
2024-09-30T16:00,52.2,36.1,0.00,13.0,700.0,NaN
2024-09-30T17:00,47.1,32.6,0.00,10.0,641.0,NaN
2024-09-30T18:00,39.6,27.4,0.00,8.0,583.0,NaN
2024-09-30T19:00,33.1,22.9,0.00,6.0,528.0,NaN
2024-09-30T20:00,30.4,21.1,0.00,4.0,474.0,NaN
2024-09-30T21:00,27.6,19.0,0.00,4.0,433.0,NaN
2024-09-30T22:00,27.1,18.6,0.00,6.0,418.0,NaN
2024-09-30T23:00,28.9,19.7,0.10,9.0,418.0,NaN
2024-10-01T00:00,32.8,22.1,0.85,16.0,443.0,NaN
2024-10-01T01:00,30.5,20.2,2.50,26.0,398.0,NaN
2024-10-01T02:00,27.7,18.3,4.85,40.0,335.0,NaN
2024-10-01T03:00,28.6,19.1,7.20,57.0,286.0,NaN
2024-10-01T04:00,31.5,20.9,10.15,79.0,265.0,NaN
2024-10-01T05:00,31.9,21.0,9.75,104.0,257.0,NaN
2024-10-01T06:00,31.1,20.5,6.95,118.0,258.0,NaN
2024-10-01T07:00,32.9,22.0,5.70,114.0,261.0,NaN
2024-10-01T08:00,33.8,22.6,2.40,98.0,272.0,NaN
2024-10-01T09:00,30.6,20.8,0.30,81.0,300.0,NaN
2024-10-01T10:00,25.1,17.4,0.10,63.0,355.0,NaN
2024-10-01T11:00,29.4,20.4,0.00,43.0,428.0,NaN
2024-10-01T12:00,40.3,27.6,0.00,33.0,519.0,NaN
2024-10-01T13:00,39.6,27.3,0.00,27.0,539.0,NaN
2024-10-01T14:00,40.7,28.2,0.00,17.0,567.0,NaN
2024-10-01T15:00,41.6,28.8,0.00,10.0,586.0,NaN
2024-10-01T16:00,40.7,28.2,0.00,6.0,590.0,NaN
2024-10-01T17:00,40.4,27.9,0.00,3.0,585.0,NaN
2024-10-01T18:00,41.1,28.4,0.00,1.0,580.0,NaN
2024-10-01T19:00,41.9,29.0,0.00,0.0,573.0,NaN
2024-10-01T20:00,39.0,27.0,0.00,0.0,566.0,NaN
2024-10-01T21:00,40.3,27.9,0.00,0.0,566.0,NaN
2024-10-01T22:00,44.7,31.1,0.00,1.0,592.0,NaN
2024-10-01T23:00,50.8,35.3,0.10,4.0,626.0,NaN
2024-10-02T00:00,38.0,26.5,0.90,14.0,689.0,NaN
2024-10-02T01:00,27.3,19.0,2.50,28.0,579.0,NaN
2024-10-02T02:00,23.7,16.4,5.25,49.0,427.0,NaN
2024-10-02T03:00,25.7,17.8,7.60,66.0,314.0,NaN
2024-10-02T04:00,27.1,18.6,5.40,79.0,280.0,NaN
2024-10-02T05:00,29.7,20.0,4.10,89.0,285.0,NaN
2024-10-02T06:00,32.7,21.9,3.05,94.0,295.0,NaN
2024-10-02T07:00,36.7,24.6,1.80,92.0,290.0,NaN
2024-10-02T08:00,42.7,28.9,1.10,85.0,289.0,NaN
2024-10-02T09:00,35.0,23.5,0.45,75.0,320.0,NaN
2024-10-02T10:00,36.9,24.8,0.10,60.0,402.0,NaN
2024-10-02T11:00,41.9,28.3,0.00,41.0,516.0,NaN
2024-10-02T12:00,57.2,38.6,0.00,44.0,698.0,NaN
2024-10-02T13:00,52.3,35.0,0.00,36.0,688.0,NaN
2024-10-02T14:00,47.4,31.7,0.00,25.0,671.0,NaN
2024-10-02T15:00,44.4,30.0,0.00,17.0,639.0,NaN
2024-10-02T16:00,40.0,27.2,0.00,13.0,587.0,NaN
2024-10-02T17:00,33.1,22.4,0.00,12.0,519.0,NaN
2024-10-02T18:00,29.3,19.9,0.00,13.0,449.0,NaN
2024-10-02T19:00,25.0,16.9,0.00,18.0,367.0,NaN
2024-10-02T20:00,22.0,14.9,0.00,25.0,282.0,NaN
2024-10-02T21:00,17.9,12.3,0.00,30.0,228.0,NaN
2024-10-02T22:00,12.7,8.8,0.00,29.0,229.0,NaN
2024-10-02T23:00,11.7,8.1,0.05,25.0,262.0,NaN
2024-10-03T00:00,20.8,14.3,0.75,21.0,317.0,NaN
2024-10-03T01:00,19.5,13.4,2.50,29.0,307.0,NaN
2024-10-03T02:00,19.3,13.2,4.80,41.0,293.0,NaN
2024-10-03T03:00,22.8,15.6,6.35,54.0,282.0,NaN
2024-10-03T04:00,24.4,16.5,8.25,70.0,273.0,NaN
2024-10-03T05:00,26.1,17.6,8.60,87.0,266.0,NaN
2024-10-03T06:00,24.9,16.6,3.45,97.0,267.0,NaN
2024-10-03T07:00,24.9,16.6,1.90,95.0,276.0,NaN
2024-10-03T08:00,30.6,20.6,1.30,85.0,293.0,NaN
2024-10-03T09:00,26.2,17.3,0.25,74.0,328.0,NaN
2024-10-03T10:00,26.6,17.7,0.05,61.0,390.0,NaN
2024-10-03T11:00,29.3,19.7,0.00,46.0,469.0,NaN
2024-10-03T12:00,31.1,20.9,0.00,39.0,508.0,NaN
2024-10-03T13:00,36.0,24.5,0.00,31.0,559.0,NaN
2024-10-03T14:00,39.1,27.0,0.00,19.0,629.0,NaN
2024-10-03T15:00,41.0,28.3,0.00,10.0,671.0,NaN
2024-10-03T16:00,38.6,26.7,0.00,7.0,657.0,NaN
2024-10-03T17:00,37.7,26.0,0.00,7.0,616.0,NaN
2024-10-03T18:00,38.1,26.3,0.00,7.0,586.0,NaN
2024-10-03T19:00,39.8,27.6,0.00,6.0,591.0,NaN
2024-10-03T20:00,39.2,27.3,0.00,5.0,607.0,NaN
2024-10-03T21:00,40.7,28.4,0.00,7.0,609.0,NaN
2024-10-03T22:00,39.2,27.4,0.00,15.0,582.0,NaN
2024-10-03T23:00,39.1,27.3,0.10,26.0,539.0,NaN
2024-10-04T00:00,56.2,38.8,0.80,32.0,585.0,NaN
2024-10-04T01:00,50.1,34.2,2.40,48.0,539.0,NaN
2024-10-04T02:00,41.9,28.2,4.85,71.0,475.0,NaN
2024-10-04T03:00,41.1,27.6,7.85,94.0,422.0,NaN
2024-10-04T04:00,42.5,28.8,10.05,118.0,385.0,NaN
2024-10-04T05:00,38.6,26.3,10.00,143.0,358.0,NaN
2024-10-04T06:00,37.1,25.1,8.05,158.0,354.0,NaN
2024-10-04T07:00,41.1,27.9,5.25,160.0,385.0,NaN
2024-10-04T08:00,44.6,30.4,1.50,152.0,439.0,NaN
2024-10-04T09:00,48.7,33.3,0.25,141.0,487.0,NaN
2024-10-04T10:00,50.1,34.5,0.05,124.0,519.0,NaN
2024-10-04T11:00,48.9,33.6,0.00,103.0,544.0,NaN
2024-10-04T12:00,44.8,30.9,0.00,72.0,596.0,NaN
2024-10-04T13:00,49.0,33.4,0.00,62.0,658.0,NaN
2024-10-04T14:00,55.4,38.1,0.00,47.0,743.0,NaN
2024-10-04T15:00,62.4,43.1,0.00,35.0,800.0,NaN
2024-10-04T16:00,65.4,45.5,0.00,27.0,803.0,NaN
2024-10-04T17:00,64.5,44.8,0.00,22.0,778.0,NaN
2024-10-04T18:00,62.4,43.4,0.00,18.0,747.0,NaN
2024-10-04T19:00,58.9,41.1,0.00,14.0,714.0,NaN
2024-10-04T20:00,55.5,38.6,0.00,11.0,676.0,NaN
2024-10-04T21:00,52.6,36.7,0.00,11.0,643.0,NaN
2024-10-04T22:00,49.9,34.8,0.00,13.0,624.0,NaN
2024-10-04T23:00,47.4,32.8,0.10,19.0,612.0,NaN
2024-10-05T00:00,44.4,30.5,0.75,40.0,528.0,NaN
2024-10-05T01:00,42.0,28.8,2.50,61.0,496.0,NaN
2024-10-05T02:00,38.1,25.8,5.35,90.0,453.0,NaN
2024-10-05T03:00,34.5,23.0,8.05,120.0,422.0,NaN
2024-10-05T04:00,38.4,25.7,9.45,150.0,414.0,NaN
2024-10-05T05:00,41.9,28.0,9.60,180.0,418.0,NaN
2024-10-05T06:00,44.9,29.9,8.45,199.0,427.0,NaN
2024-10-05T07:00,48.1,32.0,5.35,203.0,428.0,NaN
2024-10-05T08:00,47.5,31.4,2.05,195.0,434.0,NaN
2024-10-05T09:00,50.8,33.5,0.40,179.0,473.0,NaN
2024-10-05T10:00,58.1,38.3,0.05,148.0,580.0,NaN
2024-10-05T11:00,61.9,40.7,0.00,109.0,719.0,NaN
2024-10-05T12:00,50.4,34.1,0.00,70.0,607.0,NaN
2024-10-05T13:00,56.2,37.8,0.00,64.0,653.0,NaN
2024-10-05T14:00,63.1,42.3,0.00,55.0,716.0,NaN
2024-10-05T15:00,68.7,45.9,0.00,48.0,757.0,NaN
2024-10-05T16:00,70.5,47.3,0.00,45.0,755.0,NaN
2024-10-05T17:00,67.5,44.4,0.00,43.0,731.0,NaN
2024-10-05T18:00,70.5,46.3,0.00,41.0,710.0,NaN
2024-10-05T19:00,77.5,51.0,0.00,36.0,699.0,NaN
2024-10-05T20:00,77.5,51.7,0.00,31.0,689.0,NaN
2024-10-05T21:00,71.9,48.1,0.00,28.0,685.0,NaN
2024-10-05T22:00,66.8,44.5,0.00,27.0,696.0,NaN
2024-10-05T23:00,62.9,41.3,0.05,27.0,711.0,NaN
2024-10-06T00:00,66.1,44.1,0.65,42.0,653.0,NaN
2024-10-06T01:00,58.2,38.6,1.45,61.0,591.0,NaN
2024-10-06T02:00,49.1,32.6,2.90,87.0,505.0,NaN
2024-10-06T03:00,43.2,28.6,3.05,110.0,442.0,NaN
2024-10-06T04:00,43.8,29.2,4.30,129.0,419.0,NaN
2024-10-06T05:00,47.5,31.9,6.10,145.0,418.0,NaN
2024-10-06T06:00,50.4,34.0,4.75,154.0,430.0,NaN
2024-10-06T07:00,54.5,36.9,3.00,151.0,453.0,NaN
2024-10-06T08:00,55.5,37.7,1.05,141.0,488.0,NaN
2024-10-06T09:00,54.9,37.6,0.20,130.0,528.0,NaN
2024-10-06T10:00,54.2,37.3,0.05,120.0,577.0,NaN
2024-10-06T11:00,54.8,37.8,0.00,108.0,630.0,NaN
2024-10-06T12:00,54.1,37.3,0.00,67.0,586.0,NaN
2024-10-06T13:00,52.3,36.1,0.00,61.0,569.0,NaN
2024-10-06T14:00,46.7,32.2,0.00,52.0,547.0,NaN
2024-10-06T15:00,48.5,33.5,0.00,44.0,542.0,NaN
2024-10-06T16:00,49.2,34.1,0.00,38.0,571.0,NaN
2024-10-06T17:00,52.0,36.1,0.00,32.0,617.0,NaN
2024-10-06T18:00,59.1,41.1,0.00,26.0,648.0,NaN
2024-10-06T19:00,60.5,42.1,0.00,19.0,648.0,NaN
2024-10-06T20:00,58.7,40.9,0.00,12.0,634.0,NaN
2024-10-06T21:00,59.8,41.7,0.00,9.0,626.0,NaN
2024-10-06T22:00,59.5,41.4,0.00,11.0,641.0,NaN
2024-10-06T23:00,61.2,42.6,0.05,17.0,663.0,NaN
2024-10-07T00:00,63.8,44.4,0.75,24.0,713.0,NaN
2024-10-07T01:00,61.5,42.5,2.35,46.0,653.0,NaN
2024-10-07T02:00,48.5,33.1,4.70,77.0,570.0,NaN
2024-10-07T03:00,39.7,26.8,6.60,106.0,503.0,NaN
2024-10-07T04:00,36.9,24.9,7.90,131.0,466.0,NaN
2024-10-07T05:00,37.1,25.1,7.70,154.0,445.0,NaN
2024-10-07T06:00,40.3,27.3,6.45,172.0,439.0,NaN
2024-10-07T07:00,44.2,30.2,4.15,184.0,447.0,NaN
2024-10-07T08:00,49.2,33.6,2.05,191.0,469.0,NaN
2024-10-07T09:00,51.6,35.3,0.55,186.0,509.0,NaN
2024-10-07T10:00,61.9,42.6,0.05,161.0,584.0,NaN
2024-10-07T11:00,62.6,43.2,0.00,124.0,676.0,NaN
2024-10-07T12:00,48.4,32.9,0.00,59.0,571.0,NaN
2024-10-07T13:00,39.9,27.2,0.00,49.0,566.0,NaN
2024-10-07T14:00,38.4,26.2,0.00,35.0,561.0,NaN
2024-10-07T15:00,39.7,27.2,0.00,25.0,560.0,NaN
2024-10-07T16:00,41.7,28.6,0.00,24.0,570.0,NaN
2024-10-07T17:00,43.5,29.9,0.00,28.0,585.0,NaN
2024-10-07T18:00,47.4,32.7,0.00,32.0,596.0,NaN
2024-10-07T19:00,52.3,36.1,0.00,33.0,596.0,NaN
2024-10-07T20:00,54.4,37.5,0.00,33.0,592.0,NaN
2024-10-07T21:00,57.3,39.5,0.00,35.0,592.0,NaN
2024-10-07T22:00,55.5,38.3,0.00,37.0,604.0,NaN
2024-10-07T23:00,53.7,37.0,0.05,40.0,620.0,NaN
2024-10-08T00:00,66.4,45.4,0.60,46.0,630.0,NaN
2024-10-08T01:00,58.6,39.9,1.60,66.0,594.0,NaN
2024-10-08T02:00,52.9,36.1,4.55,94.0,542.0,NaN
2024-10-08T03:00,45.5,31.1,6.40,117.0,493.0,NaN
2024-10-08T04:00,41.6,28.3,7.05,131.0,447.0,NaN
2024-10-08T05:00,37.5,25.5,2.75,141.0,404.0,NaN
2024-10-08T06:00,37.1,25.3,1.75,144.0,378.0,NaN
2024-10-08T07:00,36.9,25.1,2.30,140.0,371.0,NaN
2024-10-08T08:00,32.8,22.2,1.10,130.0,383.0,NaN
2024-10-08T09:00,30.9,20.8,0.45,116.0,424.0,NaN
2024-10-08T10:00,30.9,20.8,0.05,96.0,524.0,NaN
2024-10-08T11:00,36.8,25.0,0.00,72.0,655.0,NaN
2024-10-08T12:00,50.1,34.1,0.00,60.0,695.0,NaN
2024-10-08T13:00,56.3,38.6,0.00,52.0,730.0,NaN
2024-10-08T14:00,57.0,39.1,0.00,42.0,776.0,NaN
2024-10-08T15:00,61.9,42.5,0.00,32.0,804.0,NaN
2024-10-08T16:00,62.9,43.4,0.00,24.0,798.0,NaN
2024-10-08T17:00,61.2,42.1,0.00,17.0,772.0,NaN
2024-10-08T18:00,62.6,43.2,0.00,12.0,741.0,NaN
2024-10-08T19:00,60.5,41.6,0.00,10.0,701.0,NaN
2024-10-08T20:00,57.6,39.6,0.00,9.0,656.0,NaN
2024-10-08T21:00,55.9,38.4,0.00,10.0,630.0,NaN
2024-10-08T22:00,55.6,38.3,0.00,11.0,652.0,NaN
2024-10-08T23:00,58.2,40.2,0.05,14.0,695.0,NaN
2024-10-09T00:00,57.7,39.6,0.75,25.0,650.0,NaN
2024-10-09T01:00,46.6,31.2,2.20,39.0,564.0,NaN
2024-10-09T02:00,39.7,26.3,4.55,58.0,444.0,NaN
2024-10-09T03:00,33.2,21.7,7.10,74.0,348.0,NaN
2024-10-09T04:00,34.7,22.8,9.15,85.0,299.0,NaN
2024-10-09T05:00,30.6,19.9,6.70,93.0,274.0,NaN
2024-10-09T06:00,28.4,18.5,1.95,95.0,266.0,NaN
2024-10-09T07:00,35.2,23.4,2.40,91.0,272.0,NaN
2024-10-09T08:00,30.3,19.8,1.55,81.0,295.0,NaN
2024-10-09T09:00,30.5,20.0,0.50,69.0,334.0,NaN
2024-10-09T10:00,29.1,19.1,0.05,54.0,399.0,NaN
2024-10-09T11:00,29.2,19.6,0.00,38.0,481.0,NaN
2024-10-09T12:00,28.2,18.8,0.00,31.0,506.0,NaN
2024-10-09T13:00,30.0,19.7,0.00,26.0,510.0,NaN
2024-10-09T14:00,31.9,20.9,0.00,18.0,516.0,NaN
2024-10-09T15:00,34.5,22.7,0.00,12.0,532.0,NaN
2024-10-09T16:00,37.1,24.5,0.00,8.0,566.0,NaN
2024-10-09T17:00,39.5,26.2,0.00,6.0,609.0,NaN
2024-10-09T18:00,41.4,27.8,0.00,4.0,640.0,NaN
2024-10-09T19:00,41.6,28.2,0.00,3.0,651.0,NaN
2024-10-09T20:00,41.4,28.3,0.00,4.0,649.0,NaN
2024-10-09T21:00,42.0,28.5,0.00,6.0,638.0,NaN
2024-10-09T22:00,41.6,28.2,0.00,9.0,619.0,NaN
2024-10-09T23:00,40.6,27.9,0.10,13.0,591.0,NaN
2024-10-10T00:00,36.4,24.7,0.90,21.0,518.0,NaN
2024-10-10T01:00,34.2,22.7,2.80,36.0,447.0,NaN
2024-10-10T02:00,30.4,20.0,4.80,56.0,348.0,NaN
2024-10-10T03:00,25.8,16.8,7.65,74.0,271.0,NaN
2024-10-10T04:00,23.3,14.9,10.10,87.0,236.0,NaN
2024-10-10T05:00,22.5,14.0,10.00,98.0,223.0,NaN
2024-10-10T06:00,22.8,14.0,7.10,104.0,220.0,NaN
2024-10-10T07:00,27.9,16.8,4.25,105.0,217.0,NaN
2024-10-10T08:00,26.9,15.8,2.40,101.0,224.0,NaN
2024-10-10T09:00,27.3,15.8,0.70,92.0,260.0,NaN
2024-10-10T10:00,25.3,15.3,0.05,74.0,344.0,NaN
2024-10-10T11:00,26.9,17.0,0.00,51.0,456.0,NaN
2024-10-10T12:00,35.6,22.5,0.00,33.0,552.0,NaN
2024-10-10T13:00,39.1,25.2,0.00,26.0,601.0,NaN
2024-10-10T14:00,41.9,27.5,0.00,16.0,669.0,NaN
2024-10-10T15:00,45.9,30.5,0.00,9.0,725.0,NaN
2024-10-10T16:00,48.7,32.4,0.00,7.0,759.0,NaN
2024-10-10T17:00,50.5,33.8,0.00,7.0,781.0,NaN
2024-10-10T18:00,53.9,36.2,0.00,7.0,792.0,NaN
2024-10-10T19:00,55.4,37.5,0.00,6.0,794.0,NaN
2024-10-10T20:00,53.8,36.4,0.00,6.0,786.0,NaN
2024-10-10T21:00,51.1,34.6,0.00,8.0,756.0,NaN
2024-10-10T22:00,50.5,34.2,0.00,11.0,694.0,NaN
2024-10-10T23:00,47.3,32.2,0.10,17.0,611.0,NaN
2024-10-11T00:00,41.4,27.7,0.80,24.0,555.0,NaN
2024-10-11T01:00,41.1,27.2,2.20,40.0,504.0,NaN
2024-10-11T02:00,38.4,25.3,4.65,62.0,433.0,NaN
2024-10-11T03:00,33.8,22.1,7.15,82.0,381.0,NaN
2024-10-11T04:00,32.2,21.1,8.70,100.0,364.0,NaN
2024-10-11T05:00,36.1,23.8,7.40,115.0,367.0,NaN
2024-10-11T06:00,38.1,25.0,4.15,120.0,378.0,NaN
2024-10-11T07:00,35.7,23.1,1.90,107.0,385.0,NaN
2024-10-11T08:00,34.0,21.6,0.65,84.0,400.0,NaN
2024-10-11T09:00,35.7,23.1,0.30,62.0,453.0,NaN
2024-10-11T10:00,37.7,24.7,0.05,44.0,571.0,NaN
2024-10-11T11:00,44.1,29.4,0.00,27.0,726.0,NaN
2024-10-11T12:00,54.6,34.9,0.00,52.0,576.0,NaN
2024-10-11T13:00,58.8,38.8,0.00,40.0,640.0,NaN
2024-10-11T14:00,60.1,40.0,0.00,24.0,729.0,NaN
2024-10-11T15:00,61.9,41.7,0.00,12.0,804.0,NaN
2024-10-11T16:00,64.3,43.2,0.00,7.0,858.0,NaN
2024-10-11T17:00,68.2,46.2,0.00,6.0,898.0,NaN
2024-10-11T18:00,70.1,47.7,0.00,6.0,905.0,NaN
2024-10-11T19:00,71.0,48.3,0.00,7.0,860.0,NaN
2024-10-11T20:00,70.3,47.1,0.00,8.0,781.0,NaN
2024-10-11T21:00,60.1,40.5,0.00,11.0,706.0,NaN
2024-10-11T22:00,48.3,32.6,0.00,14.0,649.0,NaN
2024-10-11T23:00,42.7,28.9,0.05,17.0,595.0,NaN
2024-10-12T00:00,54.8,36.9,0.75,23.0,666.0,NaN
2024-10-12T01:00,49.9,33.5,2.25,42.0,594.0,NaN
2024-10-12T02:00,45.4,30.2,4.70,67.0,494.0,NaN
2024-10-12T03:00,38.8,25.5,6.90,86.0,410.0,NaN
2024-10-12T04:00,34.2,22.4,6.55,92.0,357.0,NaN
2024-10-12T05:00,28.2,18.1,4.25,91.0,319.0,NaN
2024-10-12T06:00,25.3,16.4,2.95,86.0,298.0,NaN
2024-10-12T07:00,20.8,13.5,1.20,79.0,286.0,NaN
2024-10-12T08:00,21.1,13.9,1.40,68.0,290.0,NaN
2024-10-12T09:00,21.2,13.9,0.55,56.0,328.0,NaN
2024-10-12T10:00,23.7,15.8,0.05,43.0,421.0,NaN
2024-10-12T11:00,26.3,17.8,0.00,28.0,549.0,NaN
2024-10-12T12:00,38.6,26.1,0.00,11.0,764.0,NaN
2024-10-12T13:00,43.8,29.8,0.00,9.0,841.0,NaN
2024-10-12T14:00,50.1,34.2,0.00,7.0,948.0,NaN
2024-10-12T15:00,55.5,38.2,0.00,5.0,1024.0,NaN
2024-10-12T16:00,60.5,41.8,0.00,5.0,1044.0,NaN
2024-10-12T17:00,63.6,44.0,0.00,5.0,1035.0,NaN
2024-10-12T18:00,59.4,41.0,0.00,5.0,1013.0,NaN
2024-10-12T19:00,59.1,41.0,0.00,4.0,988.0,NaN
2024-10-12T20:00,60.1,41.7,0.00,4.0,952.0,NaN
2024-10-12T21:00,59.8,41.6,0.00,6.0,896.0,NaN
2024-10-12T22:00,58.6,40.6,0.00,12.0,809.0,NaN
2024-10-12T23:00,58.7,40.7,0.10,21.0,704.0,NaN
2024-10-13T00:00,46.2,32.0,0.85,34.0,615.0,NaN
2024-10-13T01:00,43.3,29.8,2.85,52.0,543.0,NaN
2024-10-13T02:00,32.7,22.4,5.70,77.0,445.0,NaN
2024-10-13T03:00,27.2,18.5,7.95,102.0,372.0,NaN
2024-10-13T04:00,27.0,18.2,9.35,128.0,349.0,NaN
2024-10-13T05:00,30.0,20.2,9.90,154.0,352.0,NaN
2024-10-13T06:00,32.7,22.0,7.80,171.0,364.0,NaN
2024-10-13T07:00,38.6,26.2,5.05,176.0,375.0,NaN
2024-10-13T08:00,42.1,28.5,2.10,172.0,395.0,NaN
2024-10-13T09:00,40.7,27.6,0.35,158.0,436.0,NaN
2024-10-13T10:00,36.7,25.0,0.05,130.0,506.0,NaN
2024-10-13T11:00,41.0,28.1,0.00,92.0,598.0,NaN
2024-10-13T12:00,39.6,27.2,0.00,60.0,535.0,NaN
2024-10-13T13:00,41.6,28.6,0.00,49.0,599.0,NaN
2024-10-13T14:00,46.0,31.8,0.00,33.0,686.0,NaN
2024-10-13T15:00,51.6,35.7,0.00,21.0,740.0,NaN
2024-10-13T16:00,52.3,36.3,0.00,16.0,739.0,NaN
2024-10-13T17:00,51.0,35.4,0.00,15.0,705.0,NaN
2024-10-13T18:00,45.6,31.5,0.00,16.0,653.0,NaN
2024-10-13T19:00,41.3,28.3,0.00,19.0,568.0,NaN
2024-10-13T20:00,37.7,25.7,0.00,25.0,464.0,NaN
2024-10-13T21:00,34.9,23.9,0.00,29.0,402.0,NaN
2024-10-13T22:00,35.2,24.2,0.00,29.0,424.0,NaN
2024-10-13T23:00,39.8,27.2,0.05,28.0,488.0,NaN
2024-10-14T00:00,43.9,30.3,0.70,27.0,568.0,NaN
2024-10-14T01:00,40.5,27.7,2.20,40.0,524.0,NaN
2024-10-14T02:00,33.1,22.2,3.75,59.0,463.0,NaN
2024-10-14T03:00,32.4,21.6,5.65,79.0,416.0,NaN
2024-10-14T04:00,33.5,22.3,7.25,100.0,395.0,NaN
2024-10-14T05:00,37.3,24.7,6.20,123.0,388.0,NaN
2024-10-14T06:00,40.0,26.5,4.50,139.0,393.0,NaN
2024-10-14T07:00,44.8,29.9,3.35,147.0,409.0,NaN
2024-10-14T08:00,47.5,31.8,1.90,148.0,436.0,NaN
2024-10-14T09:00,47.6,32.1,0.55,143.0,472.0,NaN
2024-10-14T10:00,50.6,34.1,0.05,130.0,517.0,NaN
2024-10-14T11:00,48.8,32.8,0.00,110.0,569.0,NaN
2024-10-14T12:00,50.6,34.2,0.00,86.0,563.0,NaN
2024-10-14T13:00,55.9,37.7,0.00,76.0,601.0,NaN
2024-10-14T14:00,62.9,43.0,0.00,62.0,654.0,NaN
2024-10-14T15:00,68.2,46.6,0.00,50.0,700.0,NaN
2024-10-14T16:00,71.5,48.9,0.00,41.0,728.0,NaN
2024-10-14T17:00,76.1,52.0,0.00,33.0,748.0,NaN
2024-10-14T18:00,81.7,56.0,0.00,26.0,770.0,NaN
2024-10-14T19:00,86.8,59.8,0.00,17.0,794.0,NaN
2024-10-14T20:00,91.7,63.6,0.00,9.0,819.0,NaN
2024-10-14T21:00,96.2,66.6,0.00,5.0,853.0,NaN
2024-10-14T22:00,94.5,65.2,0.00,6.0,929.0,NaN
2024-10-14T23:00,96.2,66.1,0.05,11.0,1014.0,NaN
2024-10-15T00:00,91.0,62.6,0.65,22.0,960.0,NaN
2024-10-15T01:00,87.5,59.8,1.75,36.0,855.0,NaN
2024-10-15T02:00,76.8,52.0,2.85,57.0,708.0,NaN
2024-10-15T03:00,65.0,43.4,4.45,76.0,584.0,NaN
2024-10-15T04:00,58.3,38.8,5.95,94.0,506.0,NaN
2024-10-15T05:00,48.5,32.1,5.50,110.0,450.0,NaN
2024-10-15T06:00,42.5,28.3,4.70,118.0,418.0,NaN
2024-10-15T07:00,40.2,26.9,2.50,113.0,413.0,NaN
2024-10-15T08:00,39.0,26.1,1.20,99.0,431.0,NaN
2024-10-15T09:00,38.3,25.7,0.25,84.0,456.0,NaN
2024-10-15T10:00,38.0,25.7,0.00,69.0,490.0,NaN
2024-10-15T11:00,33.6,22.9,0.00,53.0,531.0,NaN
2024-10-15T12:00,34.5,23.5,0.00,26.0,700.0,NaN
2024-10-15T13:00,29.3,19.9,0.00,27.0,643.0,NaN
2024-10-15T14:00,27.5,18.6,0.00,28.0,562.0,NaN
2024-10-15T15:00,27.6,18.7,0.00,29.0,489.0,NaN
2024-10-15T16:00,26.4,18.0,0.00,28.0,435.0,NaN
2024-10-15T17:00,22.2,15.2,0.00,26.0,389.0,NaN
2024-10-15T18:00,19.2,13.1,0.00,24.0,351.0,NaN
2024-10-15T19:00,14.8,10.1,0.00,23.0,314.0,NaN
2024-10-15T20:00,11.8,8.0,0.00,23.0,285.0,NaN
2024-10-15T21:00,10.6,7.3,0.00,22.0,279.0,NaN
2024-10-15T22:00,10.8,7.4,0.00,19.0,318.0,NaN
2024-10-15T23:00,13.1,9.1,0.05,15.0,380.0,NaN
2024-10-16T00:00,26.6,18.4,0.75,19.0,484.0,NaN
2024-10-16T01:00,26.0,17.9,1.65,26.0,455.0,NaN
2024-10-16T02:00,27.8,19.1,3.20,37.0,417.0,NaN
2024-10-16T03:00,26.4,18.2,5.80,47.0,392.0,NaN
2024-10-16T04:00,27.2,18.5,3.65,57.0,398.0,NaN
2024-10-16T05:00,27.3,18.6,3.05,67.0,419.0,NaN
2024-10-16T06:00,33.2,22.7,2.70,72.0,429.0,NaN
2024-10-16T07:00,31.3,21.3,1.70,71.0,406.0,NaN
2024-10-16T08:00,28.8,19.5,1.10,66.0,374.0,NaN
2024-10-16T09:00,25.6,17.3,0.50,57.0,376.0,NaN
2024-10-16T10:00,23.8,16.2,0.05,43.0,453.0,NaN
2024-10-16T11:00,28.4,19.4,0.00,26.0,565.0,NaN
2024-10-16T12:00,39.5,27.5,0.00,44.0,640.0,NaN
2024-10-16T13:00,38.1,26.5,0.00,37.0,621.0,NaN
2024-10-16T14:00,35.4,24.6,0.00,27.0,595.0,NaN
2024-10-16T15:00,34.6,24.0,0.00,19.0,568.0,NaN
2024-10-16T16:00,32.6,22.6,0.00,13.0,541.0,NaN
2024-10-16T17:00,30.3,21.0,0.00,9.0,513.0,NaN
2024-10-16T18:00,28.6,19.9,0.00,6.0,493.0,NaN
2024-10-16T19:00,27.6,19.2,0.00,4.0,482.0,NaN
2024-10-16T20:00,27.2,18.9,0.00,3.0,479.0,NaN
2024-10-16T21:00,29.3,20.4,0.00,3.0,482.0,NaN
2024-10-16T22:00,28.6,19.9,0.00,3.0,498.0,NaN
2024-10-16T23:00,32.8,22.9,0.05,3.0,522.0,NaN
2024-10-17T00:00,35.9,25.1,0.60,8.0,622.0,NaN
2024-10-17T01:00,29.4,20.5,1.70,16.0,552.0,NaN
2024-10-17T02:00,26.8,18.6,2.95,27.0,456.0,NaN
2024-10-17T03:00,27.4,19.0,5.30,42.0,382.0,NaN
2024-10-17T04:00,28.2,19.4,6.45,64.0,350.0,NaN
2024-10-17T05:00,27.6,19.0,6.80,89.0,339.0,NaN
2024-10-17T06:00,26.7,18.4,5.25,105.0,341.0,NaN
2024-10-17T07:00,29.2,20.1,2.30,105.0,346.0,NaN
2024-10-17T08:00,32.9,22.7,1.05,96.0,363.0,NaN
2024-10-17T09:00,31.2,21.4,0.20,83.0,409.0,NaN
2024-10-17T10:00,34.1,23.4,0.05,64.0,509.0,NaN
2024-10-17T11:00,38.1,26.3,0.00,40.0,638.0,NaN
2024-10-17T12:00,34.5,23.8,0.00,9.0,748.0,NaN
2024-10-17T13:00,36.7,25.4,0.00,6.0,754.0,NaN
2024-10-17T14:00,35.4,24.4,0.00,3.0,758.0,NaN
2024-10-17T15:00,36.4,25.1,0.00,1.0,738.0,NaN
2024-10-17T16:00,35.3,24.3,0.00,1.0,677.0,NaN
2024-10-17T17:00,31.8,21.9,0.00,3.0,592.0,NaN
2024-10-17T18:00,26.8,18.3,0.00,5.0,508.0,NaN
2024-10-17T19:00,22.6,15.4,0.00,7.0,420.0,NaN
2024-10-17T20:00,19.4,13.0,0.00,10.0,334.0,NaN
2024-10-17T21:00,18.6,12.5,0.00,12.0,291.0,NaN
2024-10-17T22:00,18.5,12.5,0.00,12.0,331.0,NaN
2024-10-17T23:00,21.0,14.2,0.05,12.0,415.0,NaN
2024-10-18T00:00,20.7,14.3,0.20,10.0,349.0,NaN
2024-10-18T01:00,20.4,14.1,1.35,17.0,342.0,NaN
2024-10-18T02:00,18.7,13.0,4.05,27.0,330.0,NaN
2024-10-18T03:00,18.0,12.5,5.85,37.0,316.0,NaN
2024-10-18T04:00,17.6,12.3,6.10,49.0,291.0,NaN
2024-10-18T05:00,15.3,10.6,4.30,61.0,263.0,NaN
2024-10-18T06:00,16.8,11.6,4.05,69.0,254.0,NaN
2024-10-18T07:00,20.4,14.1,2.20,72.0,275.0,NaN
2024-10-18T08:00,25.4,17.7,1.30,71.0,316.0,NaN
2024-10-18T09:00,23.7,16.5,0.30,66.0,364.0,NaN
2024-10-18T10:00,24.9,17.3,0.05,55.0,424.0,NaN
2024-10-18T11:00,24.2,16.8,0.00,40.0,491.0,NaN
2024-10-18T12:00,34.5,24.0,0.00,25.0,636.0,NaN
2024-10-18T13:00,32.1,22.5,0.00,22.0,600.0,NaN
2024-10-18T14:00,31.3,21.9,0.00,19.0,549.0,NaN
2024-10-18T15:00,30.4,21.2,0.00,15.0,509.0,NaN
2024-10-18T16:00,30.9,21.6,0.00,11.0,490.0,NaN
2024-10-18T17:00,30.9,21.6,0.00,7.0,481.0,NaN
2024-10-18T18:00,30.4,21.2,0.00,4.0,474.0,NaN
2024-10-18T19:00,29.8,20.9,0.00,2.0,462.0,NaN
2024-10-18T20:00,29.0,20.3,0.00,2.0,452.0,NaN
2024-10-18T21:00,28.2,19.7,0.00,3.0,459.0,NaN
2024-10-18T22:00,27.5,19.2,0.00,5.0,511.0,NaN
2024-10-18T23:00,29.1,20.3,0.10,9.0,581.0,NaN
2024-10-19T00:00,35.9,25.0,0.80,12.0,639.0,NaN
2024-10-19T01:00,27.8,19.3,2.50,21.0,548.0,NaN
2024-10-19T02:00,27.0,18.7,4.60,34.0,422.0,NaN
2024-10-19T03:00,25.7,17.8,5.55,46.0,327.0,NaN
2024-10-19T04:00,25.0,17.2,5.85,57.0,289.0,NaN
2024-10-19T05:00,24.6,16.9,5.65,68.0,282.0,NaN
2024-10-19T06:00,24.2,16.5,4.30,74.0,292.0,NaN
2024-10-19T07:00,25.7,17.6,2.60,72.0,320.0,NaN
2024-10-19T08:00,27.6,18.9,1.05,66.0,365.0,NaN
2024-10-19T09:00,30.3,20.8,0.30,57.0,413.0,NaN
2024-10-19T10:00,27.4,18.7,0.05,46.0,467.0,NaN
2024-10-19T11:00,29.0,19.7,0.00,34.0,524.0,NaN
2024-10-19T12:00,31.4,21.7,0.00,16.0,607.0,NaN
2024-10-19T13:00,31.4,21.7,0.00,12.0,613.0,NaN
2024-10-19T14:00,32.1,22.1,0.00,7.0,619.0,NaN
2024-10-19T15:00,32.8,22.6,0.00,3.0,613.0,NaN
2024-10-19T16:00,32.1,22.2,0.00,1.0,581.0,NaN
2024-10-19T17:00,29.5,20.4,0.00,1.0,536.0,NaN
2024-10-19T18:00,27.3,18.8,0.00,1.0,506.0,NaN
2024-10-19T19:00,28.0,19.3,0.00,0.0,501.0,NaN
2024-10-19T20:00,28.8,19.8,0.00,0.0,510.0,NaN
2024-10-19T21:00,29.6,20.4,0.00,1.0,526.0,NaN
2024-10-19T22:00,29.2,20.1,0.00,3.0,564.0,NaN
2024-10-19T23:00,31.5,21.8,0.05,6.0,609.0,NaN
2024-10-20T00:00,41.8,28.9,0.85,11.0,683.0,NaN
2024-10-20T01:00,32.6,22.4,2.65,21.0,584.0,NaN
2024-10-20T02:00,31.1,21.1,5.40,35.0,447.0,NaN
2024-10-20T03:00,33.8,22.9,8.00,48.0,344.0,NaN
2024-10-20T04:00,32.8,22.2,8.15,58.0,306.0,NaN
2024-10-20T05:00,29.8,20.0,6.30,66.0,300.0,NaN
2024-10-20T06:00,32.0,21.5,4.20,71.0,303.0,NaN
2024-10-20T07:00,32.4,21.9,2.95,73.0,295.0,NaN
2024-10-20T08:00,29.3,19.7,1.35,71.0,295.0,NaN
2024-10-20T09:00,30.3,20.4,0.40,66.0,335.0,NaN
2024-10-20T10:00,33.8,22.7,0.05,55.0,455.0,NaN
2024-10-20T11:00,44.8,30.6,0.00,42.0,614.0,NaN
2024-10-20T12:00,54.4,37.7,0.00,48.0,614.0,NaN
2024-10-20T13:00,49.0,34.0,0.00,44.0,600.0,NaN
2024-10-20T14:00,48.0,33.4,0.00,39.0,582.0,NaN
2024-10-20T15:00,51.1,35.6,0.00,33.0,576.0,NaN
2024-10-20T16:00,55.1,38.4,0.00,26.0,597.0,NaN
2024-10-20T17:00,56.9,39.8,0.00,19.0,630.0,NaN
2024-10-20T18:00,57.9,40.4,0.00,14.0,651.0,NaN
2024-10-20T19:00,58.3,40.7,0.00,10.0,652.0,NaN
2024-10-20T20:00,58.8,41.1,0.00,8.0,641.0,NaN
2024-10-20T21:00,57.9,40.4,0.00,10.0,613.0,NaN
2024-10-20T22:00,54.9,38.4,0.00,19.0,559.0,NaN
2024-10-20T23:00,47.5,33.2,0.05,33.0,489.0,NaN
2024-10-21T00:00,44.0,30.7,0.70,29.0,568.0,NaN
2024-10-21T01:00,37.1,25.9,1.55,39.0,532.0,NaN
2024-10-21T02:00,34.6,24.1,2.85,55.0,480.0,NaN
2024-10-21T03:00,34.5,23.9,4.25,72.0,431.0,NaN
2024-10-21T04:00,32.1,22.2,5.60,95.0,386.0,NaN
2024-10-21T05:00,31.3,21.5,8.00,119.0,343.0,NaN
2024-10-21T06:00,28.3,19.4,6.85,135.0,315.0,NaN
2024-10-21T07:00,28.4,19.6,4.50,137.0,299.0,NaN
2024-10-21T08:00,27.9,19.2,2.15,129.0,296.0,NaN
2024-10-21T09:00,27.2,18.7,0.50,114.0,326.0,NaN
2024-10-21T10:00,28.0,19.4,0.00,86.0,418.0,NaN
2024-10-21T11:00,28.2,19.6,0.00,50.0,542.0,NaN
2024-10-21T12:00,42.5,29.4,0.00,28.0,722.0,NaN
2024-10-21T13:00,42.1,29.2,0.00,23.0,722.0,NaN
2024-10-21T14:00,42.3,29.3,0.00,16.0,720.0,NaN
2024-10-21T15:00,43.0,29.9,0.00,10.0,710.0,NaN
2024-10-21T16:00,44.0,30.6,0.00,7.0,690.0,NaN
2024-10-21T17:00,42.0,29.2,0.00,6.0,662.0,NaN
2024-10-21T18:00,38.3,26.6,0.00,5.0,625.0,NaN
2024-10-21T19:00,34.8,24.2,0.00,4.0,572.0,NaN
2024-10-21T20:00,31.8,22.1,0.00,4.0,510.0,NaN
2024-10-21T21:00,29.7,20.6,0.00,5.0,462.0,NaN
2024-10-21T22:00,28.2,19.6,0.00,8.0,445.0,NaN
2024-10-21T23:00,28.2,19.7,0.05,13.0,441.0,NaN
2024-10-22T00:00,17.9,12.5,0.40,19.0,387.0,NaN
2024-10-22T01:00,17.3,12.1,1.30,26.0,384.0,NaN
2024-10-22T02:00,18.4,12.8,2.30,36.0,378.0,NaN
2024-10-22T03:00,22.3,15.5,4.85,53.0,366.0,NaN
2024-10-22T04:00,27.0,18.7,7.70,84.0,338.0,NaN
2024-10-22T05:00,24.7,17.1,9.30,120.0,305.0,NaN
2024-10-22T06:00,24.2,16.6,7.70,142.0,290.0,NaN
2024-10-22T07:00,25.3,17.2,3.35,137.0,301.0,NaN
2024-10-22T08:00,27.3,18.6,0.75,117.0,331.0,NaN
2024-10-22T09:00,31.7,21.7,0.15,98.0,385.0,NaN
2024-10-22T10:00,38.1,26.4,0.00,84.0,485.0,NaN
2024-10-22T11:00,43.1,29.8,0.00,70.0,609.0,NaN
2024-10-22T12:00,39.1,27.0,0.00,25.0,541.0,NaN
2024-10-22T13:00,35.9,24.8,0.00,19.0,564.0,NaN
2024-10-22T14:00,36.1,25.0,0.00,11.0,593.0,NaN
2024-10-22T15:00,40.3,28.0,0.00,5.0,598.0,NaN
2024-10-22T16:00,38.0,26.3,0.00,5.0,556.0,NaN
2024-10-22T17:00,35.2,24.4,0.00,8.0,490.0,NaN
2024-10-22T18:00,30.7,21.2,0.00,10.0,435.0,NaN
2024-10-22T19:00,24.6,16.9,0.00,8.0,399.0,NaN
2024-10-22T20:00,23.2,16.0,0.00,5.0,375.0,NaN
2024-10-22T21:00,25.5,17.6,0.00,4.0,375.0,NaN
2024-10-22T22:00,26.7,18.6,0.00,4.0,422.0,NaN
2024-10-22T23:00,30.7,21.4,0.05,5.0,494.0,NaN
2024-10-23T00:00,37.5,26.0,0.30,10.0,552.0,NaN
2024-10-23T01:00,39.1,27.2,0.55,12.0,584.0,NaN
2024-10-23T02:00,39.5,27.4,0.80,16.0,626.0,NaN
2024-10-23T03:00,40.0,27.8,1.30,23.0,644.0,NaN
2024-10-23T04:00,39.8,27.6,1.75,36.0,608.0,NaN
2024-10-23T05:00,39.2,27.0,2.15,52.0,549.0,NaN
2024-10-23T06:00,38.0,25.9,2.05,66.0,524.0,NaN
2024-10-23T07:00,45.4,30.9,2.40,77.0,548.0,NaN
2024-10-23T08:00,49.6,33.6,1.25,85.0,606.0,NaN
2024-10-23T09:00,56.2,38.3,0.40,85.0,710.0,NaN
2024-10-23T10:00,66.6,45.5,0.05,71.0,895.0,NaN
2024-10-23T11:00,77.1,53.1,0.00,48.0,1127.0,NaN
2024-10-23T12:00,72.2,49.4,0.00,23.0,1261.0,NaN
2024-10-23T13:00,67.3,46.1,0.00,21.0,1169.0,NaN
2024-10-23T14:00,63.3,43.4,0.00,18.0,1038.0,NaN
2024-10-23T15:00,56.1,38.4,0.00,16.0,917.0,NaN
2024-10-23T16:00,50.6,34.8,0.00,15.0,819.0,NaN
2024-10-23T17:00,44.8,30.7,0.00,15.0,730.0,NaN
2024-10-23T18:00,39.7,27.2,0.00,14.0,653.0,NaN
2024-10-23T19:00,35.4,24.3,0.00,12.0,584.0,NaN
2024-10-23T20:00,31.9,22.0,0.00,10.0,527.0,NaN
2024-10-23T21:00,29.9,20.7,0.00,10.0,496.0,NaN
2024-10-23T22:00,29.0,20.1,0.00,9.0,513.0,NaN
2024-10-23T23:00,29.7,20.6,0.05,9.0,555.0,NaN
2024-10-24T00:00,26.8,18.6,0.75,23.0,523.0,NaN
2024-10-24T01:00,24.3,16.9,2.60,54.0,478.0,NaN
2024-10-24T02:00,25.8,17.8,5.25,96.0,415.0,NaN
2024-10-24T03:00,25.4,16.8,8.05,130.0,370.0,NaN
2024-10-24T04:00,23.2,15.0,8.75,148.0,357.0,NaN
2024-10-24T05:00,21.8,14.0,8.00,158.0,361.0,NaN
2024-10-24T06:00,23.1,14.9,6.70,162.0,371.0,NaN
2024-10-24T07:00,24.0,15.6,4.40,163.0,343.0,NaN
2024-10-24T08:00,25.8,16.9,2.05,157.0,322.0,NaN
2024-10-24T09:00,28.7,19.0,0.70,143.0,429.0,NaN
2024-10-24T10:00,42.6,28.9,0.05,111.0,817.0,NaN
2024-10-24T11:00,65.7,45.2,0.00,70.0,1333.0,NaN
2024-10-24T12:00,76.6,51.9,0.00,45.0,1328.0,NaN
2024-10-24T13:00,82.9,56.5,0.00,38.0,1403.0,NaN
2024-10-24T14:00,90.6,61.9,0.00,28.0,1495.0,NaN
2024-10-24T15:00,85.2,58.4,0.00,22.0,1484.0,NaN
2024-10-24T16:00,70.5,48.2,0.00,22.0,1277.0,NaN
2024-10-24T17:00,57.7,39.7,0.00,26.0,967.0,NaN
2024-10-24T18:00,45.8,31.5,0.00,29.0,712.0,NaN
2024-10-24T19:00,36.1,24.9,0.00,30.0,569.0,NaN
2024-10-24T20:00,30.5,21.0,0.00,31.0,481.0,NaN
2024-10-24T21:00,27.5,19.0,0.00,31.0,431.0,NaN
2024-10-24T22:00,26.7,18.5,0.00,29.0,430.0,NaN
2024-10-24T23:00,28.7,19.9,0.05,27.0,468.0,NaN
2024-10-25T00:00,27.8,19.4,0.85,36.0,589.0,NaN
2024-10-25T01:00,27.3,19.0,2.80,58.0,537.0,NaN
2024-10-25T02:00,27.3,18.9,4.80,88.0,465.0,NaN
2024-10-25T03:00,26.6,18.3,7.65,114.0,407.0,NaN
2024-10-25T04:00,25.3,17.3,9.20,132.0,374.0,NaN
2024-10-25T05:00,25.0,17.1,9.20,145.0,356.0,NaN
2024-10-25T06:00,25.3,17.3,7.60,151.0,351.0,NaN
2024-10-25T07:00,25.7,17.5,5.05,149.0,343.0,NaN
2024-10-25T08:00,26.8,18.2,2.55,139.0,349.0,NaN
2024-10-25T09:00,30.6,20.8,0.75,123.0,418.0,NaN
2024-10-25T10:00,34.9,23.9,0.05,97.0,598.0,NaN
2024-10-25T11:00,44.2,30.4,0.00,64.0,842.0,NaN
2024-10-25T12:00,61.5,41.9,0.00,40.0,954.0,NaN
2024-10-25T13:00,69.4,47.6,0.00,31.0,1046.0,NaN
2024-10-25T14:00,72.4,49.6,0.00,20.0,1170.0,NaN
2024-10-25T15:00,73.1,50.2,0.00,11.0,1238.0,NaN
2024-10-25T16:00,70.5,48.3,0.00,8.0,1208.0,NaN
2024-10-25T17:00,65.0,44.6,0.00,9.0,1122.0,NaN
2024-10-25T18:00,59.4,40.7,0.00,10.0,1018.0,NaN
2024-10-25T19:00,53.0,36.3,0.00,11.0,887.0,NaN
2024-10-25T20:00,46.2,31.5,0.00,12.0,738.0,NaN
2024-10-25T21:00,40.3,27.6,0.00,14.0,638.0,NaN
2024-10-25T22:00,36.7,25.3,0.00,14.0,635.0,NaN
2024-10-25T23:00,37.7,26.1,0.10,15.0,681.0,NaN
2024-10-26T00:00,43.0,29.8,0.80,24.0,1427.0,501
2024-10-26T01:00,43.1,29.7,2.20,50.0,1156.0,485
2024-10-26T02:00,44.2,30.4,4.00,86.0,783.0,462
2024-10-26T03:00,45.6,31.2,5.85,115.0,498.0,445
2024-10-26T04:00,40.5,27.6,6.60,131.0,386.0,438
2024-10-26T05:00,36.2,24.6,6.25,140.0,363.0,436
2024-10-26T06:00,34.0,23.1,5.00,141.0,371.0,435
2024-10-26T07:00,32.9,22.5,3.45,134.0,372.0,433
2024-10-26T08:00,34.0,23.2,1.70,119.0,405.0,433
2024-10-26T09:00,37.8,26.0,0.50,101.0,525.0,435
2024-10-26T10:00,42.5,29.2,0.05,77.0,838.0,443
2024-10-26T11:00,52.0,36.0,0.00,49.0,1238.0,453
2024-10-26T12:00,77.1,53.2,0.00,28.0,1471.0,462
2024-10-26T13:00,89.6,61.9,0.00,20.0,1390.0,468
2024-10-26T14:00,101.0,69.8,0.00,9.0,1142.0,471
2024-10-26T15:00,99.9,69.2,0.00,4.0,909.0,473
2024-10-26T16:00,84.8,58.6,0.00,10.0,747.0,472
2024-10-26T17:00,63.1,43.3,0.00,22.0,600.0,468
2024-10-26T18:00,41.8,28.5,0.00,31.0,483.0,465
2024-10-26T19:00,28.2,19.1,0.00,33.0,399.0,463
2024-10-26T20:00,22.5,15.3,0.00,31.0,344.0,460
2024-10-26T21:00,20.4,13.8,0.00,30.0,328.0,459
2024-10-26T22:00,22.1,15.0,0.00,29.0,365.0,459
2024-10-26T23:00,28.5,19.5,0.05,28.0,440.0,459
2024-10-27T00:00,24.3,16.2,0.45,32.0,517.0,459
2024-10-27T01:00,26.7,17.8,1.05,42.0,592.0,457
2024-10-27T02:00,30.9,20.8,2.55,57.0,669.0,455
2024-10-27T03:00,35.5,24.1,3.95,71.0,722.0,452
2024-10-27T04:00,36.0,24.5,4.45,84.0,723.0,448
2024-10-27T05:00,34.3,23.1,4.85,96.0,699.0,444
2024-10-27T06:00,35.7,23.7,3.65,101.0,707.0,442
2024-10-27T07:00,34.1,22.6,1.60,93.0,736.0,441
2024-10-27T08:00,31.8,21.2,1.05,78.0,796.0,443
2024-10-27T09:00,32.8,22.2,0.45,63.0,980.0,446
2024-10-27T10:00,32.5,22.2,0.05,50.0,1468.0,455
2024-10-27T11:00,33.2,22.8,0.00,38.0,2079.0,466
2024-10-27T12:00,54.2,37.1,0.00,19.0,2362.0,472
2024-10-27T13:00,51.5,35.3,0.00,20.0,2015.0,470
2024-10-27T14:00,40.9,27.9,0.00,22.0,1341.0,462
2024-10-27T15:00,34.6,23.5,0.00,22.0,793.0,457
2024-10-27T16:00,29.7,20.1,0.00,20.0,554.0,456
2024-10-27T17:00,25.5,17.2,0.00,17.0,441.0,456
2024-10-27T18:00,21.7,14.5,0.00,15.0,364.0,456
2024-10-27T19:00,18.3,12.1,0.00,16.0,291.0,456
2024-10-27T20:00,16.1,10.6,0.00,19.0,253.0,455
2024-10-27T21:00,15.4,10.1,0.00,21.0,260.0,455
2024-10-27T22:00,15.8,10.3,0.00,20.0,330.0,454
2024-10-27T23:00,17.1,11.2,0.05,17.0,444.0,453
2024-10-28T00:00,20.8,13.8,0.25,11.0,553.0,452
2024-10-28T01:00,21.4,14.3,1.15,21.0,660.0,451
2024-10-28T02:00,19.9,13.4,2.45,34.0,762.0,450
2024-10-28T03:00,21.0,14.1,3.50,47.0,807.0,449
2024-10-28T04:00,16.4,11.1,2.00,58.0,749.0,447
2024-10-28T05:00,19.0,13.0,2.80,67.0,632.0,444
2024-10-28T06:00,21.1,14.5,1.90,72.0,539.0,442
2024-10-28T07:00,22.9,15.8,1.20,69.0,466.0,440
2024-10-28T08:00,25.3,17.4,0.60,60.0,415.0,437
2024-10-28T09:00,26.5,18.4,0.10,51.0,479.0,438
2024-10-28T10:00,26.1,18.2,0.00,42.0,796.0,444
2024-10-28T11:00,27.1,18.8,0.00,33.0,1227.0,453
2024-10-28T12:00,33.8,23.6,0.00,17.0,1445.0,458
2024-10-28T13:00,29.2,20.4,0.00,15.0,1235.0,456
2024-10-28T14:00,28.8,20.1,0.00,13.0,812.0,451
2024-10-28T15:00,27.4,19.2,0.00,12.0,497.0,448
2024-10-28T16:00,24.6,17.2,0.00,14.0,443.0,450
2024-10-28T17:00,21.5,15.0,0.00,16.0,496.0,455
2024-10-28T18:00,18.9,13.2,0.00,19.0,518.0,458
2024-10-28T19:00,16.5,11.6,0.00,21.0,427.0,457
2024-10-28T20:00,15.4,10.7,0.00,22.0,304.0,454
2024-10-28T21:00,14.4,10.1,0.00,23.0,252.0,452
2024-10-28T22:00,14.7,10.3,0.00,21.0,350.0,452
2024-10-28T23:00,18.7,13.1,0.05,19.0,520.0,453
2024-10-29T00:00,26.5,18.6,0.50,21.0,628.0,453
2024-10-29T01:00,26.1,18.3,1.45,33.0,606.0,450
2024-10-29T02:00,29.6,20.7,2.85,50.0,522.0,446
2024-10-29T03:00,31.9,22.3,3.80,70.0,449.0,442
2024-10-29T04:00,35.9,25.1,6.35,98.0,407.0,440
2024-10-29T05:00,34.9,24.4,5.80,129.0,375.0,440
2024-10-29T06:00,36.7,25.6,5.70,146.0,368.0,439
2024-10-29T07:00,31.3,21.8,1.95,139.0,366.0,437
2024-10-29T08:00,38.4,26.8,1.20,119.0,388.0,436
2024-10-29T09:00,48.7,33.9,0.45,96.0,502.0,437
2024-10-29T10:00,55.1,38.4,0.05,73.0,813.0,443
2024-10-29T11:00,58.7,41.0,0.00,48.0,1216.0,451
2024-10-29T12:00,66.4,46.3,0.00,36.0,1462.0,457
2024-10-29T13:00,65.2,45.5,0.00,29.0,1419.0,460
2024-10-29T14:00,64.3,44.8,0.00,19.0,1219.0,461
2024-10-29T15:00,61.5,43.0,0.00,11.0,1015.0,462
2024-10-29T16:00,57.5,40.2,0.00,7.0,840.0,463
2024-10-29T17:00,53.8,37.6,0.00,4.0,661.0,464
2024-10-29T18:00,52.7,36.9,0.00,2.0,533.0,465
2024-10-29T19:00,54.2,37.8,0.00,0.0,478.0,468
2024-10-29T20:00,55.9,39.0,0.00,0.0,474.0,472
2024-10-29T21:00,55.1,38.4,0.00,0.0,510.0,475
2024-10-29T22:00,53.6,37.4,0.00,6.0,620.0,476
2024-10-29T23:00,60.1,41.9,0.05,15.0,770.0,476
2024-10-30T00:00,49.8,34.8,0.85,26.0,842.0,473
2024-10-30T01:00,39.1,27.2,2.70,52.0,762.0,464
2024-10-30T02:00,37.0,25.7,5.35,88.0,604.0,453
2024-10-30T03:00,39.0,27.1,7.75,118.0,475.0,444
2024-10-30T04:00,35.2,24.4,8.85,140.0,412.0,440
2024-10-30T05:00,30.7,21.4,6.85,156.0,378.0,439
2024-10-30T06:00,29.5,20.5,4.45,160.0,373.0,438
2024-10-30T07:00,30.3,21.0,2.35,144.0,357.0,436
2024-10-30T08:00,28.9,20.1,0.75,115.0,371.0,435
2024-10-30T09:00,30.5,21.2,0.20,87.0,532.0,437
2024-10-30T10:00,31.2,21.7,0.05,65.0,1023.0,446
2024-10-30T11:00,38.8,27.0,0.00,44.0,1661.0,459
2024-10-30T12:00,35.4,24.7,0.00,61.0,2021.0,468
2024-10-30T13:00,34.9,24.4,0.00,58.0,1841.0,468
2024-10-30T14:00,33.9,23.7,0.00,53.0,1382.0,464
2024-10-30T15:00,30.7,21.5,0.00,49.0,1004.0,462
2024-10-30T16:00,27.5,19.2,0.00,47.0,844.0,464
2024-10-30T17:00,25.6,17.9,0.00,46.0,765.0,467
2024-10-30T18:00,24.8,17.3,0.00,44.0,709.0,470
2024-10-30T19:00,24.2,16.9,0.00,40.0,648.0,472
2024-10-30T20:00,23.8,16.6,0.00,35.0,610.0,475
2024-10-30T21:00,23.6,16.5,0.00,32.0,622.0,476
2024-10-30T22:00,23.7,16.6,0.00,29.0,741.0,477
2024-10-30T23:00,26.1,18.3,0.10,28.0,908.0,478
2024-10-31T00:00,18.6,13.0,0.80,41.0,978.0,475
2024-10-31T01:00,21.5,15.0,2.15,59.0,850.0,467
2024-10-31T02:00,26.0,18.2,3.45,84.0,624.0,455
2024-10-31T03:00,27.6,19.3,5.65,107.0,452.0,446
2024-10-31T04:00,26.4,18.4,8.10,126.0,399.0,443
2024-10-31T05:00,24.5,17.1,8.55,144.0,399.0,442
2024-10-31T06:00,24.3,16.9,7.50,153.0,411.0,441
2024-10-31T07:00,24.2,16.9,5.05,152.0,391.0,439
2024-10-31T08:00,25.0,17.5,2.40,144.0,382.0,436
2024-10-31T09:00,25.4,17.8,0.70,129.0,475.0,437
2024-10-31T10:00,33.8,23.6,0.05,103.0,777.0,443
2024-10-31T11:00,44.6,31.2,0.00,69.0,1180.0,451
2024-10-31T12:00,57.3,40.0,0.00,34.0,1449.0,459
2024-10-31T13:00,63.3,44.4,0.00,28.0,1481.0,466
2024-10-31T14:00,64.5,45.2,0.00,20.0,1379.0,472
2024-10-31T15:00,58.3,40.9,0.00,16.0,1220.0,476
2024-10-31T16:00,49.5,34.6,0.00,19.0,980.0,474
2024-10-31T17:00,42.5,29.7,0.00,26.0,683.0,470
2024-10-31T18:00,37.1,26.0,0.00,30.0,470.0,467
2024-10-31T19:00,33.8,23.6,0.00,29.0,392.0,469
2024-10-31T20:00,32.2,22.5,0.00,26.0,399.0,472
2024-10-31T21:00,32.4,22.6,0.00,23.0,485.0,476
2024-10-31T22:00,34.1,23.8,0.00,19.0,727.0,481
2024-10-31T23:00,41.0,28.6,0.05,16.0,1047.0,487
2024-11-01T00:00,43.3,30.2,0.80,24.0,1209.0,486
2024-11-01T01:00,40.2,27.9,2.70,48.0,1057.0,474
2024-11-01T02:00,42.3,29.4,5.30,81.0,747.0,456
2024-11-01T03:00,44.6,31.1,7.35,113.0,503.0,442
2024-11-01T04:00,37.7,26.3,8.20,142.0,415.0,438
2024-11-01T05:00,37.7,26.3,8.05,170.0,393.0,438
2024-11-01T06:00,39.7,27.6,6.75,187.0,396.0,439
2024-11-01T07:00,40.3,28.1,4.25,188.0,348.0,437
2024-11-01T08:00,39.9,27.8,1.70,179.0,325.0,434
2024-11-01T09:00,42.4,29.5,0.35,162.0,510.0,437
2024-11-01T10:00,51.5,36.0,0.00,134.0,1160.0,450
2024-11-01T11:00,54.2,37.8,0.00,99.0,2017.0,468
2024-11-01T12:00,58.1,40.6,0.00,56.0,2494.0,479
2024-11-01T13:00,58.1,40.6,0.00,49.0,2232.0,478
2024-11-01T14:00,54.8,38.3,0.00,40.0,1589.0,470
2024-11-01T15:00,54.8,38.3,0.00,34.0,1054.0,463
2024-11-01T16:00,55.1,38.5,0.00,34.0,809.0,459
2024-11-01T17:00,54.9,38.4,0.00,38.0,671.0,457
2024-11-01T18:00,52.4,36.6,0.00,44.0,583.0,456
2024-11-01T19:00,46.2,32.2,0.00,55.0,520.0,459
2024-11-01T20:00,36.7,25.4,0.00,68.0,506.0,463
2024-11-01T21:00,29.0,20.0,0.00,77.0,558.0,466
2024-11-01T22:00,25.0,17.2,0.00,75.0,750.0,466
2024-11-01T23:00,22.8,15.6,0.05,68.0,1008.0,465
2024-11-02T00:00,21.9,14.9,0.70,63.0,1129.0,463
2024-11-02T01:00,20.1,13.4,2.35,73.0,975.0,458
2024-11-02T02:00,19.7,12.9,4.85,87.0,685.0,452
2024-11-02T03:00,18.8,12.0,6.40,100.0,470.0,447
2024-11-02T04:00,17.9,11.4,7.05,111.0,414.0,446
2024-11-02T05:00,17.6,11.1,6.95,120.0,434.0,446
2024-11-02T06:00,17.3,10.9,4.85,123.0,491.0,446
2024-11-02T07:00,19.0,12.2,2.95,118.0,587.0,445
2024-11-02T08:00,20.1,12.8,1.60,108.0,720.0,444
2024-11-02T09:00,21.8,13.7,0.45,94.0,844.0,445
2024-11-02T10:00,26.5,17.0,0.05,76.0,929.0,449
2024-11-02T11:00,29.4,19.3,0.00,56.0,1006.0,454
2024-11-02T12:00,43.5,29.2,0.00,28.0,1123.0,461
2024-11-02T13:00,38.0,25.5,0.00,26.0,1362.0,470
2024-11-02T14:00,38.1,25.7,0.00,24.0,1641.0,480
2024-11-02T15:00,39.1,26.5,0.00,21.0,1765.0,486
2024-11-02T16:00,39.9,27.5,0.00,17.0,1603.0,487
2024-11-02T17:00,41.7,28.8,0.00,12.0,1286.0,484
2024-11-02T18:00,42.6,29.5,0.00,9.0,1008.0,481
2024-11-02T19:00,43.3,30.0,0.00,7.0,820.0,478
2024-11-02T20:00,44.4,30.7,0.00,7.0,671.0,475
2024-11-02T21:00,46.3,32.1,0.00,8.0,604.0,474
2024-11-02T22:00,49.1,34.0,0.00,10.0,686.0,477
2024-11-02T23:00,54.5,37.8,0.05,14.0,850.0,482
2024-11-03T00:00,45.9,31.8,0.75,26.0,941.0,482
2024-11-03T01:00,45.1,31.1,2.60,46.0,874.0,474
2024-11-03T02:00,40.7,27.7,5.25,74.0,735.0,462
2024-11-03T03:00,34.9,23.6,7.55,99.0,624.0,452
2024-11-03T04:00,30.4,20.5,8.55,118.0,570.0,448
2024-11-03T05:00,27.1,18.4,7.85,135.0,545.0,447
2024-11-03T06:00,28.5,19.5,6.60,147.0,561.0,447
2024-11-03T07:00,31.2,21.4,4.50,155.0,614.0,448
2024-11-03T08:00,34.1,23.5,1.70,158.0,708.0,450
2024-11-03T09:00,38.8,26.5,0.40,152.0,870.0,453
2024-11-03T10:00,41.0,27.8,0.05,129.0,1172.0,458
2024-11-03T11:00,49.7,34.0,0.00,97.0,1541.0,465
2024-11-03T12:00,49.2,33.9,0.00,74.0,1794.0,470
2024-11-03T13:00,50.3,34.6,0.00,64.0,1850.0,473
2024-11-03T14:00,54.1,37.4,0.00,51.0,1788.0,475
2024-11-03T15:00,59.8,41.6,0.00,39.0,1662.0,477
2024-11-03T16:00,63.1,43.9,0.00,30.0,1451.0,478
2024-11-03T17:00,65.0,45.2,0.00,22.0,1176.0,478
2024-11-03T18:00,66.1,46.2,0.00,16.0,955.0,478
2024-11-03T19:00,67.1,46.7,0.00,11.0,827.0,480
2024-11-03T20:00,69.4,48.3,0.00,8.0,753.0,483
2024-11-03T21:00,71.0,49.6,0.00,7.0,731.0,483
2024-11-03T22:00,73.6,51.3,0.00,8.0,793.0,480
2024-11-03T23:00,77.8,54.2,0.05,12.0,908.0,474
2024-11-04T00:00,59.5,41.4,0.65,33.0,974.0,469
2024-11-04T01:00,54.6,38.0,2.20,52.0,944.0,464
2024-11-04T02:00,42.8,29.4,4.00,78.0,866.0,459
2024-11-04T03:00,34.5,23.2,6.15,99.0,783.0,456
2024-11-04T04:00,30.3,20.2,8.15,113.0,692.0,455
2024-11-04T05:00,24.0,15.7,8.10,121.0,596.0,455
2024-11-04T06:00,20.1,13.0,4.40,121.0,549.0,455
2024-11-04T07:00,17.9,11.5,1.75,107.0,505.0,452
2024-11-04T08:00,18.6,12.1,0.80,84.0,510.0,449
2024-11-04T09:00,16.5,10.7,0.10,64.0,754.0,451
2024-11-04T10:00,15.3,10.2,0.00,50.0,1521.0,461
2024-11-04T11:00,17.3,11.6,0.00,37.0,2527.0,476
2024-11-04T12:00,41.0,27.8,0.00,10.0,3109.0,487
2024-11-04T13:00,44.4,30.3,0.00,10.0,2867.0,490
2024-11-04T14:00,46.3,31.8,0.00,10.0,2201.0,488
2024-11-04T15:00,47.0,32.2,0.00,10.0,1644.0,487
2024-11-04T16:00,44.6,30.4,0.00,9.0,1418.0,488
2024-11-04T17:00,43.3,29.2,0.00,7.0,1301.0,490
2024-11-04T18:00,40.2,27.3,0.00,6.0,1168.0,489
2024-11-04T19:00,40.9,27.9,0.00,5.0,928.0,483
2024-11-04T20:00,42.0,28.8,0.00,4.0,672.0,474
2024-11-04T21:00,41.2,28.2,0.00,6.0,540.0,468
2024-11-04T22:00,40.3,27.8,0.00,10.0,657.0,470
2024-11-04T23:00,42.5,29.4,0.05,15.0,899.0,476
2024-11-05T00:00,45.8,31.3,0.65,25.0,1038.0,477
2024-11-05T01:00,39.2,26.4,1.75,39.0,950.0,469
2024-11-05T02:00,41.3,27.5,3.60,59.0,758.0,457
2024-11-05T03:00,34.9,22.9,6.00,79.0,604.0,447
2024-11-05T04:00,33.3,21.9,7.90,101.0,534.0,443
2024-11-05T05:00,33.5,22.2,8.60,123.0,501.0,441
2024-11-05T06:00,34.6,23.0,6.90,135.0,515.0,441
2024-11-05T07:00,38.0,25.3,4.40,132.0,541.0,441
2024-11-05T08:00,38.1,25.3,1.45,118.0,613.0,442
2024-11-05T09:00,37.4,24.7,0.20,102.0,837.0,446
2024-11-05T10:00,37.3,24.6,0.00,83.0,1310.0,454
2024-11-05T11:00,41.4,27.1,0.00,60.0,1936.0,465
2024-11-05T12:00,52.3,35.3,0.00,26.0,2532.0,477
2024-11-05T13:00,55.9,38.1,0.00,23.0,3177.0,494
2024-11-05T14:00,60.1,41.1,0.00,18.0,3793.0,513
2024-11-05T15:00,57.5,39.1,0.00,14.0,3959.0,523
2024-11-05T16:00,56.8,38.9,0.00,12.0,3323.0,518
2024-11-05T17:00,55.6,38.2,0.00,10.0,2237.0,505
2024-11-05T18:00,55.2,37.7,0.00,9.0,1346.0,492
2024-11-05T19:00,53.8,37.0,0.00,7.0,888.0,479
2024-11-05T20:00,50.8,35.0,0.00,6.0,623.0,466
2024-11-05T21:00,45.9,31.8,0.00,7.0,481.0,458
2024-11-05T22:00,40.6,28.2,0.00,10.0,498.0,461
2024-11-05T23:00,39.1,27.2,0.05,15.0,636.0,470
2024-11-06T00:00,45.8,31.8,0.70,27.0,714.0,473
2024-11-06T01:00,44.2,30.5,2.20,52.0,640.0,465
2024-11-06T02:00,48.0,32.7,4.70,87.0,506.0,452
2024-11-06T03:00,45.5,30.6,6.90,119.0,401.0,442
2024-11-06T04:00,41.0,27.2,7.35,145.0,360.0,440
2024-11-06T05:00,44.4,29.5,8.30,167.0,348.0,441
2024-11-06T06:00,47.3,31.4,6.60,181.0,355.0,442
2024-11-06T07:00,53.0,35.4,4.25,184.0,347.0,441
2024-11-06T08:00,55.5,37.1,1.90,179.0,356.0,440
2024-11-06T09:00,53.7,36.0,0.40,166.0,471.0,441
2024-11-06T10:00,50.5,33.6,0.00,140.0,788.0,447
2024-11-06T11:00,42.0,28.2,0.00,105.0,1209.0,456
2024-11-06T12:00,52.2,35.3,0.00,74.0,1532.0,464
2024-11-06T13:00,60.3,40.9,0.00,66.0,1691.0,472
2024-11-06T14:00,69.2,47.3,0.00,54.0,1751.0,479
2024-11-06T15:00,76.4,52.4,0.00,44.0,1702.0,483
2024-11-06T16:00,78.0,53.9,0.00,37.0,1492.0,482
2024-11-06T17:00,82.0,56.7,0.00,31.0,1173.0,479
2024-11-06T18:00,85.9,59.5,0.00,26.0,897.0,476
2024-11-06T19:00,86.8,60.3,0.00,20.0,697.0,476
2024-11-06T20:00,87.3,60.5,0.00,15.0,539.0,478
2024-11-06T21:00,85.4,59.4,0.00,13.0,472.0,478
2024-11-06T22:00,81.5,56.5,0.00,16.0,567.0,477
2024-11-06T23:00,85.0,59.1,0.05,23.0,753.0,474
2024-11-07T00:00,68.7,47.8,0.75,41.0,863.0,470
2024-11-07T01:00,64.3,44.6,2.60,58.0,806.0,463
2024-11-07T02:00,46.6,31.3,4.75,81.0,674.0,456
2024-11-07T03:00,33.6,21.8,7.10,100.0,576.0,450
2024-11-07T04:00,26.1,16.5,8.15,110.0,549.0,449
2024-11-07T05:00,22.1,13.6,8.70,114.0,557.0,450
2024-11-07T06:00,19.7,11.8,7.30,114.0,591.0,450
2024-11-07T07:00,18.9,11.1,4.15,109.0,633.0,447
2024-11-07T08:00,19.4,11.3,1.55,99.0,703.0,444
2024-11-07T09:00,20.5,12.4,0.40,86.0,853.0,444
2024-11-07T10:00,24.4,15.8,0.05,66.0,1172.0,450
2024-11-07T11:00,30.6,20.5,0.00,42.0,1572.0,459
2024-11-07T12:00,39.2,26.4,0.00,27.0,1837.0,468
2024-11-07T13:00,44.1,30.0,0.00,21.0,1870.0,476
2024-11-07T14:00,51.2,35.2,0.00,12.0,1769.0,483
2024-11-07T15:00,58.6,40.4,0.00,6.0,1611.0,487
2024-11-07T16:00,61.2,42.1,0.00,4.0,1387.0,486
2024-11-07T17:00,57.4,39.5,0.00,5.0,1106.0,482
2024-11-07T18:00,54.2,37.4,0.00,6.0,877.0,480
2024-11-07T19:00,52.4,36.1,0.00,6.0,736.0,481
2024-11-07T20:00,49.4,33.9,0.00,5.0,648.0,484
2024-11-07T21:00,46.0,31.7,0.00,7.0,609.0,486
2024-11-07T22:00,41.6,28.6,0.00,11.0,655.0,486
2024-11-07T23:00,38.1,26.3,0.05,17.0,752.0,484
2024-11-08T00:00,40.7,28.2,0.75,28.0,792.0,481
2024-11-08T01:00,40.4,27.8,1.95,35.0,701.0,473
2024-11-08T02:00,38.5,26.1,3.05,45.0,553.0,464
2024-11-08T03:00,39.1,26.0,3.65,55.0,465.0,457
2024-11-08T04:00,39.6,25.9,4.80,65.0,497.0,456
2024-11-08T05:00,36.9,23.5,3.55,75.0,589.0,457
2024-11-08T06:00,34.5,21.7,1.95,80.0,679.0,459
2024-11-08T07:00,36.4,22.9,0.90,77.0,698.0,459
2024-11-08T08:00,43.8,28.3,0.55,69.0,715.0,458
2024-11-08T09:00,53.2,34.7,0.20,59.0,873.0,460
2024-11-08T10:00,56.9,37.4,0.05,49.0,1253.0,466
2024-11-08T11:00,60.3,39.6,0.00,37.0,1774.0,474
2024-11-08T12:00,58.3,39.0,0.00,26.0,2336.0,485
2024-11-08T13:00,66.8,45.3,0.00,19.0,3073.0,503
2024-11-08T14:00,70.3,48.1,0.00,10.0,3850.0,523
2024-11-08T15:00,75.0,51.3,0.00,3.0,4162.0,536
2024-11-08T16:00,74.3,51.1,0.00,2.0,3614.0,534
2024-11-08T17:00,68.5,47.0,0.00,5.0,2601.0,524
2024-11-08T18:00,61.5,42.5,0.00,7.0,1798.0,516
2024-11-08T19:00,46.0,31.7,0.00,7.0,1484.0,515
2024-11-08T20:00,37.3,25.8,0.00,7.0,1382.0,516
2024-11-08T21:00,31.9,22.1,0.00,10.0,1333.0,516
2024-11-08T22:00,29.5,20.5,0.00,15.0,1323.0,513
2024-11-08T23:00,31.5,21.9,0.05,23.0,1366.0,509
2024-11-09T00:00,51.6,36.1,0.75,27.0,1352.0,502
2024-11-09T01:00,45.8,31.8,2.55,52.0,1213.0,491
2024-11-09T02:00,41.3,28.3,5.05,87.0,1017.0,478
2024-11-09T03:00,37.0,24.3,6.95,115.0,851.0,467
2024-11-09T04:00,34.5,21.8,8.00,132.0,740.0,461
2024-11-09T05:00,31.7,19.3,8.00,143.0,659.0,457
2024-11-09T06:00,31.3,18.7,7.25,145.0,625.0,455
2024-11-09T07:00,30.2,17.5,4.70,136.0,598.0,452
2024-11-09T08:00,30.3,17.2,2.15,118.0,617.0,451
2024-11-09T09:00,30.2,17.6,0.40,98.0,815.0,453
2024-11-09T10:00,33.3,20.3,0.05,76.0,1381.0,463
2024-11-09T11:00,41.0,26.2,0.00,51.0,2126.0,476
2024-11-09T12:00,48.4,31.8,0.00,34.0,2610.0,487
2024-11-09T13:00,54.9,36.7,0.00,27.0,2597.0,491
2024-11-09T14:00,61.2,41.4,0.00,18.0,2323.0,493
2024-11-09T15:00,66.6,45.3,0.00,11.0,2064.0,495
2024-11-09T16:00,70.1,47.8,0.00,8.0,1911.0,498
2024-11-09T17:00,71.5,48.9,0.00,6.0,1772.0,502
2024-11-09T18:00,71.0,48.4,0.00,5.0,1644.0,506
2024-11-09T19:00,67.1,45.6,0.00,3.0,1496.0,512
2024-11-09T20:00,64.5,43.8,0.00,1.0,1358.0,518
2024-11-09T21:00,65.7,44.7,0.00,2.0,1322.0,522
2024-11-09T22:00,68.0,46.4,0.00,5.0,1518.0,525
2024-11-09T23:00,70.8,48.5,0.05,11.0,1814.0,526
2024-11-10T00:00,78.2,52.7,0.75,27.0,1908.0,519
2024-11-10T01:00,72.4,47.8,2.40,49.0,1588.0,499
2024-11-10T02:00,59.0,38.2,5.10,81.0,1064.0,472
2024-11-10T03:00,49.9,32.1,7.05,109.0,666.0,451
2024-11-10T04:00,44.6,28.8,7.45,131.0,527.0,444
2024-11-10T05:00,43.0,27.8,6.85,151.0,514.0,443
2024-11-10T06:00,45.9,29.9,5.65,162.0,555.0,444
2024-11-10T07:00,44.8,29.4,3.85,163.0,623.0,444
2024-11-10T08:00,43.7,28.7,1.85,156.0,745.0,446
2024-11-10T09:00,42.4,27.8,0.55,143.0,925.0,449
2024-11-10T10:00,44.1,28.6,0.05,120.0,1154.0,455
2024-11-10T11:00,51.3,32.9,0.00,91.0,1441.0,462
2024-11-10T12:00,72.2,47.3,0.00,59.0,1823.0,472
2024-11-10T13:00,62.6,39.3,0.00,60.0,2415.0,485
2024-11-10T14:00,56.2,33.9,0.00,60.0,3102.0,500
2024-11-10T15:00,56.7,34.0,0.00,60.0,3571.0,513
2024-11-10T16:00,54.0,32.1,0.00,58.0,3663.0,524
2024-11-10T17:00,49.2,29.2,0.00,55.0,3538.0,534
2024-11-10T18:00,47.3,28.2,0.00,52.0,3366.0,542
2024-11-10T19:00,46.6,28.3,0.00,49.0,3222.0,552
2024-11-10T20:00,46.8,29.0,0.00,46.0,3031.0,561
2024-11-10T21:00,48.3,30.3,0.00,43.0,2732.0,560
2024-11-10T22:00,50.6,32.1,0.00,36.0,2229.0,543
2024-11-10T23:00,60.5,39.7,0.05,28.0,1619.0,516
2024-11-11T00:00,48.3,32.0,0.75,32.0,1128.0,492
2024-11-11T01:00,44.5,28.9,2.35,47.0,857.0,476
2024-11-11T02:00,35.6,23.2,4.80,67.0,705.0,463
2024-11-11T03:00,31.1,20.5,6.70,88.0,597.0,453
2024-11-11T04:00,29.5,19.7,7.90,109.0,513.0,447
2024-11-11T05:00,29.5,19.9,7.85,130.0,472.0,443
2024-11-11T06:00,31.5,21.5,6.35,143.0,456.0,441
2024-11-11T07:00,32.6,22.4,4.10,144.0,412.0,438
2024-11-11T08:00,34.5,23.6,1.85,136.0,393.0,436
2024-11-11T09:00,38.2,26.1,0.45,125.0,541.0,439
2024-11-11T10:00,41.8,28.4,0.05,111.0,1053.0,451
2024-11-11T11:00,48.2,32.6,0.00,93.0,1731.0,468
2024-11-11T12:00,67.8,45.8,0.00,78.0,2122.0,480
2024-11-11T13:00,61.9,41.1,0.00,76.0,1958.0,482
2024-11-11T14:00,55.2,35.7,0.00,73.0,1507.0,480
2024-11-11T15:00,51.8,33.1,0.00,70.0,1115.0,478
2024-11-11T16:00,48.2,30.4,0.00,66.0,904.0,478
2024-11-11T17:00,43.9,27.7,0.00,62.0,751.0,477
2024-11-11T18:00,41.3,26.4,0.00,57.0,636.0,477
2024-11-11T19:00,42.0,26.7,0.00,52.0,547.0,477
2024-11-11T20:00,42.3,27.0,0.00,48.0,494.0,477
2024-11-11T21:00,42.1,27.1,0.00,43.0,492.0,476
2024-11-11T22:00,44.1,28.6,0.00,36.0,580.0,475
2024-11-11T23:00,56.8,37.6,0.05,28.0,719.0,473
2024-11-12T00:00,61.7,41.1,0.65,26.0,798.0,469
2024-11-12T01:00,46.2,28.8,2.00,43.0,758.0,461
2024-11-12T02:00,40.9,25.4,3.55,68.0,659.0,452
2024-11-12T03:00,40.0,25.6,4.55,91.0,569.0,444
2024-11-12T04:00,41.4,27.1,4.10,112.0,506.0,441
2024-11-12T05:00,41.9,27.7,4.60,132.0,451.0,440
2024-11-12T06:00,42.5,28.2,3.90,145.0,419.0,439
2024-11-12T07:00,48.9,32.6,2.70,151.0,378.0,438
2024-11-12T08:00,48.2,32.2,1.60,150.0,360.0,437
2024-11-12T09:00,45.2,30.2,0.50,141.0,473.0,438
2024-11-12T10:00,45.5,30.3,0.05,117.0,829.0,442
2024-11-12T11:00,48.8,32.5,0.00,84.0,1316.0,447
2024-11-12T12:00,56.1,55.2,0.00,64.0,1710.0,452
2024-11-12T13:00,56.7,55.8,0.00,58.0,1960.0,457
2024-11-12T14:00,53.3,52.4,0.00,50.0,2117.0,462
2024-11-12T15:00,51.7,50.8,0.00,43.0,2108.0,466
2024-11-12T16:00,48.5,47.7,0.00,40.0,1823.0,469
2024-11-12T17:00,45.5,44.7,0.00,40.0,1371.0,471
2024-11-12T18:00,42.8,42.0,0.00,39.0,1009.0,472
2024-11-12T19:00,41.3,40.6,0.00,38.0,823.0,471
2024-11-12T20:00,39.1,38.4,0.00,37.0,727.0,468
2024-11-12T21:00,36.7,36.0,0.00,36.0,718.0,467
2024-11-12T22:00,36.7,36.0,0.00,32.0,854.0,469
2024-11-12T23:00,40.2,39.5,0.05,27.0,1078.0,473
2024-11-13T00:00,37.3,36.6,0.55,39.0,1214.0,474
2024-11-13T01:00,35.5,34.8,1.90,58.0,1170.0,468
2024-11-13T02:00,35.5,34.8,3.85,85.0,1039.0,460
2024-11-13T03:00,33.1,32.6,5.70,107.0,926.0,453
2024-11-13T04:00,28.1,27.5,4.65,121.0,867.0,451
2024-11-13T05:00,27.3,26.8,3.10,130.0,825.0,451
2024-11-13T06:00,29.6,29.1,3.65,134.0,797.0,451
2024-11-13T07:00,28.1,27.6,2.75,133.0,746.0,449
2024-11-13T08:00,27.4,26.8,1.50,128.0,707.0,446
2024-11-13T09:00,25.0,24.4,0.60,116.0,785.0,445
2024-11-13T10:00,24.2,23.4,0.05,95.0,1105.0,448
2024-11-13T11:00,26.6,25.8,0.00,67.0,1541.0,454
2024-11-13T12:00,28.3,27.6,0.00,46.0,1819.0,459
2024-11-13T13:00,27.3,26.6,0.00,43.0,1814.0,463
2024-11-13T14:00,27.0,26.1,0.00,38.0,1651.0,466
2024-11-13T15:00,26.4,25.6,0.00,36.0,1433.0,468
2024-11-13T16:00,24.3,23.5,0.00,38.0,1146.0,466
2024-11-13T17:00,22.0,21.2,0.00,43.0,804.0,463
2024-11-13T18:00,20.7,20.0,0.00,45.0,557.0,461
2024-11-13T19:00,20.7,19.9,0.00,43.0,452.0,462
2024-11-13T20:00,20.9,20.1,0.00,39.0,441.0,465
2024-11-13T21:00,21.2,20.4,0.00,37.0,530.0,467
2024-11-13T22:00,22.2,21.5,0.00,37.0,819.0,470
2024-11-13T23:00,26.7,26.0,0.05,38.0,1207.0,473
2024-11-14T00:00,20.7,19.7,0.75,47.0,1399.0,473
2024-11-14T01:00,17.5,16.6,2.55,58.0,1200.0,466
2024-11-14T02:00,15.1,14.4,5.00,73.0,804.0,455
2024-11-14T03:00,12.0,11.4,7.10,87.0,496.0,447
2024-11-14T04:00,10.2,9.7,7.95,98.0,394.0,444
2024-11-14T05:00,9.5,9.0,8.10,106.0,381.0,443
2024-11-14T06:00,9.1,8.6,6.60,111.0,390.0,443
2024-11-14T07:00,9.2,8.7,4.55,111.0,391.0,443
2024-11-14T08:00,9.7,9.2,2.35,107.0,414.0,443
2024-11-14T09:00,10.6,9.8,0.70,98.0,487.0,444
2024-11-14T10:00,13.1,12.1,0.05,81.0,670.0,447
2024-11-14T11:00,17.8,16.4,0.00,59.0,903.0,450
2024-11-14T12:00,23.2,21.5,0.00,43.0,1035.0,453
2024-11-14T13:00,21.2,19.6,0.00,42.0,973.0,454
2024-11-14T14:00,20.4,18.5,0.00,40.0,810.0,455
2024-11-14T15:00,19.2,17.3,0.00,38.0,669.0,456
2024-11-14T16:00,17.2,15.5,0.00,36.0,589.0,457
2024-11-14T17:00,15.5,13.9,0.00,34.0,530.0,458
2024-11-14T18:00,14.6,13.0,0.00,32.0,499.0,459
2024-11-14T19:00,14.4,12.8,0.00,28.0,492.0,461
2024-11-14T20:00,14.8,13.1,0.00,24.0,512.0,464
2024-11-14T21:00,15.9,14.2,0.00,21.0,576.0,465
2024-11-14T22:00,18.2,16.4,0.00,16.0,739.0,465
2024-11-14T23:00,24.4,22.4,0.05,12.0,946.0,463
2024-11-15T00:00,24.6,22.4,0.60,16.0,1044.0,461
2024-11-15T01:00,21.0,18.2,1.90,36.0,925.0,457
2024-11-15T02:00,19.7,18.5,3.90,64.0,697.0,451
2024-11-15T03:00,24.0,22.8,5.35,89.0,530.0,447
2024-11-15T04:00,26.9,25.7,5.90,109.0,501.0,446
2024-11-15T05:00,28.2,27.1,6.25,127.0,533.0,446
2024-11-15T06:00,29.2,28.1,5.20,138.0,571.0,446
2024-11-15T07:00,29.2,28.0,3.65,142.0,560.0,444
2024-11-15T08:00,28.3,27.2,1.75,140.0,555.0,442
2024-11-15T09:00,26.5,25.4,0.55,128.0,658.0,442
2024-11-15T10:00,25.6,24.6,0.05,100.0,1016.0,447
2024-11-15T11:00,31.8,29.7,0.00,63.0,1483.0,454
2024-11-15T12:00,40.9,39.7,0.00,44.0,1727.0,459
2024-11-15T13:00,38.2,36.2,0.00,41.0,1535.0,460
2024-11-15T14:00,33.8,31.7,0.00,37.0,1121.0,460
2024-11-15T15:00,29.6,27.5,0.00,34.0,795.0,460
2024-11-15T16:00,26.7,24.4,0.00,33.0,685.0,461
2024-11-15T17:00,24.0,21.8,0.00,32.0,663.0,463
2024-11-15T18:00,22.4,19.9,0.00,31.0,657.0,465
2024-11-15T19:00,22.1,19.3,0.00,28.0,623.0,468
2024-11-15T20:00,22.6,19.7,0.00,25.0,606.0,471
2024-11-15T21:00,24.0,21.0,0.00,22.0,662.0,473
2024-11-15T22:00,26.9,23.7,0.00,19.0,882.0,474
2024-11-15T23:00,32.4,29.0,0.05,17.0,1176.0,473
2024-11-16T00:00,28.5,25.6,0.70,24.0,1332.0,471
2024-11-16T01:00,25.4,21.8,2.30,36.0,1223.0,465
2024-11-16T02:00,23.5,19.7,4.90,54.0,976.0,458
2024-11-16T03:00,20.7,18.2,6.45,72.0,764.0,452
2024-11-16T04:00,20.9,19.6,7.25,93.0,644.0,449
2024-11-16T05:00,21.5,20.4,7.15,115.0,558.0,447
2024-11-16T06:00,21.7,20.7,5.80,129.0,506.0,446
2024-11-16T07:00,21.5,20.5,3.95,131.0,481.0,445
2024-11-16T08:00,22.1,21.0,1.75,126.0,489.0,445
2024-11-16T09:00,21.7,20.5,0.50,114.0,550.0,446
2024-11-16T10:00,24.5,23.5,0.05,92.0,720.0,449
2024-11-16T11:00,27.5,26.5,0.00,64.0,942.0,452
2024-11-16T12:00,23.9,22.7,0.00,47.0,1073.0,455
2024-11-16T13:00,19.8,18.2,0.00,46.0,1027.0,456
2024-11-16T14:00,17.1,15.4,0.00,45.0,889.0,457
2024-11-16T15:00,16.0,14.1,0.00,44.0,765.0,458
2024-11-16T16:00,14.8,13.0,0.00,44.0,689.0,459
2024-11-16T17:00,14.3,12.5,0.00,43.0,627.0,461
2024-11-16T18:00,14.4,12.5,0.00,42.0,582.0,462
2024-11-16T19:00,14.8,12.8,0.00,39.0,538.0,463
2024-11-16T20:00,15.7,13.7,0.00,36.0,512.0,465
2024-11-16T21:00,17.3,15.2,0.00,33.0,553.0,466
2024-11-16T22:00,19.6,17.5,0.00,28.0,745.0,468
2024-11-16T23:00,23.8,22.2,0.05,22.0,1005.0,470
2024-11-17T00:00,21.8,20.8,0.70,27.0,1137.0,469
2024-11-17T01:00,18.2,17.3,2.25,44.0,1014.0,464
2024-11-17T02:00,17.6,16.8,4.60,68.0,763.0,456
2024-11-17T03:00,16.5,15.9,6.00,90.0,570.0,450
2024-11-17T04:00,17.2,16.5,7.25,108.0,509.0,448
2024-11-17T05:00,16.6,16.1,7.45,123.0,506.0,447
2024-11-17T06:00,15.8,15.3,6.05,132.0,526.0,447
2024-11-17T07:00,15.5,15.0,4.05,133.0,565.0,446
2024-11-17T08:00,14.4,13.9,1.90,127.0,626.0,446
2024-11-17T09:00,15.4,14.8,0.55,115.0,682.0,446
2024-11-17T10:00,21.5,21.0,0.05,93.0,726.0,447
2024-11-17T11:00,31.0,29.4,0.00,65.0,766.0,449
2024-11-17T12:00,36.7,35.0,0.00,39.0,795.0,452
2024-11-17T13:00,31.1,29.5,0.00,42.0,798.0,455
2024-11-17T14:00,27.4,26.2,0.00,45.0,791.0,459
2024-11-17T15:00,26.0,25.2,0.00,47.0,814.0,463
2024-11-17T16:00,25.9,25.0,0.00,46.0,899.0,467
2024-11-17T17:00,26.5,25.7,0.00,43.0,1015.0,471
2024-11-17T18:00,28.3,27.4,0.00,38.0,1107.0,478
2024-11-17T19:00,30.9,29.9,0.00,31.0,1128.0,490
2024-11-17T20:00,34.1,33.3,0.00,22.0,1126.0,504
2024-11-17T21:00,39.6,38.8,0.00,17.0,1192.0,515
2024-11-17T22:00,43.5,42.8,0.00,15.0,1443.0,522
2024-11-17T23:00,48.5,48.0,0.05,15.0,1763.0,526
2024-11-18T00:00,54.8,53.9,0.60,26.0,1894.0,522
2024-11-18T01:00,42.8,41.9,2.15,50.0,1662.0,504
2024-11-18T02:00,37.6,36.6,4.55,84.0,1242.0,478
2024-11-18T03:00,32.9,32.0,6.95,112.0,900.0,458
2024-11-18T04:00,29.5,28.3,8.15,130.0,737.0,451
2024-11-18T05:00,25.5,24.4,8.15,142.0,652.0,451
2024-11-18T06:00,22.9,21.8,6.65,148.0,608.0,452
2024-11-18T07:00,21.2,20.1,4.30,148.0,580.0,451
2024-11-18T08:00,19.8,18.7,1.90,142.0,592.0,451
2024-11-18T09:00,19.4,18.3,0.55,128.0,686.0,452
2024-11-18T10:00,25.1,24.0,0.05,100.0,959.0,456
2024-11-18T11:00,34.7,32.4,0.00,63.0,1313.0,462
2024-11-18T12:00,39.7,37.7,0.00,37.0,1492.0,466
2024-11-18T13:00,36.7,34.7,0.00,34.0,1330.0,465
2024-11-18T14:00,33.1,31.2,0.00,30.0,992.0,462
2024-11-18T15:00,31.3,29.5,0.00,27.0,721.0,460
2024-11-18T16:00,29.2,27.4,0.00,25.0,597.0,460
2024-11-18T17:00,27.7,25.7,0.00,23.0,540.0,460
2024-11-18T18:00,27.5,25.4,0.00,20.0,551.0,465
2024-11-18T19:00,27.8,25.6,0.00,15.0,672.0,478
2024-11-18T20:00,29.2,27.0,0.00,9.0,861.0,494
2024-11-18T21:00,32.0,29.7,0.00,6.0,998.0,505
2024-11-18T22:00,36.1,33.9,0.00,6.0,1038.0,507
2024-11-18T23:00,42.4,40.3,0.05,10.0,1025.0,503
2024-11-19T00:00,47.5,45.2,0.60,18.0,969.0,496
2024-11-19T01:00,43.4,39.9,2.00,36.0,847.0,484
2024-11-19T02:00,40.3,36.3,3.60,62.0,682.0,469
2024-11-19T03:00,34.6,32.4,5.55,85.0,557.0,457
2024-11-19T04:00,31.3,29.9,6.65,103.0,508.0,453
2024-11-19T05:00,27.9,26.5,6.85,119.0,498.0,453
2024-11-19T06:00,24.6,23.2,5.80,127.0,502.0,453
2024-11-19T07:00,21.0,19.7,3.75,126.0,496.0,451
2024-11-19T08:00,18.3,17.1,1.80,117.0,504.0,450
2024-11-19T09:00,18.7,16.7,0.55,102.0,567.0,449
2024-11-19T10:00,25.3,22.8,0.05,76.0,706.0,449
2024-11-19T11:00,34.9,32.5,0.00,43.0,902.0,451
2024-11-19T12:00,60.3,56.6,0.00,11.0,1136.0,454
2024-11-19T13:00,57.2,53.8,0.00,9.0,1466.0,460
2024-11-19T14:00,57.7,54.5,0.00,6.0,1836.0,468
2024-11-19T15:00,56.9,53.8,0.00,3.0,2056.0,477
2024-11-19T16:00,52.6,49.7,0.00,2.0,2038.0,488
2024-11-19T17:00,49.7,46.8,0.00,1.0,1871.0,501
2024-11-19T18:00,48.9,46.1,0.00,1.0,1637.0,507
2024-11-19T19:00,49.0,46.3,0.00,1.0,1289.0,503
2024-11-19T20:00,50.1,47.6,0.00,1.0,875.0,492
2024-11-19T21:00,48.3,46.0,0.00,3.0,619.0,484
2024-11-19T22:00,46.7,44.7,0.00,6.0,671.0,481
2024-11-19T23:00,46.1,44.4,0.05,11.0,882.0,480
2024-11-20T00:00,68.0,66.4,0.55,27.0,1027.0,478
2024-11-20T01:00,49.8,48.3,1.95,45.0,1009.0,473
2024-11-20T02:00,38.3,34.9,4.00,71.0,926.0,468
2024-11-20T03:00,33.6,30.7,6.15,92.0,847.0,463
2024-11-20T04:00,29.3,27.0,7.15,105.0,785.0,461
2024-11-20T05:00,26.2,23.8,6.95,115.0,728.0,459
2024-11-20T06:00,24.4,22.0,5.50,119.0,703.0,458
2024-11-20T07:00,21.8,20.2,3.35,119.0,735.0,456
2024-11-20T08:00,20.7,19.5,1.50,114.0,800.0,454
2024-11-20T09:00,19.9,18.9,0.35,102.0,855.0,453
2024-11-20T10:00,23.8,23.0,0.05,80.0,868.0,452
2024-11-20T11:00,27.0,25.4,0.00,51.0,871.0,451
2024-11-20T12:00,24.8,22.8,0.00,36.0,923.0,451
2024-11-20T13:00,28.7,26.4,0.00,28.0,1098.0,454
2024-11-20T14:00,35.5,33.3,0.00,18.0,1321.0,458
2024-11-20T15:00,41.8,39.5,0.00,10.0,1433.0,462
2024-11-20T16:00,46.2,43.9,0.00,7.0,1334.0,465
2024-11-20T17:00,47.0,44.4,0.00,7.0,1124.0,468
2024-11-20T18:00,48.3,46.0,0.00,7.0,937.0,470
2024-11-20T19:00,49.1,47.8,0.00,6.0,802.0,472
2024-11-20T20:00,49.1,48.3,0.00,5.0,690.0,473
2024-11-20T21:00,48.0,47.3,0.00,6.0,650.0,474
2024-11-20T22:00,46.9,46.3,0.00,7.0,733.0,474
2024-11-20T23:00,47.3,46.7,0.05,9.0,888.0,474
2024-11-21T00:00,44.4,43.4,0.65,19.0,1016.0,473
2024-11-21T01:00,37.6,36.8,2.35,37.0,1089.0,472
2024-11-21T02:00,28.9,28.0,4.75,63.0,1135.0,470
2024-11-21T03:00,23.3,22.2,7.50,87.0,1137.0,468
2024-11-21T04:00,20.9,20.1,8.85,110.0,1068.0,465
2024-11-21T05:00,20.8,20.1,8.40,130.0,956.0,461
2024-11-21T06:00,20.8,20.1,5.90,139.0,862.0,458
2024-11-21T07:00,20.1,19.3,2.45,127.0,773.0,455
2024-11-21T08:00,19.7,18.9,0.95,103.0,704.0,453
2024-11-21T09:00,17.9,17.3,0.35,80.0,758.0,452
2024-11-21T10:00,17.1,16.5,0.00,62.0,1067.0,453
2024-11-21T11:00,19.8,19.4,0.00,45.0,1500.0,456
2024-11-21T12:00,22.4,21.5,0.00,34.0,1771.0,459
2024-11-21T13:00,28.7,27.9,0.00,26.0,1726.0,461
2024-11-21T14:00,37.3,35.7,0.00,14.0,1519.0,463
2024-11-21T15:00,45.2,43.3,0.00,5.0,1325.0,465
2024-11-21T16:00,51.8,49.6,0.00,2.0,1209.0,469
2024-11-21T17:00,55.5,53.3,0.00,2.0,1106.0,473
2024-11-21T18:00,57.2,54.8,0.00,2.0,999.0,477
2024-11-21T19:00,55.5,53.4,0.00,3.0,851.0,479
2024-11-21T20:00,51.3,50.8,0.00,4.0,698.0,480
2024-11-21T21:00,51.6,51.1,0.00,6.0,630.0,480
2024-11-21T22:00,53.7,53.1,0.00,7.0,724.0,480
2024-11-21T23:00,56.2,55.8,0.05,9.0,903.0,480
2024-11-22T00:00,57.2,55.8,0.65,17.0,1021.0,478
2024-11-22T01:00,48.2,47.3,2.25,32.0,1010.0,473
2024-11-22T02:00,36.1,34.5,4.60,53.0,939.0,467
2024-11-22T03:00,27.7,24.5,6.95,72.0,862.0,462
2024-11-22T04:00,22.3,19.3,8.15,87.0,793.0,460
2024-11-22T05:00,17.1,15.0,7.50,100.0,718.0,459
2024-11-22T06:00,14.3,12.7,6.10,106.0,659.0,457
2024-11-22T07:00,11.2,10.1,4.20,105.0,584.0,453
2024-11-22T08:00,10.9,9.5,2.10,97.0,525.0,450
2024-11-22T09:00,12.3,10.2,0.65,84.0,592.0,448
2024-11-22T10:00,15.4,13.6,0.05,62.0,925.0,451
2024-11-22T11:00,24.2,22.4,0.00,34.0,1385.0,457
2024-11-22T12:00,42.3,39.7,0.00,12.0,1662.0,461
2024-11-22T13:00,51.7,49.1,0.00,9.0,1574.0,461
2024-11-22T14:00,57.5,55.1,0.00,5.0,1304.0,459
2024-11-22T15:00,54.0,51.7,0.00,2.0,1091.0,459
2024-11-22T16:00,45.1,42.8,0.00,3.0,1044.0,462
2024-11-22T17:00,39.2,37.1,0.00,6.0,1055.0,467
2024-11-22T18:00,36.3,34.2,0.00,7.0,1030.0,471
2024-11-22T19:00,33.8,31.7,0.00,5.0,882.0,472
2024-11-22T20:00,32.8,30.9,0.00,2.0,699.0,472
2024-11-22T21:00,35.0,33.1,0.00,2.0,656.0,472
2024-11-22T22:00,39.9,38.0,0.00,6.0,912.0,474
2024-11-22T23:00,45.3,43.4,0.05,12.0,1309.0,476
2024-11-23T00:00,57.9,54.1,0.55,24.0,1547.0,476
2024-11-23T01:00,51.1,46.9,1.90,44.0,1472.0,473
2024-11-23T02:00,43.0,38.3,3.90,73.0,1237.0,467
2024-11-23T03:00,36.3,31.9,5.85,96.0,1005.0,462
2024-11-23T04:00,30.2,26.3,6.90,111.0,805.0,456
2024-11-23T05:00,26.0,22.4,7.00,121.0,607.0,450
2024-11-23T06:00,22.8,19.5,5.65,124.0,481.0,446
2024-11-23T07:00,20.5,17.2,3.60,120.0,417.0,444
2024-11-23T08:00,19.1,15.8,1.70,110.0,426.0,444
2024-11-23T09:00,17.5,14.8,0.40,94.0,607.0,446
2024-11-23T10:00,24.9,22.5,0.05,67.0,1088.0,450
2024-11-23T11:00,40.4,37.4,0.00,33.0,1741.0,456
2024-11-23T12:00,43.5,40.4,0.00,15.0,2284.0,463
2024-11-23T13:00,52.9,49.8,0.00,12.0,2702.0,474
2024-11-23T14:00,65.4,62.4,0.00,8.0,3011.0,485
2024-11-23T15:00,79.2,75.7,0.00,5.0,2971.0,491
2024-11-23T16:00,89.9,86.1,0.00,3.0,2303.0,485
2024-11-23T17:00,89.4,85.7,0.00,3.0,1288.0,472
2024-11-23T18:00,92.4,88.5,0.00,2.0,528.0,463
2024-11-23T19:00,92.2,89.9,0.00,1.0,282.0,462
2024-11-23T20:00,88.5,87.5,0.00,1.0,292.0,465
2024-11-23T21:00,82.2,81.3,0.00,2.0,387.0,469
2024-11-23T22:00,78.2,77.5,0.00,5.0,572.0,473
2024-11-23T23:00,75.0,74.0,0.05,10.0,841.0,478
2024-11-24T00:00,76.4,75.4,0.50,16.0,1007.0,479
2024-11-24T01:00,63.1,61.7,1.95,33.0,969.0,473
2024-11-24T02:00,43.9,41.8,4.10,56.0,827.0,462
2024-11-24T03:00,31.4,28.2,5.70,76.0,691.0,454
2024-11-24T04:00,20.5,18.2,6.85,91.0,583.0,450
2024-11-24T05:00,14.8,13.0,7.05,102.0,482.0,448
2024-11-24T06:00,12.8,10.9,6.85,107.0,433.0,447
2024-11-24T07:00,11.5,9.7,4.30,104.0,420.0,445
2024-11-24T08:00,10.5,9.1,1.65,94.0,460.0,443
2024-11-24T09:00,12.8,11.3,0.55,80.0,652.0,444
2024-11-24T10:00,13.8,12.4,0.05,60.0,1076.0,448
2024-11-24T11:00,17.4,16.2,0.00,36.0,1651.0,455
2024-11-24T12:00,25.3,23.7,0.00,19.0,2238.0,463
2024-11-24T13:00,29.3,27.8,0.00,16.0,2946.0,475
2024-11-24T14:00,34.1,32.4,0.00,11.0,3665.0,489
2024-11-24T15:00,37.7,35.9,0.00,7.0,3929.0,499
2024-11-24T16:00,39.0,37.1,0.00,6.0,3374.0,502
2024-11-24T17:00,37.4,35.5,0.00,5.0,2364.0,501
2024-11-24T18:00,33.1,31.3,0.00,5.0,1525.0,498
2024-11-24T19:00,31.7,29.9,0.00,4.0,1080.0,492
2024-11-24T20:00,32.6,30.7,0.00,4.0,806.0,484
2024-11-24T21:00,34.5,32.5,0.00,5.0,660.0,477
2024-11-24T22:00,36.8,34.7,0.00,5.0,694.0,475
2024-11-24T23:00,40.6,38.3,0.05,7.0,856.0,474
2024-11-25T00:00,37.0,34.9,0.50,15.0,944.0,471
2024-11-25T01:00,34.6,33.4,1.90,31.0,862.0,464
2024-11-25T02:00,30.9,28.8,4.00,54.0,707.0,455
2024-11-25T03:00,26.8,23.8,6.30,75.0,569.0,448
2024-11-25T04:00,23.9,20.7,7.60,93.0,473.0,444
2024-11-25T05:00,21.9,18.4,7.75,109.0,394.0,443
2024-11-25T06:00,20.2,16.6,6.50,118.0,349.0,442
2024-11-25T07:00,18.5,15.0,4.15,116.0,321.0,441
2024-11-25T08:00,17.2,13.9,2.00,106.0,327.0,441
2024-11-25T09:00,16.3,13.4,0.65,91.0,434.0,443
2024-11-25T10:00,20.9,18.3,0.05,69.0,745.0,447
2024-11-25T11:00,28.6,25.8,0.00,42.0,1156.0,453
2024-11-25T12:00,49.5,46.0,0.00,11.0,1423.0,457
2024-11-25T13:00,57.4,54.0,0.00,8.0,1406.0,458
2024-11-25T14:00,65.2,61.9,0.00,4.0,1243.0,457
2024-11-25T15:00,72.6,69.4,0.00,1.0,1108.0,458
2024-11-25T16:00,72.9,69.8,0.00,0.0,1044.0,461
2024-11-25T17:00,66.1,63.3,0.00,0.0,1007.0,465
2024-11-25T18:00,59.4,56.7,0.00,0.0,1035.0,472
2024-11-25T19:00,53.8,51.3,0.00,0.0,1154.0,485
2024-11-25T20:00,49.5,47.3,0.00,0.0,1337.0,502
2024-11-25T21:00,46.0,44.1,0.00,0.0,1544.0,516
2024-11-25T22:00,44.5,42.8,0.00,4.0,1826.0,529
2024-11-25T23:00,45.3,43.8,0.05,10.0,2133.0,540
2024-11-26T00:00,39.9,39.2,0.50,23.0,2267.0,542
2024-11-26T01:00,35.2,34.5,1.85,47.0,2111.0,529
2024-11-26T02:00,28.9,28.3,3.95,79.0,1783.0,506
2024-11-26T03:00,21.8,21.1,6.10,104.0,1442.0,486
2024-11-26T04:00,18.5,17.1,7.45,115.0,1105.0,473
2024-11-26T05:00,17.0,15.4,7.60,118.0,754.0,462
2024-11-26T06:00,16.1,14.1,5.35,117.0,501.0,454
2024-11-26T07:00,14.5,12.4,3.45,112.0,352.0,448
2024-11-26T08:00,13.5,11.6,1.85,101.0,300.0,446
2024-11-26T09:00,13.2,11.4,0.60,86.0,435.0,446
2024-11-26T10:00,22.4,20.7,0.05,62.0,946.0,452
2024-11-26T11:00,42.7,39.5,0.00,33.0,1644.0,461
2024-11-26T12:00,46.2,43.5,0.00,9.0,2055.0,467
2024-11-26T13:00,43.1,40.9,0.00,7.0,1876.0,466
2024-11-26T14:00,39.5,37.6,0.00,4.0,1410.0,463
2024-11-26T15:00,36.7,35.0,0.00,2.0,1087.0,463
2024-11-26T16:00,34.8,33.4,0.00,1.0,1145.0,472
2024-11-26T17:00,34.0,32.6,0.00,1.0,1346.0,485
2024-11-26T18:00,32.0,30.7,0.00,2.0,1409.0,492
2024-11-26T19:00,30.2,29.0,0.00,4.0,1134.0,488
2024-11-26T20:00,30.2,29.0,0.00,6.0,721.0,479
2024-11-26T21:00,30.2,29.0,0.00,10.0,482.0,471
2024-11-26T22:00,28.6,27.6,0.00,14.0,618.0,469
2024-11-26T23:00,27.6,26.8,0.05,18.0,928.0,469
2024-11-27T00:00,32.2,30.6,0.60,25.0,1127.0,468
2024-11-27T01:00,29.7,27.4,2.15,38.0,1081.0,465
2024-11-27T02:00,28.0,25.0,4.60,57.0,924.0,461
2024-11-27T03:00,26.0,22.1,7.10,74.0,772.0,458
2024-11-27T04:00,23.6,19.9,7.20,87.0,653.0,455
2024-11-27T05:00,17.8,15.0,5.90,99.0,539.0,452
2024-11-27T06:00,14.0,12.0,5.60,105.0,462.0,450
2024-11-27T07:00,11.5,9.9,4.10,105.0,431.0,447
2024-11-27T08:00,11.1,9.4,2.15,100.0,437.0,445
2024-11-27T09:00,11.4,9.7,0.65,91.0,488.0,444
2024-11-27T10:00,17.3,15.7,0.05,75.0,592.0,446
2024-11-27T11:00,20.2,19.0,0.00,55.0,741.0,449
2024-11-27T12:00,46.7,43.8,0.00,19.0,913.0,454
2024-11-27T13:00,59.3,56.2,0.00,16.0,1159.0,462
2024-11-27T14:00,67.8,64.5,0.00,12.0,1428.0,471
2024-11-27T15:00,68.9,65.7,0.00,10.0,1544.0,477
2024-11-27T16:00,63.8,61.2,0.00,11.0,1383.0,477
2024-11-27T17:00,55.5,53.3,0.00,15.0,1068.0,473
2024-11-27T18:00,42.7,40.9,0.00,17.0,793.0,470
2024-11-27T19:00,35.4,34.1,0.00,17.0,599.0,467
2024-11-27T20:00,28.8,27.9,0.00,16.0,446.0,465
2024-11-27T21:00,23.9,23.3,0.00,17.0,404.0,463
2024-11-27T22:00,20.7,20.3,0.00,21.0,577.0,464
2024-11-27T23:00,19.8,19.5,0.05,28.0,861.0,465
2024-11-28T00:00,15.0,14.2,0.55,38.0,1018.0,465
2024-11-28T01:00,15.0,14.1,2.05,50.0,908.0,462
2024-11-28T02:00,13.8,12.7,4.40,67.0,671.0,457
2024-11-28T03:00,12.0,10.9,6.25,83.0,485.0,453
2024-11-28T04:00,11.8,10.5,6.95,99.0,417.0,451
2024-11-28T05:00,12.5,11.0,7.65,114.0,401.0,449
2024-11-28T06:00,11.8,10.6,6.75,122.0,419.0,448
2024-11-28T07:00,10.9,10.0,4.25,120.0,434.0,447
2024-11-28T08:00,11.6,10.5,1.50,111.0,483.0,446
2024-11-28T09:00,12.8,12.2,0.45,98.0,663.0,448
2024-11-28T10:00,18.6,18.1,0.05,79.0,1160.0,455
2024-11-28T11:00,25.1,24.4,0.00,57.0,1788.0,463
2024-11-28T12:00,30.3,28.2,0.00,36.0,2082.0,468
2024-11-28T13:00,29.6,28.0,0.00,39.0,1722.0,465
2024-11-28T14:00,25.2,24.0,0.00,43.0,1028.0,457
2024-11-28T15:00,20.4,19.7,0.00,48.0,493.0,452
2024-11-28T16:00,16.1,15.8,0.00,57.0,329.0,451
2024-11-28T17:00,13.3,13.0,0.00,67.0,323.0,451
2024-11-28T18:00,11.6,11.3,0.00,74.0,334.0,452
2024-11-28T19:00,10.9,10.6,0.00,76.0,306.0,452
2024-11-28T20:00,10.9,10.6,0.00,75.0,295.0,452
2024-11-28T21:00,11.4,11.0,0.00,72.0,320.0,452
2024-11-28T22:00,12.2,11.8,0.00,66.0,420.0,453
2024-11-28T23:00,13.7,13.4,0.00,59.0,557.0,454
2024-11-29T00:00,15.5,15.2,0.15,56.0,638.0,454
2024-11-29T01:00,16.9,16.5,0.65,64.0,607.0,453
2024-11-29T02:00,17.0,16.5,2.55,75.0,519.0,451
2024-11-29T03:00,16.5,15.8,6.85,86.0,452.0,449
2024-11-29T04:00,15.3,14.3,6.95,96.0,416.0,448
2024-11-29T05:00,14.7,13.9,5.60,106.0,400.0,447
2024-11-29T06:00,14.5,13.9,3.95,109.0,447.0,447
2024-11-29T07:00,14.0,13.4,2.50,103.0,599.0,450
2024-11-29T08:00,14.1,13.5,1.35,92.0,816.0,455
2024-11-29T09:00,18.2,17.7,0.40,77.0,1014.0,459
2024-11-29T10:00,31.8,31.1,0.05,57.0,1180.0,461
2024-11-29T11:00,45.8,44.0,0.00,34.0,1329.0,463
2024-11-29T12:00,58.6,55.3,0.00,18.0,1423.0,465
2024-11-29T13:00,57.9,55.2,0.00,18.0,1461.0,469
2024-11-29T14:00,54.4,52.3,0.00,18.0,1444.0,474
2024-11-29T15:00,50.5,49.0,0.00,18.0,1338.0,476
2024-11-29T16:00,44.6,43.3,0.00,19.0,1070.0,471
2024-11-29T17:00,36.6,35.6,0.00,20.0,713.0,462
2024-11-29T18:00,29.2,28.5,0.00,22.0,451.0,456
2024-11-29T19:00,23.1,22.5,0.00,27.0,358.0,456
2024-11-29T20:00,19.1,18.5,0.00,33.0,360.0,458
2024-11-29T21:00,17.8,17.1,0.00,36.0,414.0,460
2024-11-29T22:00,18.3,17.5,0.00,33.0,551.0,461
2024-11-29T23:00,21.4,20.5,0.05,29.0,742.0,462
2024-11-30T00:00,25.0,23.5,0.60,38.0,854.0,462
2024-11-30T01:00,25.0,22.9,2.10,48.0,814.0,459
2024-11-30T02:00,26.0,23.2,4.25,62.0,695.0,455
2024-11-30T03:00,25.3,22.4,5.70,77.0,594.0,452
2024-11-30T04:00,23.9,21.1,7.40,92.0,540.0,449
2024-11-30T05:00,22.4,19.9,6.45,108.0,503.0,447
2024-11-30T06:00,22.1,19.8,6.00,117.0,485.0,446
2024-11-30T07:00,22.0,20.1,2.50,118.0,462.0,445
2024-11-30T08:00,22.4,20.7,1.20,113.0,458.0,445
2024-11-30T09:00,23.3,21.8,0.55,103.0,549.0,447
2024-11-30T10:00,29.0,27.8,0.05,84.0,838.0,451
2024-11-30T11:00,37.5,35.9,0.00,60.0,1222.0,456
2024-11-30T12:00,50.1,48.0,0.00,44.0,1464.0,461
2024-11-30T13:00,47.1,45.6,0.00,40.0,1422.0,465
2024-11-30T14:00,45.4,43.8,0.00,35.0,1239.0,468
2024-11-30T15:00,47.6,45.8,0.00,30.0,1106.0,472
2024-11-30T16:00,48.4,46.4,0.00,27.0,1125.0,478
2024-11-30T17:00,48.2,45.9,0.00,24.0,1195.0,486
2024-11-30T18:00,47.3,44.6,0.00,20.0,1197.0,492
2024-11-30T19:00,49.1,46.2,0.00,13.0,1045.0,496
2024-11-30T20:00,52.3,49.4,0.00,5.0,827.0,499
2024-11-30T21:00,54.4,51.6,0.00,1.0,685.0,499
2024-11-30T22:00,56.2,53.7,0.00,1.0,708.0,496
2024-11-30T23:00,57.6,55.3,0.00,6.0,808.0,490
2024-12-01T00:00,75.4,71.7,0.45,21.0,863.0,483
2024-12-01T01:00,64.3,60.5,1.75,49.0,810.0,475
2024-12-01T02:00,52.6,51.5,3.60,88.0,712.0,467
2024-12-01T03:00,52.3,51.0,4.80,123.0,639.0,460
2024-12-01T04:00,49.7,48.4,6.25,151.0,616.0,457
2024-12-01T05:00,47.1,46.0,6.95,174.0,617.0,456
2024-12-01T06:00,44.9,43.8,5.55,184.0,642.0,456
2024-12-01T07:00,42.3,41.2,3.30,175.0,682.0,455
2024-12-01T08:00,39.9,38.9,1.15,154.0,745.0,455
2024-12-01T09:00,33.6,32.9,0.20,130.0,850.0,456
2024-12-01T10:00,29.5,28.7,0.00,105.0,1040.0,457
2024-12-01T11:00,36.0,34.0,0.00,77.0,1273.0,459
2024-12-01T12:00,63.3,62.9,0.00,68.0,1443.0,462
2024-12-01T13:00,56.0,55.5,0.00,64.0,1518.0,466
2024-12-01T14:00,44.5,43.8,0.00,59.0,1531.0,470
2024-12-01T15:00,36.6,35.7,0.00,55.0,1472.0,474
2024-12-01T16:00,30.9,29.0,0.00,53.0,1288.0,477
2024-12-01T17:00,27.0,25.2,0.00,51.0,1032.0,479
2024-12-01T18:00,24.1,22.6,0.00,49.0,853.0,482
2024-12-01T19:00,23.2,21.7,0.00,46.0,800.0,486
2024-12-01T20:00,23.6,22.1,0.00,42.0,825.0,490
2024-12-01T21:00,24.3,22.8,0.00,39.0,931.0,493
2024-12-01T22:00,25.3,24.0,0.00,35.0,1198.0,496
2024-12-01T23:00,26.9,25.7,0.00,32.0,1547.0,498
2024-12-02T00:00,37.3,35.2,0.35,23.0,1747.0,497
2024-12-02T01:00,33.4,30.9,1.30,34.0,1673.0,491
2024-12-02T02:00,34.5,31.4,2.85,51.0,1451.0,482
2024-12-02T03:00,35.5,32.6,4.50,66.0,1228.0,474
2024-12-02T04:00,33.6,31.4,6.25,81.0,1022.0,467
2024-12-02T05:00,31.5,29.3,5.15,95.0,815.0,461
2024-12-02T06:00,29.9,27.4,3.55,103.0,695.0,457
2024-12-02T07:00,29.5,26.9,2.40,101.0,718.0,455
2024-12-02T08:00,31.1,28.1,1.15,92.0,827.0,454
2024-12-02T09:00,34.6,31.5,0.45,79.0,946.0,454
2024-12-02T10:00,38.8,35.7,0.05,60.0,1047.0,455
2024-12-02T11:00,48.8,45.9,0.00,37.0,1157.0,456
2024-12-02T12:00,52.3,49.9,0.00,45.0,1280.0,458
2024-12-02T13:00,46.0,43.0,0.00,40.0,1462.0,461
2024-12-02T14:00,39.5,37.4,0.00,34.0,1657.0,465
2024-12-02T15:00,36.9,34.9,0.00,27.0,1736.0,469
2024-12-02T16:00,36.1,34.0,0.00,21.0,1585.0,471
2024-12-02T17:00,36.4,34.3,0.00,16.0,1319.0,472
2024-12-02T18:00,40.2,37.8,0.00,11.0,1146.0,475
2024-12-02T19:00,40.9,38.5,0.00,7.0,1189.0,481
2024-12-02T20:00,42.4,40.2,0.00,4.0,1325.0,488
2024-12-02T21:00,42.3,39.9,0.00,2.0,1405.0,492
2024-12-02T22:00,43.7,41.2,0.00,0.0,1360.0,492
2024-12-02T23:00,44.8,42.5,0.00,0.0,1257.0,489
2024-12-03T00:00,34.7,32.2,0.15,12.0,1149.0,484
2024-12-03T01:00,29.9,27.5,0.35,18.0,1037.0,476
2024-12-03T02:00,28.2,26.4,0.95,27.0,919.0,467
2024-12-03T03:00,28.5,26.8,2.40,37.0,839.0,460
2024-12-03T04:00,27.6,26.7,3.65,51.0,827.0,458
2024-12-03T05:00,29.4,28.5,2.25,67.0,853.0,458
2024-12-03T06:00,30.5,29.7,1.75,77.0,869.0,457
2024-12-03T07:00,34.2,33.4,1.70,77.0,789.0,454
2024-12-03T08:00,37.0,36.2,0.75,70.0,699.0,450
2024-12-03T09:00,39.9,39.3,0.25,60.0,804.0,450
2024-12-03T10:00,46.1,45.5,0.05,46.0,1326.0,455
2024-12-03T11:00,51.8,51.2,0.00,29.0,2043.0,464
2024-12-03T12:00,65.9,65.2,0.00,16.0,2499.0,471
2024-12-03T13:00,58.0,57.5,0.00,13.0,2462.0,475
2024-12-03T14:00,53.4,53.0,0.00,8.0,2163.0,478
2024-12-03T15:00,52.4,51.6,0.00,5.0,1840.0,480
2024-12-03T16:00,50.2,48.4,0.00,5.0,1539.0,481
2024-12-03T17:00,48.4,45.8,0.00,6.0,1213.0,482
2024-12-03T18:00,48.2,45.4,0.00,6.0,967.0,484
2024-12-03T19:00,51.2,48.4,0.00,4.0,850.0,491
2024-12-03T20:00,56.1,53.3,0.00,1.0,812.0,499
2024-12-03T21:00,61.7,59.0,0.00,0.0,805.0,505
2024-12-03T22:00,64.3,61.7,0.00,1.0,828.0,507
2024-12-03T23:00,69.2,66.8,0.00,3.0,882.0,506
2024-12-04T00:00,68.2,67.8,0.30,12.0,918.0,502
2024-12-04T01:00,64.3,63.8,1.30,24.0,921.0,492
2024-12-04T02:00,61.2,60.5,2.15,42.0,905.0,479
2024-12-04T03:00,52.3,51.6,3.50,62.0,871.0,468
2024-12-04T04:00,44.1,43.3,4.55,86.0,798.0,461
2024-12-04T05:00,38.8,37.8,4.70,111.0,707.0,457
2024-12-04T06:00,37.3,36.3,4.60,129.0,651.0,453
2024-12-04T07:00,36.6,35.7,2.60,137.0,630.0,449
2024-12-04T08:00,36.3,35.4,1.00,137.0,646.0,445
2024-12-04T09:00,36.3,35.6,0.20,126.0,758.0,445
2024-12-04T10:00,40.2,39.5,0.00,98.0,1052.0,450
2024-12-04T11:00,51.5,50.6,0.00,59.0,1443.0,458
2024-12-04T12:00,42.5,41.9,0.00,39.0,1736.0,464
2024-12-04T13:00,45.2,44.2,0.00,31.0,1850.0,466
2024-12-04T14:00,44.9,43.3,0.00,19.0,1867.0,467
2024-12-04T15:00,48.7,46.3,0.00,10.0,1834.0,469
2024-12-04T16:00,52.3,49.7,0.00,7.0,1757.0,473
2024-12-04T17:00,54.5,51.7,0.00,7.0,1632.0,478
2024-12-04T18:00,55.9,53.0,0.00,7.0,1492.0,482
2024-12-04T19:00,56.6,53.6,0.00,6.0,1307.0,482
2024-12-04T20:00,60.1,57.0,0.00,6.0,1108.0,481
2024-12-04T21:00,63.1,61.7,0.00,6.0,1025.0,481
2024-12-04T22:00,62.6,62.4,0.00,5.0,1192.0,484
2024-12-04T23:00,61.5,61.0,0.00,6.0,1475.0,487
2024-12-05T00:00,32.1,31.1,0.35,10.0,1599.0,487
2024-12-05T01:00,37.6,36.6,1.55,21.0,1387.0,481
2024-12-05T02:00,36.8,35.9,3.65,38.0,1016.0,472
2024-12-05T03:00,30.7,29.9,5.65,55.0,743.0,465
2024-12-05T04:00,25.8,25.3,6.10,74.0,686.0,462
2024-12-05T05:00,23.5,23.1,5.65,94.0,728.0,461
2024-12-05T06:00,22.7,22.3,4.25,105.0,773.0,460
2024-12-05T07:00,22.7,22.3,2.20,101.0,712.0,457
2024-12-05T08:00,26.0,25.6,1.10,89.0,655.0,455
2024-12-05T09:00,27.0,26.5,0.40,74.0,833.0,455
2024-12-05T10:00,29.9,29.5,0.05,58.0,1570.0,462
2024-12-05T11:00,37.0,36.7,0.00,41.0,2543.0,472
2024-12-05T12:00,37.7,36.8,0.00,22.0,3010.0,477
2024-12-05T13:00,38.1,37.3,0.00,21.0,2470.0,472
2024-12-05T14:00,36.8,36.2,0.00,20.0,1425.0,462
2024-12-05T15:00,35.5,34.9,0.00,19.0,643.0,455
2024-12-05T16:00,34.1,33.5,0.00,17.0,466.0,454
2024-12-05T17:00,34.5,33.8,0.00,15.0,553.0,456
2024-12-05T18:00,36.7,35.5,0.00,12.0,641.0,459
2024-12-05T19:00,39.5,38.0,0.00,8.0,628.0,465
2024-12-05T20:00,41.1,39.5,0.00,4.0,617.0,473
2024-12-05T21:00,42.7,40.7,0.00,2.0,658.0,478
2024-12-05T22:00,45.4,43.4,0.00,2.0,814.0,480
2024-12-05T23:00,53.4,51.2,0.00,4.0,1021.0,480
2024-12-06T00:00,51.7,49.5,0.45,13.0,1141.0,478
2024-12-06T01:00,41.4,39.5,1.60,24.0,1103.0,472
2024-12-06T02:00,31.3,28.9,3.50,40.0,978.0,463
2024-12-06T03:00,26.4,24.2,6.20,58.0,837.0,456
2024-12-06T04:00,21.3,19.6,7.00,80.0,674.0,452
2024-12-06T05:00,17.1,15.9,6.80,103.0,496.0,449
2024-12-06T06:00,14.9,13.9,5.80,117.0,388.0,447
2024-12-06T07:00,14.2,13.0,3.95,118.0,384.0,445
2024-12-06T08:00,15.1,13.5,1.95,109.0,452.0,445
2024-12-06T09:00,15.1,13.4,0.60,96.0,579.0,445
2024-12-06T10:00,14.3,13.1,0.05,75.0,827.0,447
2024-12-06T11:00,20.1,19.2,0.00,50.0,1135.0,451
2024-12-06T12:00,28.8,27.2,0.00,32.0,1308.0,454
2024-12-06T13:00,29.8,28.4,0.00,34.0,1194.0,454
2024-12-06T14:00,26.4,24.9,0.00,36.0,945.0,454
2024-12-06T15:00,22.2,20.4,0.00,37.0,817.0,456
2024-12-06T16:00,19.2,17.6,0.00,35.0,958.0,462
2024-12-06T17:00,17.5,16.1,0.00,32.0,1220.0,470
2024-12-06T18:00,17.1,15.9,0.00,28.0,1418.0,477
2024-12-06T19:00,17.2,15.9,0.00,24.0,1457.0,484
2024-12-06T20:00,18.4,17.2,0.00,20.0,1432.0,490
2024-12-06T21:00,20.3,19.1,0.00,17.0,1438.0,494
2024-12-06T22:00,23.3,21.9,0.00,13.0,1557.0,495
2024-12-06T23:00,27.2,25.7,0.00,10.0,1708.0,492
2024-12-07T00:00,19.4,18.2,0.45,21.0,1745.0,488
2024-12-07T01:00,19.3,18.2,1.50,32.0,1562.0,479
2024-12-07T02:00,16.4,15.7,3.45,48.0,1264.0,468
2024-12-07T03:00,11.8,11.3,5.10,63.0,1020.0,460
2024-12-07T04:00,8.8,8.6,6.25,75.0,900.0,458
2024-12-07T05:00,7.1,6.8,6.70,86.0,834.0,459
2024-12-07T06:00,7.0,6.5,6.40,93.0,782.0,459
2024-12-07T07:00,8.0,7.1,4.70,95.0,694.0,456
2024-12-07T08:00,8.6,7.3,1.95,94.0,620.0,452
2024-12-07T09:00,9.7,8.3,0.50,86.0,663.0,450
2024-12-07T10:00,14.0,12.5,0.05,67.0,896.0,451
2024-12-07T11:00,23.0,21.5,0.00,43.0,1247.0,454
2024-12-07T12:00,39.7,38.2,0.00,10.0,1598.0,458
2024-12-07T13:00,40.2,38.8,0.00,8.0,1936.0,462
2024-12-07T14:00,45.4,44.1,0.00,6.0,2275.0,466
2024-12-07T15:00,53.2,51.7,0.00,5.0,2537.0,474
2024-12-07T16:00,59.8,58.2,0.00,5.0,2732.0,487
2024-12-07T17:00,62.6,61.0,0.00,5.0,2850.0,503
2024-12-07T18:00,61.7,60.1,0.00,6.0,2791.0,516
2024-12-07T19:00,53.9,52.9,0.00,7.0,2424.0,525
2024-12-07T20:00,49.2,48.9,0.00,8.0,1880.0,531
2024-12-07T21:00,45.8,45.6,0.00,10.0,1446.0,530
2024-12-07T22:00,41.8,41.6,0.00,11.0,1267.0,519
2024-12-07T23:00,42.1,41.9,0.00,12.0,1200.0,503
2024-12-08T00:00,28.8,27.6,0.45,22.0,1100.0,487
2024-12-08T01:00,26.8,25.3,1.75,31.0,886.0,475
2024-12-08T02:00,25.6,23.9,3.95,45.0,641.0,463
2024-12-08T03:00,24.2,22.6,6.10,59.0,467.0,455
2024-12-08T04:00,23.0,22.0,7.05,76.0,424.0,452
2024-12-08T05:00,23.0,22.4,7.40,94.0,453.0,451
2024-12-08T06:00,23.6,23.0,6.65,106.0,479.0,450
2024-12-08T07:00,24.0,23.5,3.85,106.0,420.0,446
2024-12-08T08:00,22.6,22.0,1.70,100.0,359.0,441
2024-12-08T09:00,21.8,21.2,0.50,92.0,467.0,439
2024-12-08T10:00,31.7,31.1,0.05,82.0,881.0,442
2024-12-08T11:00,29.0,28.5,0.00,71.0,1464.0,447
2024-12-08T12:00,22.8,22.4,0.00,47.0,1975.0,454
2024-12-08T13:00,22.5,22.1,0.00,44.0,2423.0,464
2024-12-08T14:00,25.0,24.4,0.00,39.0,2799.0,475
2024-12-08T15:00,27.5,26.9,0.00,35.0,2829.0,481
2024-12-08T16:00,30.6,30.2,0.00,32.0,2226.0,478
2024-12-08T17:00,25.3,25.0,0.00,30.0,1277.0,470
2024-12-08T18:00,20.3,20.2,0.00,31.0,572.0,464
2024-12-08T19:00,15.4,15.3,0.00,37.0,364.0,464
2024-12-08T20:00,11.4,11.3,0.00,45.0,400.0,465
2024-12-08T21:00,9.3,9.3,0.00,50.0,513.0,467
2024-12-08T22:00,9.0,8.9,0.00,46.0,714.0,468
2024-12-08T23:00,10.5,10.4,0.00,38.0,991.0,468
2024-12-09T00:00,12.5,12.4,0.40,41.0,1146.0,468
2024-12-09T01:00,14.6,14.3,1.45,45.0,1057.0,466
2024-12-09T02:00,14.7,14.3,2.95,50.0,845.0,463
2024-12-09T03:00,14.4,13.9,3.95,56.0,678.0,461
2024-12-09T04:00,14.2,13.6,4.45,62.0,625.0,460
2024-12-09T05:00,14.9,13.9,4.65,69.0,616.0,459
2024-12-09T06:00,15.3,14.1,3.50,73.0,615.0,458
2024-12-09T07:00,13.3,12.9,2.40,75.0,602.0,455
2024-12-09T08:00,13.2,12.9,1.50,75.0,596.0,451
2024-12-09T09:00,16.7,16.5,0.50,70.0,616.0,448
2024-12-09T10:00,25.9,25.7,0.05,57.0,699.0,448
2024-12-09T11:00,35.9,35.5,0.00,39.0,809.0,449
2024-12-09T12:00,49.5,48.1,0.00,21.0,851.0,450
2024-12-09T13:00,56.5,53.8,0.00,20.0,760.0,450
2024-12-09T14:00,58.8,56.2,0.00,19.0,602.0,450
2024-12-09T15:00,59.4,57.0,0.00,18.0,485.0,451
2024-12-09T16:00,61.0,58.8,0.00,18.0,461.0,453
2024-12-09T17:00,59.8,58.0,0.00,18.0,479.0,456
2024-12-09T18:00,54.0,52.6,0.00,18.0,491.0,459
2024-12-09T19:00,46.2,45.2,0.00,17.0,456.0,461
2024-12-09T20:00,39.0,38.2,0.00,16.0,415.0,464
2024-12-09T21:00,33.5,32.9,0.00,16.0,443.0,465
2024-12-09T22:00,28.8,28.3,0.00,17.0,626.0,466
2024-12-09T23:00,25.0,24.7,0.00,19.0,878.0,466
2024-12-10T00:00,20.4,19.9,0.40,28.0,1011.0,465
2024-12-10T01:00,19.0,18.5,1.50,36.0,909.0,461
2024-12-10T02:00,16.6,15.9,3.25,46.0,688.0,456
2024-12-10T03:00,14.7,13.9,4.40,56.0,510.0,451
2024-12-10T04:00,13.5,12.8,2.55,64.0,434.0,448
2024-12-10T05:00,14.6,13.9,5.95,71.0,400.0,445
2024-12-10T06:00,14.5,13.9,2.10,75.0,390.0,443
2024-12-10T07:00,21.2,20.9,3.05,74.0,401.0,441
2024-12-10T08:00,19.0,18.6,0.70,70.0,435.0,439
2024-12-10T09:00,22.1,21.5,0.25,63.0,479.0,439
2024-12-10T10:00,21.4,20.7,0.05,53.0,543.0,441
2024-12-10T11:00,19.5,18.7,0.00,41.0,618.0,444
2024-12-10T12:00,18.7,18.4,0.00,35.0,662.0,447
2024-12-10T13:00,20.0,19.7,0.00,33.0,654.0,449
2024-12-10T14:00,19.7,19.4,0.00,31.0,616.0,451
2024-12-10T15:00,18.6,18.3,0.00,29.0,572.0,453
2024-12-10T16:00,16.6,16.4,0.00,29.0,524.0,455
2024-12-10T17:00,13.6,13.5,0.00,29.0,470.0,457
2024-12-10T18:00,11.7,11.5,0.00,30.0,425.0,458
2024-12-10T19:00,10.1,10.0,0.00,30.0,384.0,459
2024-12-10T20:00,9.3,9.2,0.00,31.0,352.0,460
2024-12-10T21:00,9.1,8.9,0.00,30.0,357.0,461
2024-12-10T22:00,9.7,9.6,0.00,26.0,437.0,461
2024-12-10T23:00,11.5,11.4,0.00,21.0,555.0,460
2024-12-11T00:00,15.7,15.4,0.35,18.0,623.0,459
2024-12-11T01:00,14.5,14.1,1.00,23.0,592.0,457
2024-12-11T02:00,13.4,13.0,1.85,31.0,511.0,453
2024-12-11T03:00,13.9,13.2,3.05,37.0,448.0,451
2024-12-11T04:00,14.7,13.9,2.55,40.0,413.0,450
2024-12-11T05:00,16.9,16.2,1.75,42.0,394.0,450
2024-12-11T06:00,19.4,18.5,1.55,43.0,424.0,450
2024-12-11T07:00,17.3,16.4,1.45,44.0,535.0,450
2024-12-11T08:00,15.4,14.6,1.05,45.0,695.0,451
2024-12-11T09:00,15.9,15.2,0.45,42.0,834.0,451
2024-12-11T10:00,17.1,16.2,0.05,32.0,919.0,449
2024-12-11T11:00,18.6,17.9,0.00,19.0,984.0,447
2024-12-11T12:00,12.2,11.9,0.00,23.0,1057.0,447
2024-12-11T13:00,14.0,13.6,0.00,25.0,1164.0,450
2024-12-11T14:00,14.9,14.4,0.00,27.0,1279.0,454
2024-12-11T15:00,16.5,15.9,0.00,28.0,1353.0,459
2024-12-11T16:00,18.0,17.5,0.00,27.0,1374.0,466
2024-12-11T17:00,15.9,15.4,0.00,24.0,1354.0,473
2024-12-11T18:00,15.5,14.9,0.00,21.0,1277.0,479
2024-12-11T19:00,16.1,15.6,0.00,15.0,1084.0,481
2024-12-11T20:00,17.5,17.1,0.00,9.0,833.0,482
2024-12-11T21:00,19.9,19.4,0.00,5.0,683.0,482
2024-12-11T22:00,22.6,22.1,0.00,3.0,733.0,482
2024-12-11T23:00,27.4,26.7,0.00,5.0,885.0,482
2024-12-12T00:00,26.6,25.6,0.40,10.0,999.0,480
2024-12-12T01:00,26.4,25.3,1.60,25.0,1035.0,474
2024-12-12T02:00,20.7,20.0,3.55,45.0,1033.0,467
2024-12-12T03:00,12.6,12.0,4.60,62.0,977.0,460
2024-12-12T04:00,9.7,9.0,5.85,73.0,818.0,456
2024-12-12T05:00,9.1,8.3,5.75,81.0,605.0,452
2024-12-12T06:00,8.9,8.0,4.55,84.0,472.0,449
2024-12-12T07:00,8.5,7.6,3.20,81.0,466.0,445
2024-12-12T08:00,8.8,7.8,1.85,74.0,539.0,441
2024-12-12T09:00,9.2,8.6,0.35,63.0,684.0,440
2024-12-12T10:00,12.8,11.9,0.05,47.0,963.0,443
2024-12-12T11:00,19.2,18.3,0.00,28.0,1313.0,449
2024-12-12T12:00,20.2,19.1,0.00,30.0,1541.0,455
2024-12-12T13:00,21.7,20.5,0.00,26.0,1553.0,460
2024-12-12T14:00,25.3,24.0,0.00,19.0,1443.0,464
2024-12-12T15:00,26.8,25.6,0.00,14.0,1291.0,467
2024-12-12T16:00,27.0,25.8,0.00,11.0,1088.0,466
2024-12-12T17:00,26.8,25.8,0.00,9.0,845.0,464
2024-12-12T18:00,25.8,24.9,0.00,7.0,671.0,463
2024-12-12T19:00,25.4,24.5,0.00,6.0,611.0,466
2024-12-12T20:00,24.5,23.6,0.00,6.0,621.0,470
2024-12-12T21:00,23.5,22.7,0.00,6.0,680.0,473
2024-12-12T22:00,23.9,23.1,0.00,5.0,818.0,473
2024-12-12T23:00,25.3,24.6,0.00,6.0,1005.0,471
2024-12-13T00:00,22.9,21.8,0.40,21.0,1130.0,468
2024-12-13T01:00,20.1,18.8,1.70,41.0,1152.0,466
2024-12-13T02:00,15.7,14.6,3.50,67.0,1113.0,463
2024-12-13T03:00,10.7,10.0,5.50,86.0,1027.0,459
2024-12-13T04:00,7.9,7.2,6.90,89.0,860.0,453
2024-12-13T05:00,7.3,6.2,4.45,83.0,645.0,446
2024-12-13T06:00,9.0,7.9,4.50,78.0,497.0,441
2024-12-13T07:00,10.4,9.1,3.20,76.0,440.0,439
2024-12-13T08:00,11.5,9.9,2.10,74.0,449.0,439
2024-12-13T09:00,10.4,9.2,0.40,71.0,563.0,440
2024-12-13T10:00,11.5,10.6,0.05,64.0,862.0,443
2024-12-13T11:00,11.6,10.8,0.00,55.0,1267.0,447
2024-12-13T12:00,19.5,18.6,0.00,26.0,1579.0,452
2024-12-13T13:00,18.9,18.1,0.00,28.0,1728.0,456
2024-12-13T14:00,18.1,17.4,0.00,31.0,1783.0,461
2024-12-13T15:00,18.3,17.6,0.00,33.0,1759.0,465
2024-12-13T16:00,19.0,18.0,0.00,34.0,1610.0,469
2024-12-13T17:00,19.2,18.2,0.00,34.0,1382.0,473
2024-12-13T18:00,19.6,18.6,0.00,34.0,1218.0,479
2024-12-13T19:00,20.4,19.5,0.00,33.0,1181.0,491
2024-12-13T20:00,21.0,20.1,0.00,31.0,1208.0,504
2024-12-13T21:00,21.0,20.2,0.00,28.0,1262.0,513
2024-12-13T22:00,20.4,19.6,0.00,23.0,1349.0,513
2024-12-13T23:00,23.9,23.1,0.00,17.0,1463.0,507
2024-12-14T00:00,28.8,27.6,0.25,9.0,1540.0,500
2024-12-14T01:00,28.8,27.2,0.95,12.0,1562.0,492
2024-12-14T02:00,31.3,29.5,1.85,17.0,1548.0,483
2024-12-14T03:00,32.7,30.6,2.50,24.0,1493.0,475
2024-12-14T04:00,34.1,31.7,3.50,36.0,1371.0,471
2024-12-14T05:00,30.6,28.1,4.20,51.0,1208.0,468
2024-12-14T06:00,26.1,23.7,3.65,62.0,1083.0,465
2024-12-14T07:00,18.8,17.2,2.30,68.0,942.0,460
2024-12-14T08:00,14.4,13.1,1.20,71.0,839.0,456
2024-12-14T09:00,13.2,12.2,0.45,69.0,1012.0,456
2024-12-14T10:00,15.1,14.2,0.05,59.0,1699.0,464
2024-12-14T11:00,16.8,16.0,0.00,44.0,2663.0,476
2024-12-14T12:00,18.5,17.6,0.00,35.0,3424.0,488
2024-12-14T13:00,20.3,19.4,0.00,31.0,3884.0,500
2024-12-14T14:00,20.1,19.3,0.00,26.0,4141.0,512
2024-12-14T15:00,19.1,18.5,0.00,22.0,4017.0,518
2024-12-14T16:00,19.4,18.7,0.00,19.0,3239.0,513
2024-12-14T17:00,16.6,16.0,0.00,16.0,2080.0,501
2024-12-14T18:00,14.8,14.3,0.00,16.0,1176.0,491
2024-12-14T19:00,11.5,11.2,0.00,21.0,775.0,484
2024-12-14T20:00,10.0,9.8,0.00,28.0,629.0,479
2024-12-14T21:00,7.0,6.9,0.00,34.0,634.0,477
2024-12-14T22:00,5.8,5.7,0.00,36.0,857.0,481
2024-12-14T23:00,6.6,6.4,0.00,37.0,1230.0,489
2024-12-15T00:00,13.4,13.0,0.15,34.0,1443.0,492
2024-12-15T01:00,13.5,13.0,0.80,42.0,1315.0,485
2024-12-15T02:00,13.6,12.9,2.90,53.0,1027.0,474
2024-12-15T03:00,12.5,11.6,2.55,63.0,816.0,465
2024-12-15T04:00,12.0,11.3,2.85,73.0,787.0,463
2024-12-15T05:00,13.1,12.5,3.20,83.0,833.0,464
2024-12-15T06:00,14.9,14.4,1.85,88.0,875.0,464
2024-12-15T07:00,13.4,12.8,1.00,85.0,863.0,462
2024-12-15T08:00,15.8,15.0,0.55,77.0,846.0,459
2024-12-15T09:00,17.9,16.9,0.25,67.0,889.0,457
2024-12-15T10:00,20.6,19.5,0.05,53.0,1072.0,458
2024-12-15T11:00,24.2,23.1,0.00,36.0,1314.0,460
2024-12-15T12:00,31.4,29.8,0.00,31.0,1441.0,461
2024-12-15T13:00,34.0,32.5,0.00,26.0,1350.0,461
2024-12-15T14:00,33.1,31.8,0.00,20.0,1144.0,461
2024-12-15T15:00,30.5,29.5,0.00,16.0,956.0,461
2024-12-15T16:00,27.1,26.3,0.00,16.0,827.0,463
2024-12-15T17:00,23.4,22.8,0.00,17.0,716.0,466
2024-12-15T18:00,19.7,19.3,0.00,19.0,634.0,469
2024-12-15T19:00,16.6,16.2,0.00,21.0,576.0,471
2024-12-15T20:00,14.9,14.6,0.00,23.0,548.0,473
2024-12-15T21:00,14.8,14.5,0.00,24.0,574.0,475
2024-12-15T22:00,15.6,15.2,0.00,23.0,710.0,477
2024-12-15T23:00,18.6,18.2,0.00,21.0,901.0,479
2024-12-16T00:00,17.3,16.8,0.35,28.0,1008.0,478
2024-12-16T01:00,18.0,17.5,1.15,33.0,945.0,473
2024-12-16T02:00,18.7,17.9,2.25,41.0,797.0,464
2024-12-16T03:00,19.7,18.7,3.80,51.0,683.0,458
2024-12-16T04:00,17.6,16.8,4.85,64.0,649.0,455
2024-12-16T05:00,15.1,14.7,4.90,80.0,649.0,454
2024-12-16T06:00,14.4,14.3,4.10,91.0,664.0,452
2024-12-16T07:00,15.7,15.6,3.10,97.0,693.0,449
2024-12-16T08:00,17.1,16.9,1.55,100.0,737.0,447
2024-12-16T09:00,18.9,18.7,0.45,95.0,784.0,445
2024-12-16T10:00,25.9,25.8,0.05,79.0,840.0,445
2024-12-16T11:00,32.0,31.9,0.00,56.0,897.0,447
2024-12-16T12:00,26.7,26.5,0.00,35.0,923.0,449
2024-12-16T13:00,27.9,27.3,0.00,31.0,889.0,451
2024-12-16T14:00,27.8,27.2,0.00,25.0,822.0,454
2024-12-16T15:00,28.8,28.2,0.00,20.0,774.0,457
2024-12-16T16:00,31.3,30.7,0.00,17.0,776.0,461
2024-12-16T17:00,34.5,33.8,0.00,15.0,796.0,466
2024-12-16T18:00,36.7,36.1,0.00,13.0,789.0,469
2024-12-16T19:00,36.0,35.5,0.00,12.0,702.0,471
2024-12-16T20:00,32.8,32.5,0.00,12.0,587.0,471
2024-12-16T21:00,28.6,28.4,0.00,13.0,560.0,472
2024-12-16T22:00,25.2,25.0,0.00,13.0,722.0,474
2024-12-16T23:00,24.6,24.4,0.00,14.0,971.0,475
2024-12-17T00:00,37.4,36.8,0.40,22.0,1114.0,475
2024-12-17T01:00,35.2,34.7,1.65,34.0,1042.0,471
2024-12-17T02:00,32.1,31.5,3.80,52.0,865.0,464
2024-12-17T03:00,30.0,29.3,6.15,72.0,719.0,459
2024-12-17T04:00,28.4,27.6,7.70,94.0,657.0,456
2024-12-17T05:00,27.4,26.6,7.70,119.0,627.0,455
2024-12-17T06:00,27.4,26.6,6.15,136.0,603.0,453
2024-12-17T07:00,26.5,25.7,4.25,144.0,527.0,450
2024-12-17T08:00,27.2,26.3,1.95,146.0,457.0,446
2024-12-17T09:00,30.3,29.3,0.65,141.0,551.0,446
2024-12-17T10:00,37.8,37.0,0.05,125.0,906.0,450
2024-12-17T11:00,43.2,42.3,0.00,102.0,1423.0,458
2024-12-17T12:00,58.1,56.8,0.00,60.0,1966.0,467
2024-12-17T13:00,55.8,52.5,0.00,52.0,2654.0,480
2024-12-17T14:00,60.1,55.9,0.00,42.0,3366.0,495
2024-12-17T15:00,71.7,67.1,0.00,32.0,3606.0,501
2024-12-17T16:00,81.0,76.6,0.00,24.0,2974.0,492
2024-12-17T17:00,83.6,79.4,0.00,18.0,1869.0,475
2024-12-17T18:00,85.0,81.0,0.00,13.0,993.0,463
2024-12-17T19:00,85.2,81.5,0.00,11.0,610.0,462
2024-12-17T20:00,83.1,80.3,0.00,11.0,455.0,466
2024-12-17T21:00,72.9,71.5,0.00,12.0,436.0,469
2024-12-17T22:00,63.6,62.9,0.00,12.0,603.0,471
2024-12-17T23:00,58.1,57.2,0.00,13.0,905.0,473
2024-12-18T00:00,66.4,65.4,0.40,20.0,1096.0,473
2024-12-18T01:00,49.9,49.2,1.65,34.0,1054.0,470
2024-12-18T02:00,44.2,42.7,3.85,54.0,902.0,465
2024-12-18T03:00,39.7,37.7,6.30,73.0,758.0,460
2024-12-18T04:00,32.8,31.9,7.75,91.0,658.0,456
2024-12-18T05:00,25.9,25.1,7.75,108.0,566.0,451
2024-12-18T06:00,20.9,20.1,6.35,117.0,497.0,447
2024-12-18T07:00,16.8,16.1,4.40,112.0,418.0,443
2024-12-18T08:00,13.6,13.0,2.30,99.0,363.0,439
2024-12-18T09:00,12.7,11.6,0.80,89.0,440.0,438
2024-12-18T10:00,22.5,21.4,0.10,86.0,776.0,441
2024-12-18T11:00,34.7,34.0,0.00,85.0,1245.0,446
2024-12-18T12:00,67.3,66.4,0.00,35.0,1583.0,451
2024-12-18T13:00,57.0,56.3,0.00,40.0,1695.0,455
2024-12-18T14:00,50.9,50.2,0.00,46.0,1674.0,459
2024-12-18T15:00,51.6,50.8,0.00,50.0,1539.0,461
2024-12-18T16:00,53.3,52.4,0.00,51.0,1216.0,461
2024-12-18T17:00,53.9,53.0,0.00,50.0,777.0,460
2024-12-18T18:00,53.6,52.5,0.00,46.0,458.0,460
2024-12-18T19:00,55.5,54.6,0.00,37.0,359.0,462
2024-12-18T20:00,54.2,53.6,0.00,25.0,379.0,465
2024-12-18T21:00,48.9,48.5,0.00,17.0,450.0,467
2024-12-18T22:00,36.9,36.7,0.00,16.0,592.0,468
2024-12-18T23:00,29.3,29.2,0.00,20.0,785.0,469
2024-12-19T00:00,25.3,25.0,0.40,30.0,899.0,468
2024-12-19T01:00,22.9,22.3,1.75,43.0,863.0,464
2024-12-19T02:00,19.8,19.1,4.05,61.0,749.0,459
2024-12-19T03:00,17.0,16.6,6.65,78.0,637.0,454
2024-12-19T04:00,17.8,17.3,8.40,94.0,545.0,450
2024-12-19T05:00,18.2,17.7,8.25,109.0,456.0,447
2024-12-19T06:00,18.0,17.5,6.45,118.0,398.0,444
2024-12-19T07:00,16.8,16.3,4.25,118.0,351.0,442
2024-12-19T08:00,15.4,15.0,2.25,112.0,335.0,440
2024-12-19T09:00,14.6,14.2,0.75,103.0,445.0,441
2024-12-19T10:00,20.1,19.7,0.10,90.0,839.0,445
2024-12-19T11:00,31.3,29.9,0.00,75.0,1359.0,451
2024-12-19T12:00,51.9,49.2,0.00,44.0,1617.0,455
2024-12-19T13:00,49.5,46.1,0.00,43.0,1353.0,454
2024-12-19T14:00,46.1,43.0,0.00,40.0,827.0,451
2024-12-19T15:00,48.2,45.1,0.00,37.0,437.0,449
2024-12-19T16:00,44.4,41.1,0.00,32.0,362.0,451
2024-12-19T17:00,42.0,39.0,0.00,26.0,423.0,455
2024-12-19T18:00,40.2,37.7,0.00,21.0,479.0,459
2024-12-19T19:00,37.5,35.7,0.00,18.0,460.0,462
2024-12-19T20:00,35.3,33.9,0.00,17.0,437.0,465
2024-12-19T21:00,32.8,31.7,0.00,16.0,480.0,467
2024-12-19T22:00,32.5,31.4,0.00,15.0,670.0,470
2024-12-19T23:00,33.9,33.1,0.00,15.0,927.0,472
2024-12-20T00:00,41.6,39.6,0.30,18.0,1081.0,473
2024-12-20T01:00,39.1,36.8,1.10,29.0,1035.0,470
2024-12-20T02:00,39.2,36.1,2.90,46.0,887.0,465
2024-12-20T03:00,35.6,31.5,4.40,62.0,756.0,461
2024-12-20T04:00,33.6,30.0,5.75,78.0,687.0,458
2024-12-20T05:00,31.8,30.2,5.80,94.0,636.0,455
2024-12-20T06:00,32.8,31.7,5.15,107.0,593.0,452
2024-12-20T07:00,33.1,32.1,3.60,120.0,476.0,450
2024-12-20T08:00,33.5,32.6,1.85,130.0,367.0,448
2024-12-20T09:00,34.1,33.2,0.60,129.0,505.0,448
2024-12-20T10:00,39.3,38.4,0.05,108.0,1150.0,451
2024-12-20T11:00,45.3,44.4,0.00,77.0,2041.0,457
2024-12-20T12:00,55.6,54.1,0.00,48.0,2635.0,463
2024-12-20T13:00,48.7,47.4,0.00,47.0,2626.0,468
2024-12-20T14:00,39.5,37.6,0.00,47.0,2320.0,473
2024-12-20T15:00,33.1,30.9,0.00,44.0,2094.0,481
2024-12-20T16:00,31.4,28.8,0.00,39.0,2176.0,495
2024-12-20T17:00,33.9,31.1,0.00,32.0,2337.0,511
2024-12-20T18:00,38.4,35.6,0.00,26.0,2276.0,518
2024-12-20T19:00,42.3,39.6,0.00,20.0,1731.0,507
2024-12-20T20:00,44.4,42.0,0.00,15.0,963.0,486
2024-12-20T21:00,46.4,44.2,0.00,12.0,448.0,471
2024-12-20T22:00,47.5,45.5,0.00,10.0,444.0,469
2024-12-20T23:00,48.9,47.3,0.00,11.0,694.0,472
2024-12-21T00:00,43.5,42.3,0.35,14.0,898.0,474
2024-12-21T01:00,43.0,41.4,1.40,27.0,957.0,472
2024-12-21T02:00,44.2,43.1,3.20,45.0,972.0,468
2024-12-21T03:00,37.0,35.4,4.25,63.0,942.0,464
2024-12-21T04:00,33.1,32.0,5.20,80.0,844.0,460
2024-12-21T05:00,32.8,31.9,5.55,97.0,701.0,456
2024-12-21T06:00,32.9,32.0,4.35,111.0,589.0,452
2024-12-21T07:00,34.3,33.4,3.70,123.0,517.0,449
2024-12-21T08:00,35.3,34.3,1.80,131.0,475.0,447
2024-12-21T09:00,36.3,35.4,0.55,128.0,505.0,446
2024-12-21T10:00,42.4,41.6,0.05,106.0,610.0,447
2024-12-21T11:00,49.8,48.8,0.00,72.0,788.0,449
2024-12-21T12:00,69.8,68.9,0.00,57.0,1075.0,455
2024-12-21T13:00,69.6,68.5,0.00,52.0,1598.0,467
2024-12-21T14:00,61.2,58.1,0.00,44.0,2229.0,483
2024-12-21T15:00,57.4,53.1,0.00,36.0,2621.0,494
2024-12-21T16:00,54.2,49.7,0.00,29.0,2615.0,499
2024-12-21T17:00,58.8,54.1,0.00,21.0,2369.0,500
2024-12-21T18:00,63.1,59.0,0.00,16.0,2011.0,497
2024-12-21T19:00,61.2,58.6,0.00,14.0,1472.0,488
2024-12-21T20:00,56.8,55.1,0.00,15.0,821.0,476
2024-12-21T21:00,49.7,48.5,0.00,16.0,388.0,467
2024-12-21T22:00,44.5,43.4,0.00,16.0,373.0,465
2024-12-21T23:00,41.9,41.1,0.00,16.0,576.0,467
2024-12-22T00:00,34.3,33.8,0.25,20.0,726.0,467
2024-12-22T01:00,31.2,30.7,1.25,31.0,713.0,464
2024-12-22T02:00,30.0,29.5,3.20,46.0,647.0,459
2024-12-22T03:00,29.4,28.6,5.10,58.0,586.0,455
2024-12-22T04:00,29.9,28.9,5.35,63.0,548.0,452
2024-12-22T05:00,31.4,30.4,5.10,65.0,515.0,450
2024-12-22T06:00,33.5,32.6,4.15,69.0,492.0,448
2024-12-22T07:00,35.4,34.5,3.05,79.0,452.0,444
2024-12-22T08:00,37.0,36.1,1.85,91.0,422.0,441
2024-12-22T09:00,38.4,37.6,0.60,93.0,483.0,440
2024-12-22T10:00,44.6,43.9,0.05,78.0,735.0,444
2024-12-22T11:00,65.0,64.3,0.00,54.0,1079.0,451
2024-12-22T12:00,68.2,67.3,0.00,22.0,1294.0,459
2024-12-22T13:00,70.8,70.3,0.00,19.0,1270.0,468
2024-12-22T14:00,75.7,75.2,0.00,14.0,1117.0,478
2024-12-22T15:00,77.8,77.1,0.00,11.0,950.0,482
2024-12-22T16:00,67.5,66.6,0.00,10.0,786.0,477
2024-12-22T17:00,54.7,53.7,0.00,12.0,607.0,467
2024-12-22T18:00,43.1,42.4,0.00,14.0,474.0,460
2024-12-22T19:00,32.6,32.2,0.00,19.0,403.0,459
2024-12-22T20:00,25.4,25.1,0.00,25.0,378.0,462
2024-12-22T21:00,20.7,20.5,0.00,30.0,408.0,464
2024-12-22T22:00,18.7,18.5,0.00,30.0,541.0,466
2024-12-22T23:00,18.9,18.6,0.00,29.0,728.0,467
2024-12-23T00:00,21.5,21.3,0.40,32.0,838.0,467
2024-12-23T01:00,20.8,20.5,1.80,44.0,793.0,465
2024-12-23T02:00,19.9,19.6,4.15,61.0,669.0,461
2024-12-23T03:00,18.0,17.8,6.80,79.0,564.0,457
2024-12-23T04:00,16.8,16.5,8.60,99.0,507.0,454
2024-12-23T05:00,16.8,16.5,8.80,119.0,468.0,451
2024-12-23T06:00,16.3,15.9,6.60,129.0,452.0,449
2024-12-23T07:00,15.2,14.8,2.15,123.0,452.0,447
2024-12-23T08:00,15.2,14.9,0.90,107.0,475.0,446
2024-12-23T09:00,17.8,17.5,0.35,89.0,541.0,446
2024-12-23T10:00,21.5,21.2,0.05,68.0,692.0,449
2024-12-23T11:00,26.1,25.8,0.00,46.0,887.0,454
2024-12-23T12:00,42.3,41.4,0.00,39.0,1021.0,458
2024-12-23T13:00,43.7,43.1,0.00,36.0,1056.0,462
2024-12-23T14:00,40.0,39.6,0.00,32.0,1029.0,465
2024-12-23T15:00,32.6,32.2,0.00,31.0,952.0,466
2024-12-23T16:00,22.1,21.9,0.00,37.0,790.0,462
2024-12-23T17:00,13.9,13.8,0.00,46.0,577.0,456
2024-12-23T18:00,9.4,9.3,0.00,52.0,425.0,453
2024-12-23T19:00,7.5,7.5,0.00,52.0,381.0,455
2024-12-23T20:00,7.0,7.0,0.00,49.0,398.0,459
2024-12-23T21:00,7.0,7.0,0.00,47.0,446.0,462
2024-12-23T22:00,7.1,7.1,0.00,45.0,547.0,464
2024-12-23T23:00,7.8,7.8,0.00,44.0,678.0,465
2024-12-24T00:00,6.3,6.2,0.20,48.0,746.0,465
2024-12-24T01:00,8.7,8.4,0.80,52.0,688.0,462
2024-12-24T02:00,8.8,8.5,2.35,58.0,567.0,456
2024-12-24T03:00,8.2,8.1,4.00,65.0,472.0,452
2024-12-24T04:00,8.0,8.0,5.40,74.0,439.0,450
2024-12-24T05:00,8.6,8.6,3.80,84.0,433.0,448
2024-12-24T06:00,9.8,9.8,3.35,91.0,441.0,447
2024-12-24T07:00,11.5,11.5,3.45,96.0,437.0,447
2024-12-24T08:00,13.3,13.2,1.80,98.0,448.0,447
2024-12-24T09:00,13.1,13.1,0.65,95.0,536.0,448
2024-12-24T10:00,14.6,14.6,0.10,83.0,813.0,451
2024-12-24T11:00,15.0,15.0,0.00,66.0,1168.0,456
2024-12-24T12:00,21.2,21.1,0.00,44.0,1335.0,458
2024-12-24T13:00,16.6,16.6,0.00,48.0,1129.0,457
2024-12-24T14:00,12.8,12.8,0.00,54.0,735.0,453
2024-12-24T15:00,10.9,10.8,0.00,57.0,435.0,451
2024-12-24T16:00,9.4,9.3,0.00,57.0,356.0,452
2024-12-24T17:00,8.2,8.2,0.00,54.0,372.0,453
2024-12-24T18:00,7.7,7.6,0.00,52.0,391.0,455
2024-12-24T19:00,7.5,7.4,0.00,51.0,375.0,456
2024-12-24T20:00,7.3,7.3,0.00,50.0,364.0,457
2024-12-24T21:00,6.9,6.9,0.00,48.0,380.0,458
2024-12-24T22:00,6.9,6.9,0.00,45.0,458.0,459
2024-12-24T23:00,7.7,7.7,0.00,42.0,564.0,460
2024-12-25T00:00,13.0,12.9,0.15,41.0,623.0,460
2024-12-25T01:00,14.8,14.7,1.15,48.0,588.0,458
2024-12-25T02:00,15.4,15.3,3.35,58.0,506.0,454
2024-12-25T03:00,13.6,13.5,5.30,70.0,439.0,451
2024-12-25T04:00,12.6,12.5,8.05,87.0,409.0,449
2024-12-25T05:00,12.1,12.0,8.75,105.0,394.0,448
2024-12-25T06:00,11.4,11.3,6.40,114.0,386.0,447
2024-12-25T07:00,9.5,9.5,1.80,108.0,374.0,446
2024-12-25T08:00,14.3,14.1,1.15,93.0,369.0,445
2024-12-25T09:00,16.2,16.1,0.45,76.0,398.0,445
2024-12-25T10:00,19.2,19.0,0.05,57.0,495.0,446
2024-12-25T11:00,24.2,24.0,0.00,35.0,626.0,447
2024-12-25T12:00,17.2,17.1,0.00,47.0,713.0,449
2024-12-25T13:00,17.6,17.5,0.00,43.0,714.0,451
2024-12-25T14:00,17.8,17.8,0.00,36.0,671.0,452
2024-12-25T15:00,19.3,19.3,0.00,30.0,630.0,454
2024-12-25T16:00,21.5,21.5,0.00,24.0,603.0,456
2024-12-25T17:00,23.0,23.0,0.00,18.0,577.0,458
2024-12-25T18:00,23.6,23.6,0.00,13.0,560.0,461
2024-12-25T19:00,22.6,22.4,0.00,10.0,529.0,465
2024-12-25T20:00,21.4,21.2,0.00,9.0,507.0,470
2024-12-25T21:00,21.5,21.3,0.00,9.0,565.0,474
2024-12-25T22:00,21.9,21.7,0.00,8.0,800.0,479
2024-12-25T23:00,21.9,21.7,0.00,8.0,1116.0,484
2024-12-26T00:00,27.8,27.2,0.35,14.0,1293.0,485
2024-12-26T01:00,25.7,24.7,1.50,32.0,1210.0,479
2024-12-26T02:00,21.8,20.5,3.45,57.0,988.0,470
2024-12-26T03:00,15.0,13.8,5.00,76.0,776.0,461
2024-12-26T04:00,10.0,9.0,6.50,85.0,608.0,455
2024-12-26T05:00,8.4,7.4,6.40,88.0,451.0,449
2024-12-26T06:00,7.9,6.9,5.95,90.0,350.0,445
2024-12-26T07:00,8.6,7.4,4.85,91.0,291.0,442
2024-12-26T08:00,9.3,8.2,2.65,91.0,288.0,442
2024-12-26T09:00,9.6,8.4,0.90,86.0,434.0,443
2024-12-26T10:00,11.6,10.6,0.10,73.0,877.0,449
2024-12-26T11:00,16.2,15.1,0.00,55.0,1469.0,456
2024-12-26T12:00,21.2,19.8,0.00,39.0,1854.0,463
2024-12-26T13:00,22.6,21.5,0.00,32.0,1846.0,467
2024-12-26T14:00,25.5,24.6,0.00,21.0,1631.0,469
2024-12-26T15:00,31.2,30.3,0.00,13.0,1408.0,470
2024-12-26T16:00,36.4,35.4,0.00,9.0,1214.0,469
2024-12-26T17:00,34.7,33.8,0.00,6.0,1012.0,467
2024-12-26T18:00,28.6,27.6,0.00,6.0,896.0,470
2024-12-26T19:00,22.3,21.4,0.00,8.0,941.0,482
2024-12-26T20:00,19.8,19.0,0.00,12.0,1073.0,498
2024-12-26T21:00,18.9,18.0,0.00,15.0,1158.0,509
2024-12-26T22:00,20.4,19.4,0.00,13.0,1147.0,510
2024-12-26T23:00,24.1,23.2,0.00,10.0,1090.0,506
2024-12-27T00:00,38.6,37.3,0.35,16.0,1005.0,499
2024-12-27T01:00,34.9,32.9,1.55,30.0,881.0,489
2024-12-27T02:00,30.4,28.2,3.15,51.0,729.0,476
2024-12-27T03:00,26.0,23.9,4.95,68.0,601.0,465
2024-12-27T04:00,23.5,21.4,7.30,81.0,501.0,458
2024-12-27T05:00,22.4,20.1,7.60,91.0,425.0,454
2024-12-27T06:00,16.6,14.8,2.85,94.0,418.0,451
2024-12-27T07:00,16.5,14.7,2.95,86.0,501.0,451
2024-12-27T08:00,16.2,14.2,0.80,72.0,654.0,453
2024-12-27T09:00,18.2,16.5,0.35,57.0,857.0,455
2024-12-27T10:00,23.3,21.4,0.10,43.0,1148.0,458
2024-12-27T11:00,30.2,28.1,0.00,28.0,1489.0,461
2024-12-27T12:00,19.3,18.2,0.00,33.0,1751.0,464
2024-12-27T13:00,21.0,20.0,0.00,31.0,1898.0,468
2024-12-27T14:00,23.9,22.9,0.00,28.0,1966.0,472
2024-12-27T15:00,24.6,23.7,0.00,25.0,1936.0,476
2024-12-27T16:00,24.8,23.9,0.00,20.0,1763.0,479
2024-12-27T17:00,26.1,25.1,0.00,15.0,1492.0,482
2024-12-27T18:00,27.0,25.9,0.00,11.0,1243.0,484
2024-12-27T19:00,30.6,29.5,0.00,9.0,1017.0,484
2024-12-27T20:00,33.9,32.7,0.00,7.0,813.0,484
2024-12-27T21:00,35.3,34.0,0.00,7.0,740.0,485
2024-12-27T22:00,36.8,35.5,0.00,7.0,935.0,492
2024-12-27T23:00,39.2,37.8,0.00,8.0,1263.0,501
2024-12-28T00:00,55.3,53.6,0.25,9.0,1426.0,503
2024-12-28T01:00,47.0,44.9,1.25,19.0,1248.0,493
2024-12-28T02:00,40.7,38.2,3.10,34.0,906.0,476
2024-12-28T03:00,32.4,30.0,5.05,49.0,630.0,462
2024-12-28T04:00,23.7,22.3,6.75,66.0,503.0,456
2024-12-28T05:00,18.3,17.8,7.05,84.0,443.0,453
2024-12-28T06:00,16.7,16.2,6.10,95.0,434.0,452
2024-12-28T07:00,15.9,15.4,2.60,96.0,467.0,451
2024-12-28T08:00,18.2,17.6,1.05,91.0,552.0,451
2024-12-28T09:00,19.3,18.7,0.45,83.0,695.0,452
2024-12-28T10:00,18.6,17.4,0.05,71.0,935.0,455
2024-12-28T11:00,18.9,17.6,0.00,55.0,1235.0,459
2024-12-28T12:00,28.2,27.1,0.00,32.0,1489.0,464
2024-12-28T13:00,40.0,38.4,0.00,25.0,1702.0,470
2024-12-28T14:00,48.4,46.6,0.00,15.0,1871.0,476
2024-12-28T15:00,52.6,50.6,0.00,8.0,1879.0,480
2024-12-28T16:00,49.7,48.1,0.00,8.0,1607.0,478
2024-12-28T17:00,52.4,50.8,0.00,12.0,1174.0,474
2024-12-28T18:00,54.0,52.0,0.00,15.0,824.0,471
2024-12-28T19:00,50.5,49.0,0.00,16.0,636.0,470
2024-12-28T20:00,46.1,45.4,0.00,15.0,532.0,471
2024-12-28T21:00,45.2,44.7,0.00,16.0,516.0,472
2024-12-28T22:00,43.4,43.2,0.00,16.0,646.0,474
2024-12-28T23:00,42.3,41.9,0.00,17.0,865.0,476
2024-12-29T00:00,44.7,43.7,0.35,22.0,1005.0,476
2024-12-29T01:00,38.6,38.4,1.50,36.0,985.0,474
2024-12-29T02:00,31.3,31.0,3.80,56.0,886.0,471
2024-12-29T03:00,23.0,22.6,6.40,75.0,786.0,467
2024-12-29T04:00,18.9,18.5,8.25,91.0,702.0,462
2024-12-29T05:00,18.0,17.6,8.45,105.0,616.0,457
2024-12-29T06:00,17.8,17.3,6.70,115.0,560.0,453
2024-12-29T07:00,17.3,16.9,3.95,119.0,539.0,451
2024-12-29T08:00,17.1,16.7,2.00,117.0,546.0,450
2024-12-29T09:00,18.3,17.9,0.80,110.0,592.0,450
2024-12-29T10:00,25.9,25.6,0.10,94.0,713.0,452
2024-12-29T11:00,32.6,32.1,0.00,73.0,872.0,454
2024-12-29T12:00,38.5,37.3,0.00,45.0,972.0,456
2024-12-29T13:00,36.3,34.2,0.00,41.0,958.0,456
2024-12-29T14:00,32.8,30.9,0.00,36.0,885.0,456
2024-12-29T15:00,35.2,32.7,0.00,30.0,816.0,457
2024-12-29T16:00,43.9,41.3,0.00,24.0,775.0,460
2024-12-29T17:00,52.5,49.9,0.00,17.0,739.0,463
2024-12-29T18:00,57.3,54.9,0.00,12.0,704.0,467
2024-12-29T19:00,60.5,58.2,0.00,10.0,644.0,470
2024-12-29T20:00,57.4,55.8,0.00,10.0,584.0,473
2024-12-29T21:00,54.6,53.4,0.00,11.0,597.0,475
2024-12-29T22:00,51.8,50.9,0.00,10.0,754.0,477
2024-12-29T23:00,49.7,49.0,0.00,9.0,982.0,479
2024-12-30T00:00,56.2,54.8,0.35,16.0,1138.0,479
2024-12-30T01:00,49.8,48.3,1.50,29.0,1160.0,476
2024-12-30T02:00,45.3,42.8,3.65,48.0,1109.0,472
2024-12-30T03:00,38.9,36.9,6.15,70.0,1025.0,467
2024-12-30T04:00,34.6,33.6,7.80,97.0,894.0,462
2024-12-30T05:00,31.8,31.0,7.65,126.0,729.0,457
2024-12-30T06:00,31.0,30.3,6.00,147.0,607.0,453
2024-12-30T07:00,30.6,30.0,3.25,156.0,533.0,450
2024-12-30T08:00,30.3,29.7,1.80,156.0,503.0,448
2024-12-30T09:00,30.6,30.2,0.65,145.0,577.0,448
2024-12-30T10:00,35.4,35.0,0.10,117.0,830.0,450
2024-12-30T11:00,48.5,48.2,0.00,78.0,1188.0,454
2024-12-30T12:00,63.8,63.1,0.00,49.0,1492.0,460
2024-12-30T13:00,83.6,82.9,0.00,42.0,1689.0,471
2024-12-30T14:00,96.2,95.2,0.00,32.0,1832.0,485
2024-12-30T15:00,95.9,95.2,0.00,26.0,1925.0,496
2024-12-30T16:00,88.2,87.3,0.00,27.0,1974.0,502
2024-12-30T17:00,79.6,78.0,0.00,32.0,1974.0,506
2024-12-30T18:00,73.3,71.2,0.00,35.0,1912.0,508
2024-12-30T19:00,68.2,64.7,0.00,36.0,1760.0,511
2024-12-30T20:00,67.1,63.1,0.00,36.0,1546.0,513
2024-12-30T21:00,54.8,52.3,0.00,34.0,1344.0,511
2024-12-30T22:00,54.4,51.2,0.00,27.0,1165.0,501
2024-12-30T23:00,54.4,50.6,0.00,18.0,998.0,486
2024-12-31T00:00,50.1,49.4,0.15,15.0,877.0,474
2024-12-31T01:00,45.3,44.7,0.60,23.0,845.0,469
2024-12-31T02:00,36.9,36.4,2.00,34.0,859.0,466
2024-12-31T03:00,30.4,29.9,3.30,46.0,831.0,463
2024-12-31T04:00,26.8,26.3,4.10,61.0,692.0,457
2024-12-31T05:00,25.1,24.7,5.95,77.0,510.0,451
2024-12-31T06:00,23.9,23.4,4.95,89.0,402.0,446
2024-12-31T07:00,23.1,22.6,4.10,94.0,433.0,444
2024-12-31T08:00,20.4,20.0,2.45,95.0,537.0,444
2024-12-31T09:00,16.1,15.9,0.80,89.0,633.0,445
2024-12-31T10:00,15.4,15.1,0.10,71.0,703.0,446
2024-12-31T11:00,19.8,18.9,0.00,47.0,765.0,448
2024-12-31T12:00,26.1,25.3,0.00,26.0,787.0,450
2024-12-31T13:00,25.8,25.3,0.00,25.0,744.0,451
2024-12-31T14:00,24.2,23.9,0.00,23.0,663.0,453
2024-12-31T15:00,27.9,27.4,0.00,21.0,588.0,454
2024-12-31T16:00,29.7,29.0,0.00,20.0,536.0,455
2024-12-31T17:00,32.2,31.4,0.00,18.0,490.0,456
2024-12-31T18:00,34.8,34.1,0.00,17.0,453.0,457
2024-12-31T19:00,35.3,34.3,0.00,16.0,411.0,458
2024-12-31T20:00,34.5,33.5,0.00,15.0,377.0,459
2024-12-31T21:00,31.9,31.1,0.00,15.0,391.0,460
2024-12-31T22:00,29.0,28.5,0.00,14.0,495.0,462
2024-12-31T23:00,27.6,27.2,0.00,14.0,646.0,464
